batter,matches,innings,runs,balls,batting_average,strike_rate,fours,sixes,boundary_pct,balls_per_boundary,dot_ball_pct,HS,fifties,hundreds,orange_cap_count,orange_cap_seasons,powerplay_sr,middle_overs_sr,death_overs_sr,chasing_sr,defending_sr,opener_sr,middle_order_sr,finisher_sr,best_venue_by_runs,best_venue_runs,best_venue_sr,player_impact_index,consistency_index,pressure_performance_rating,accel_mid_minus_pp,accel_death_minus_mid,top_dismissal_kind,top_dismissal_count
V Kohli,259,261,8652,6505,39.50684931506849,133.0053804765565,773,291,55.91770688858067,6.113721804511278,32.95926210607225,113,62,8,2,"2016, 2024",126.1308562197092,124.8295102293862,187.0485678704857,134.5892735913102,131.6942961506041,139.2767732962448,124.0946045824095,140.6862745098039,M Chinnaswamy Stadium,1865,135.932944606414,40.0030343097365,54.86951729945232,70.476091825286,-1.301345990322972,62.21905764109944,caught,149
RG Sharma,266,267,7004,5317,29.55274261603375,131.7284182809855,636,300,62.02170188463735,5.680555555555555,37.82208012036863,109,46,2,0,,124.4619422572178,121.2427184466019,180.5256869772999,127.2187004754358,135.8037952022914,133.3050847457627,130.7875084860828,45.45454545454545,Wankhede Stadium,1726,133.6948102246321,32.57315131881062,52.21329522172707,69.11085693272088,-3.219223810615901,59.28296853069793,caught,168
S Dhawan,221,222,6736,5304,34.90155440414508,126.9984917043741,763,152,58.8479809976247,5.79672131147541,37.14177978883861,106,49,2,0,,122.6632984482136,126.4775413711584,158.3732057416268,126.4876957494407,127.3704789833822,127.9619894864537,111.5151515151515,139.2857142857143,"Rajiv Gandhi International Stadium, Uppal",1137,121.9957081545064,35.61544816811488,54.53032075472272,47.87460918178397,3.814242922944757,31.89566437046841,caught,112
DA Warner,184,187,6537,4680,39.85975609756098,139.6794871794872,661,233,61.83264494416399,5.23489932885906,36.6025641025641,126,62,4,3,"2015, 2017, 2019",138.2168271243198,134.4507478081485,178.4090909090909,142.034632034632,137.3839662447257,140.6167822137222,131.7907444668008,,"Rajiv Gandhi International Stadium, Uppal",1152,161.7977528089888,45.98684294229293,54.76316518139332,67.91029139269688,-3.766079316171272,43.95834310094239,caught,105
SK Raina,200,201,5513,4025,32.23976608187134,136.9689440993789,504,203,58.66134590966806,5.693069306930693,33.14285714285715,100,39,1,0,,133.1330472103004,131.4236853356135,170.4414587332054,138.4248210023866,135.9301830566198,,137.0305894056205,75.0,"MA Chidambaram Stadium, Chepauk",1293,138.1410256410256,34.68035994641564,54.28367059883679,69.85588375307881,-1.70936187468692,39.01777339759187,caught,116
MS Dhoni,241,241,5409,3935,38.09154929577465,137.4587039390089,375,261,56.68330560177482,6.187106918238993,33.72299872935197,79,23,0,0,,81.94444444444444,100.5268703898841,175.1653944020356,135.369400814427,139.0794223826715,,141.0538286580743,130.1464919043948,"MA Chidambaram Stadium, Chepauk",1142,142.9286608260325,28.11893602120322,55.67735498684613,80.68637240186548,18.58242594543965,74.63852401215152,caught,98
KL Rahul,135,138,5226,3836,45.44347826086957,136.2356621480709,453,207,58.43857634902411,5.812121212121212,33.42022940563086,132,40,5,0,,127.0098322729902,134.0672782874618,177.5423728813559,137.8787878787879,134.7082494969819,138.3051907442151,125.4838709677419,138.8888888888889,Dubai International Cricket Stadium,612,146.4114832535885,47.57186567242443,55.97644457471427,65.26886592449979,7.057446014471594,43.47509459389417,caught,81
AB de Villiers,170,172,5148,3400,39.6,151.4117647058823,412,250,61.14996114996115,5.13595166163142,30.55882352941176,132,39,3,0,,120.6840390879479,131.3234542667348,221.5922798552473,137.603305785124,161.7043121149897,193.3333333333333,151.1224184375935,159.0909090909091,M Chinnaswamy Stadium,1390,155.6550951847704,42.49842239174345,52.34652185913749,73.08316551782312,10.6394151787869,90.2688255885125,caught,78
AM Rahane,183,183,5030,4021,30.48484848484848,125.0932603829893,515,123,55.62624254473161,6.302507836990595,36.3839840835613,105,33,2,0,,122.7076332213154,121.5831787260359,158.2554517133956,121.7042606516291,128.4304047384008,122.1080543586344,135.4166666666667,104.5454545454545,Sawai Mansingh Stadium,1100,122.4944320712695,31.13048611588897,53.38264116445229,61.01690136680963,-1.124454495279537,36.67227298735978,caught,104
CH Gayle,141,145,4956,3331,39.33333333333334,148.7841489042329,407,354,75.70621468926554,4.377135348226019,43.89072350645452,171,31,6,2,"2011, 2012",135.3340883352208,155.875486381323,201.0714285714286,143.3173406442769,153.0448717948718,151.2005410889415,129.6791443850267,,M Chinnaswamy Stadium,1511,158.3857442348008,52.00443340050506,51.17971785796587,60.97178026524938,20.54139804610213,45.19594219010563,caught,82
RV Uthappa,197,198,4942,3784,27.45555555555556,130.6025369978858,480,182,60.94698502630514,5.716012084592145,38.6892177589852,88,27,0,1,2014,124.5098039215686,128.2121377802078,174.922600619195,134.7473784556721,125.4448398576512,130.702263493906,130.8516063233044,124.0,Eden Gardens,1157,130.4396843291995,30.52216152840547,54.14016300509108,62.444294820795,3.702333858639136,46.71046283898727,caught,124
KD Karthik,233,235,4824,3570,26.21739130434782,135.1260504201681,462,161,58.33333333333334,5.730337078651686,34.14565826330532,97,22,0,0,,98.0246913580247,122.2757955641273,173.327222731439,132.258064516129,137.4057315233786,33.33333333333334,127.5836704670835,159.6698113207547,Eden Gardens,583,140.4819277108434,25.54492061647365,52.38407118395396,64.78503241897299,24.2511042061026,51.05142716731174,caught,118
F du Plessis,147,147,4763,3506,35.02205882352941,135.8528237307473,439,174,58.78647910980474,5.719412724306689,34.11294922989161,96,39,0,1,2021,136.2874251497006,126.149802890933,180.5732484076433,137.4149659863945,134.5156167284277,137.5818119187048,126.2886597938144,161.9047619047619,"M Chinnaswamy Stadium, Bengaluru",561,168.4684684684685,40.67274622351707,56.30349615458024,76.46532018842275,-10.13762225876761,54.42344551671033,caught,97
SV Samson,171,171,4696,3368,30.69281045751634,139.4299287410926,379,219,60.26405451448041,5.632107023411371,34.41211401425178,118,26,3,0,,124.1007194244604,137.1552190373175,191.6461916461917,136.4879649890591,142.9220779220779,137.9188712522046,140.4647731464404,117.7777777777778,"Sawai Mansingh Stadium, Jaipur",425,146.0481099656357,35.7054202944319,52.66733192659559,78.05000869088053,13.05449961285703,54.49097260887419,caught,105
AT Rayudu,185,185,4325,3391,27.90322580645161,127.5434974933648,358,171,56.83236994219653,6.410207939508506,34.94544382188145,100,22,1,0,,106.043956043956,120.9030948756976,169.0751445086705,123.1762065095398,132.3803604723431,132.2085889570552,124.3731563421829,147.5920679886686,Wankhede Stadium,821,125.3435114503817,27.20166916497578,53.12706569916234,67.79673135592758,14.85913883174157,48.1720496329729,caught,92
SA Yadav,151,152,4292,2889,34.61290322580645,148.5635167878158,452,167,65.47064305684995,4.667205169628433,33.85254413291796,103,29,2,0,,140.1197604790419,143.8983050847458,179.3791574279379,153.7528430629265,144.203821656051,135.6923076923077,152.4427150886295,129.4820717131474,"Wankhede Stadium, Mumbai",885,187.1035940803383,40.39288949097089,54.6314858555134,75.90767517945804,3.778544605703843,35.48085234319214,caught,95
G Gambhir,151,151,4197,3394,30.86029411764706,123.6593989393047,490,58,54.99166071003098,6.193430656934306,36.3877430760165,93,36,0,0,,121.5896885069817,123.6080178173719,144.8648648648649,119.6865817825661,129.6597633136095,124.6346555323591,118.5328185328185,50.0,Eden Gardens,1396,126.9090909090909,30.99186640542964,53.57135511828983,27.92543962143639,2.0183293103902,21.25684704749293,caught,80
JC Buttler,119,120,4097,2749,39.39423076923077,149.0360130956712,406,183,66.43885770075666,4.66723259762309,36.485994907239,118,24,7,1,2022,140.1332223147377,143.5593220338983,195.6521739130435,155.5223880597015,142.8672817601135,149.1,148.3870967741935,158.3333333333333,"Narendra Modi Stadium, Ahmedabad",473,158.7248322147651,49.28889453048966,52.47990446969753,67.24124854482044,3.42609971916059,52.09285187914517,caught,60
MK Pandey,160,162,3932,3239,29.12592592592593,121.395492435937,338,115,51.93285859613428,7.150110375275938,35.84439641864773,114,22,1,0,,114.2424242424242,117.6668536174986,150.8583690987124,118.6127167630058,124.5858184227965,117.9447852760736,122.2087867795244,123.5849056603774,Eden Gardens,590,120.162932790224,26.03855396934038,52.07530218845414,65.74835327719903,3.424429375074354,33.19151548121384,caught,79
SR Watson,141,143,3864,2801,30.66666666666667,137.9507318814709,374,190,68.21946169772256,4.966312056737588,41.55658693323813,117,21,4,0,,112.8878281622912,153.3794162826421,185.1239669421488,141.1227154046997,134.1213553979511,133.5642317380353,144.6577629382304,66.66666666666667,Sawai Mansingh Stadium,865,139.7415185783522,36.48545567557557,50.35114092082553,63.31118484721696,40.49158812035093,31.74455065950667,caught,70
Shubman Gill,114,114,3854,2774,39.32653061224489,138.9329488103821,370,119,56.92786715101194,5.67280163599182,31.18240807498197,128,26,4,1,2023,130.7515337423313,143.5875943000838,157.4007220216606,132.9068941009239,145.1353328456474,140.0,122.9508196721311,127.027027027027,"Narendra Modi Stadium, Ahmedabad",1156,162.1318373071529,42.89316727895675,53.5105159658113,66.53070318818648,12.83606055775255,13.81312772157682,caught,63
SS Iyer,131,132,3726,2792,33.87272727272727,133.4527220630372,314,152,58.1857219538379,5.991416309012876,34.13323782234957,97,27,0,0,,112.2260668973472,134.0836012861736,180.5405405405405,133.852140077821,133.1121433311214,121.5538847117794,135.7142857142857,111.1111111111111,Arun Jaitley Stadium,495,127.2493573264781,34.67064674057092,53.75423729390486,66.56009960083514,21.85753438882645,46.45693925436692,caught,78
RR Pant,123,126,3550,2407,34.13461538461539,147.4864977149979,320,169,64.61971830985915,4.922290388548057,34.06730369754882,128,19,2,0,,122.5626740947075,136.3110539845758,201.0162601626016,144.9050086355786,149.8799039231385,132.6923076923077,149.3991989319092,98.21428571428571,Arun Jaitley Stadium,484,158.1699346405229,39.80544333083519,52.69173017980761,68.11343019666772,13.74837988986832,64.7052061780258,caught,74
KA Pollard,168,172,3411,2315,28.1900826446281,147.3434125269978,220,221,64.67311638815596,5.249433106575964,36.37149028077754,87,16,0,0,,108.1632653061225,124.4935543278085,170.0,150.8325171400588,144.5904173106646,192.3076923076923,141.6376306620209,152.5129982668977,Wankhede Stadium,1187,155.5701179554391,27.99035345448374,52.23320218208472,75.89957635844448,16.33028902168601,45.50644567219153,caught,86
Q de Kock,115,116,3304,2465,30.31192660550459,134.0365111561866,325,133,63.49878934624697,5.382096069868996,38.74239350912779,140,24,2,0,,130.6910569105691,131.489841986456,203.8834951456311,133.7078651685393,134.3724364232978,134.0365111561866,,,Wankhede Stadium,294,136.7441860465116,36.31920979649122,51.58358704590224,62.13857941048687,0.7987850758868831,72.39365315917507,caught,78
RA Jadeja,194,194,3243,2489,27.71794871794872,130.2932904781036,240,116,51.06382978723404,6.991573033707865,31.61912414624347,77,5,0,0,,119.5402298850575,110.7705053852527,150.7949790794979,131.1051693404634,129.6269202633504,,132.1618743343983,129.1612903225806,"MA Chidambaram Stadium, Chepauk, Chennai",239,116.0194174757282,19.12921873275035,56.03610567826139,71.26413479377011,-8.76972449980478,40.02447369424523,caught,75
YK Pathan,153,154,3210,2233,29.18181818181818,143.7527989252127,263,161,62.86604361370716,5.266509433962264,34.97536945812808,100,13,1,0,,148.1481481481482,133.6166924265842,161.0632183908046,153.1983805668016,132.064128256513,170.9302325581395,145.2959501557633,134.8708487084871,Eden Gardens,859,151.2323943661972,28.38833219389108,51.81785687932316,75.71670223946438,-14.53145572156393,27.44652596422037,caught,76
DA Miller,133,134,3062,2212,35.19540229885057,138.4267631103074,218,137,55.32331809274984,6.230985915492957,31.05786618444846,100,13,1,0,,89.0909090909091,122.2734254992319,171.5,141.9642857142857,133.9795918367347,0.0,141.3297872340426,122.3564954682779,"Punjab Cricket Association Stadium, Mohali",415,155.4307116104869,28.58045549519359,53.0883408416186,80.06890237302936,33.18251640832285,49.22657450076805,caught,54
Ishan Kishan,112,112,2989,2169,29.01941747572815,137.8054402950669,287,134,65.3061224489796,5.152019002375297,37.94375288151222,106,16,1,0,,133.7011033099298,132.1827411167513,189.3048128342246,139.8320895522388,135.8249772105743,141.9407894736842,132.2435174746336,136.3636363636364,"Wankhede Stadium, Mumbai",499,148.0712166172107,35.37280808179599,52.79336336448697,64.22498317523451,-1.518362193178518,57.12207171747335,caught,78
WP Saha,143,143,2929,2296,24.20661157024793,127.5696864111498,295,87,58.10856947763742,6.010471204188482,37.67421602787456,115,13,1,0,,132.5358851674641,109.9109131403118,157.7903682719547,125.4254254254254,129.2212798766384,127.5689223057644,128.3621837549933,125.8620689655172,Eden Gardens,279,129.7674418604651,24.02731359407351,50.31446934437417,55.96584969128006,-22.6249720271523,47.87945513164286,caught,73
BB McCullum,109,111,2857,2176,27.47115384615385,131.2959558823529,290,128,67.48337416870844,5.205741626794258,43.10661764705883,158,14,1,0,,127.1158586688579,131.1342592592593,186.3157894736842,131.9644839067703,130.8235294117647,132.703488372093,107.6190476190476,71.42857142857143,Eden Gardens,394,125.0793650793651,32.92965739116557,49.28594472343097,46.34729587235075,4.018400590401413,55.18153021442495,caught,62
PA Patel,136,136,2841,2350,22.54761904761905,120.8936170212766,364,49,61.59802886307638,5.690072639225182,42.25531914893617,81,13,0,0,,121.7168481742473,117.8272980501393,133.8028169014084,120.8645054031588,120.924149956408,121.1315280464217,122.0408163265306,100.0,Wankhede Stadium,518,127.5862068965517,23.73468874150196,53.95351522510165,51.07732282492509,-3.889550124107998,15.97551885126917,caught,71
N Rana,112,112,2838,2079,27.55339805825243,136.5079365079365,259,140,66.10288935870331,5.210526315789473,39.2977392977393,87,20,0,0,,122.6890756302521,134.9320543565148,180.2575107296137,133.5924006908463,140.1737242128121,133.6391437308868,135.7311320754717,176.7857142857143,Eden Gardens,450,140.1869158878505,33.42817862618349,53.00451667946802,71.5691768864538,12.24297872626268,45.32545637309894,caught,80
GJ Maxwell,134,135,2812,1810,23.83050847457627,155.3591160220994,236,161,67.92318634423897,4.55919395465995,35.80110497237569,95,18,0,0,,140.1294498381877,152.7085124677558,178.4023668639053,158.58310626703,153.1598513011153,120.7547169811321,158.8410991636798,107.2289156626506,"M Chinnaswamy Stadium, Bengaluru",315,186.3905325443787,31.61463149946753,47.12862763238383,71.81690216086848,12.57906262956811,25.6938543961495,caught,76
MA Agarwal,125,126,2746,2053,22.88333333333333,133.7554797856795,272,100,61.47123088128186,5.518817204301075,37.35996103263517,106,13,1,0,,121.9130434782609,139.8207426376441,206.5573770491803,136.2101313320825,131.1043566362715,133.5365853658537,132.4267782426778,143.4343434343434,Dubai International Cricket Stadium,318,144.5454545454545,27.37960787119682,50.24530653039255,65.48093185016846,17.90769915938318,66.73663441153627,caught,84
HH Pandya,140,143,2745,1866,28.01020408163265,147.1061093247588,206,150,62.80510018214936,5.241573033707865,33.22615219721329,91,10,0,0,,97.67441860465117,133.679354094579,171.4631197097944,145.6962025316456,148.1412639405204,180.0,137.3160173160173,162.8895184135977,Wankhede Stadium,476,155.0488599348534,26.74134757580969,52.13146953798083,70.88936471010939,36.00493548992783,37.78376561521543,caught,78
Yuvraj Singh,126,127,2742,2115,24.7027027027027,129.645390070922,216,149,64.11378555798687,5.794520547945205,42.08037825059102,83,12,0,0,,103.7634408602151,115.3310104529617,180.9716599190283,120.3109815354713,138.4898710865562,150.0,130.952380952381,102.2900763358779,"Punjab Cricket Association Stadium, Mohali",326,159.0243902439024,26.7204472633043,54.24668893305223,55.41024285968462,11.56756959274662,65.64064946606665,caught,84
V Sehwag,104,104,2713,1740,27.4040404040404,155.9195402298851,333,105,72.31846664209363,3.972602739726027,37.35632183908046,122,16,2,0,,144.7080291970803,172.5040916530278,221.2121212121212,163.4062140391254,148.4500574052813,157.3349633251834,133.6538461538462,,Feroz Shah Kotla,929,166.786355475763,40.78569233961012,48.80905514258782,55.66122453603744,27.79606245594752,48.7080295590934,caught,70
AD Russell,114,115,2632,1508,27.70526315789474,174.5358090185676,184,222,78.57142857142857,3.714285714285714,39.6551724137931,88,12,0,0,,241.1764705882353,153.0638852672751,195.7182320441989,169.079939668175,178.8165680473373,133.3333333333333,181.2631578947368,171.5533980582524,Eden Gardens,699,202.0231213872832,41.50969886153435,52.84030328463129,80.83089320659975,-88.11258532096019,42.65434677692377,caught,59
M Vijay,105,105,2619,2147,25.93069306930693,121.9841639496972,247,91,58.57197403589156,6.35207100591716,43.12994876571961,127,13,2,0,,114.5560407569141,131.0541310541311,176.056338028169,113.4010152284264,129.2598967297762,122.5714285714286,75.60975609756098,233.3333333333333,"MA Chidambaram Stadium, Chepauk",864,137.1428571428571,28.06590931044848,50.83132299235658,41.63064347013339,16.49809029721695,45.00220697403796,caught,52
RD Gaikwad,70,70,2494,1811,40.2258064516129,137.7139701822198,230,95,59.74338412189254,5.572307692307692,34.34566537824406,108,20,2,0,,128.5252960172228,142.2131147540984,172.6666666666667,128.0052840158521,144.6869070208729,137.1617558628984,143.9189189189189,,"MA Chidambaram Stadium, Chepauk, Chennai",760,141.7910447761194,45.61364136346424,53.7922406323276,47.6034700434174,13.68781873687556,30.45355191256829,caught,50
SE Marsh,69,70,2473,1866,39.25396825396825,132.529474812433,267,77,61.86817630408411,5.424418604651163,37.13826366559486,113,20,1,0,,105.1841746248295,149.124613800206,156.7901234567901,137.3211963589077,129.1704649042844,131.0901749663526,133.4817453250223,,"Punjab Cricket Association Stadium, Mohali",804,127.2151898734177,44.10470793901155,55.23626909386984,72.70900551471776,43.9404391753765,7.665509656584163,caught,35
SPD Smith,93,95,2461,1931,34.18055555555556,127.4469186949767,222,58,50.2234863876473,6.896428571428571,31.17555670636976,101,10,1,0,,122.2222222222222,116.9569202566453,159.3896713615023,120.8065994500458,136.0714285714286,139.0243902439024,126.6881028938907,126.4822134387352,Maharashtra Cricket Association Stadium,469,141.2650602409639,28.85172853177205,55.76957611916224,62.32891205135261,-5.265301965576953,42.43275110485706,caught,45
JH Kallis,95,95,2419,2213,28.45882352941176,109.3086308178943,254,44,52.91442744935924,7.426174496644295,41.07546317216448,89,17,0,0,,105.6410256410256,98.51485148514851,172.8070175438596,107.2819033886085,112.7118644067797,110.8597285067873,106.9898534385569,,Eden Gardens,576,112.280701754386,24.75433809790543,53.2310467103094,48.12646641693125,-7.126174155877123,74.29216605871113,caught,60
DR Smith,88,88,2379,1755,28.32142857142857,135.5555555555555,244,117,70.5338377469525,4.861495844875346,44.84330484330484,86,17,0,0,,124.639175257732,148.5925925925926,151.8181818181818,148.0836236933798,123.489932885906,132.9378925331472,158.5858585858586,129.0322580645161,Wankhede Stadium,345,119.7916666666667,36.36275710494218,53.85395914743675,50.8303380691339,23.95341733486062,3.225589225589232,caught,48
SR Tendulkar,78,78,2331,1941,33.78260869565217,120.0927357032458,296,29,58.25825825825826,5.972307692307692,39.8248325605358,100,13,1,0,,116.6837256908905,116.7874396135266,164.7058823529412,117.9763186221744,122.0355731225296,119.8921832884097,124.4186046511628,,Wankhede Stadium,726,120.1986754966887,33.04526062794059,56.9119119690837,44.00812157432373,0.1037139226360893,47.91844273941462,caught,36
N Pooran,86,88,2288,1355,33.15942028985507,168.8560885608856,157,167,71.24125874125875,4.182098765432099,33.65313653136531,87,14,0,0,,155.6521739130435,167.0157068062827,175.0,175.0375939849624,162.8985507246377,0.0,171.0455764075067,159.8290598290598,"Bharat Ratna Shri Atal Bihari Vajpayee Ekana Cricket Stadium, Lucknow",405,140.625,43.75027919705151,53.06095390836301,86.47664408629014,11.36353289323927,7.984293193717264,caught,49
RA Tripathi,98,98,2268,1655,25.77272727272727,137.0392749244713,225,84,61.90476190476191,5.355987055016182,36.43504531722054,93,12,0,0,,138.002773925104,134.9044585987261,143.6241610738255,140.1937046004843,133.8962605548854,137.0786516853933,137.7521613832853,127.5,"Wankhede Stadium, Mumbai",214,148.6111111111111,29.87135384795101,51.82560083726669,54.07366310533955,-3.0983153263779,8.719702475099382,caught,63
R Dravid,82,82,2173,1878,28.22077922077922,115.7082002129926,269,28,57.24804417855499,6.323232323232324,41.5335463258786,75,11,0,0,,109.167671893848,114.8387096774194,168.0672268907563,118.7436676798379,112.3456790123457,110.5263157894737,117.2316384180791,157.5471698113207,Sawai Mansingh Stadium,735,119.7068403908795,28.04774643126568,57.59274845400007,61.20627233212481,5.67103778357135,53.22851721333694,caught,47
YBK Jaiswal,66,66,2154,1412,33.65625,152.5495750708215,258,91,73.25905292479109,4.045845272206304,39.30594900849859,118,15,2,0,,158.1018518518518,138.3399209486166,209.5238095238095,156.0700876095119,147.9608482871126,152.5495750708215,,,"Sawai Mansingh Stadium, Jaipur",609,160.6860158311346,50.20330400833521,54.03668807494667,63.01296483045545,-19.76193090323525,71.18388857519292,caught,44
KS Williamson,76,77,2128,1692,35.46666666666667,125.7683215130024,187,64,53.19548872180451,6.741035856573705,34.45626477541371,89,18,0,1,2018,100.625,126.7876200640342,166.1818181818182,118.2217343578485,134.5710627400768,109.5522388059701,129.6546546546546,136.0,Rajiv Gandhi International Stadium,292,134.5622119815668,30.97762928075388,54.14220971250067,63.62985233416305,26.16262006403416,39.39419811778403,caught,40
AJ Finch,90,91,2083,1626,24.79761904761905,128.1057810578106,214,77,63.27412385981757,5.587628865979381,42.00492004920049,88,15,0,0,,114.3037974683544,136.4741641337386,158.4269662921348,133.0634278002699,123.954802259887,123.0837789661319,137.6016260162602,208.3333333333333,Dubai International Cricket Stadium,243,125.2577319587629,27.85050870144315,51.03254654944669,56.01938830496805,22.17036666538418,21.95280215839622,caught,44
AC Gilchrist,80,80,2046,1483,26.92105263157895,137.9635873229939,234,92,72.72727272727273,4.549079754601227,45.38098449089683,109,10,2,0,,133.7231968810916,143.7647058823529,196.875,148.064085447263,127.6566757493188,137.9635873229939,,,Himachal Pradesh Cricket Association Stadium,290,148.7179487179487,35.46078657654042,51.43044884531344,51.83148720803838,10.04150900126132,53.11029411764707,caught,53
JP Duminy,75,75,2026,1631,39.72549019607843,124.2182709993869,126,79,48.27245804540967,7.95609756097561,31.63703249540159,78,14,0,0,,98.32635983263599,103.9954337899543,170.5426356589147,115.3198653198653,129.3153326904532,0.0,124.9511400651466,117.3913043478261,Feroz Shah Kotla,403,125.1552795031056,28.94291903189812,56.92441352215468,57.27769443052991,5.669073957318346,66.54720186896039,caught,30
MP Stoinis,99,99,2016,1392,28.0,144.8275862068965,156,106,62.5,5.312977099236641,34.19540229885057,116,9,1,0,,123.3333333333333,129.3154761904762,177.2916666666667,146.5,143.5606060606061,127.1739130434783,138.0753138075314,168.3139534883721,"Bharat Ratna Shri Atal Bihari Vajpayee Ekana Cricket Stadium, Lucknow",336,136.0323886639676,27.8778739129869,49.09419826555399,70.73325310326422,5.982142857142875,47.97619047619045,caught,49
MEK Hussey,58,58,1976,1610,38.74509803921568,122.7329192546584,198,52,55.87044534412956,6.44,37.63975155279503,116,15,1,1,2013,108.0939947780679,125.2824858757062,191.9117647058823,115.8813263525305,126.5188042430087,121.6160220994475,132.7160493827161,,"MA Chidambaram Stadium, Chepauk",848,125.8160237388724,37.92423523622001,53.90131517666173,28.79852858514348,17.18849109763833,66.62927883017613,caught,29
AR Patel,123,123,1906,1425,21.90804597701149,133.7543859649123,130,93,56.55823714585519,6.390134529147982,32.8421052631579,66,2,0,0,,112.6984126984127,118.809201623816,153.6115569823435,138.7240356083086,129.2942743009321,,136.25,133.0316742081448,"Arun Jaitley Stadium, Delhi",392,161.3168724279835,18.86517975006193,53.46176933793247,68.09360426350916,6.11078892540327,34.80235535852754,caught,54
PP Shaw,79,79,1890,1279,23.92405063291139,147.7716966379984,238,61,69.73544973544973,4.277591973244147,37.68569194683347,99,14,0,0,,146.6739367502726,151.0263929618768,142.8571428571429,149.512987012987,146.1538461538462,147.7716966379984,,,Arun Jaitley Stadium,364,143.3070866141732,34.91400391938576,50.7068233347453,57.56777466745079,4.35245621160422,-8.169250104733976,caught,54
S Dube,75,75,1844,1290,30.22950819672131,142.9457364341085,108,120,62.47288503253796,5.657894736842105,34.57364341085271,95,10,0,0,,80.0,135.9679266895762,166.9354838709677,127.3972602739726,155.8073654390935,,147.9651162790698,122.8682170542636,"MA Chidambaram Stadium, Chepauk, Chennai",494,155.3459119496855,33.22250758467047,55.6625614027167,57.00510422108808,55.96792668957616,30.96755718139158,caught,44
Abhishek Sharma,74,74,1808,1108,26.98507462686567,163.1768953068592,174,100,71.68141592920354,4.043795620437956,35.64981949458484,141,9,1,0,,160.5723370429253,168.5636856368564,160.0,167.8991596638655,157.6998050682261,165.6983240223464,166.3636363636364,137.8640776699029,"Rajiv Gandhi International Stadium, Uppal, Hyderabad",507,206.9387755102041,39.82900045242762,48.93627634432024,76.13408429070648,7.991348593931093,-8.563685636856377,caught,56
DPMD Jayawardene,78,79,1806,1462,28.21875,123.5294117647059,200,40,57.58582502768549,6.091666666666667,38.30369357045144,110,10,1,0,,121.9560878243513,113.2049518569464,158.974358974359,125.5702280912365,120.8267090620032,133.2826747720365,113.7305699481865,159.375,Feroz Shah Kotla,389,116.8168168168168,25.8844574696694,50.77814793156011,46.75173243997234,-8.751135967404949,45.76940711741263,caught,39
D Padikkal,74,74,1802,1425,25.38028169014084,126.4561403508772,192,56,61.26526082130965,5.745967741935484,39.64912280701754,101,11,1,0,,124.6987951807229,125.7142857142857,143.75,126.0223048327138,126.7192784667418,124.1717791411043,127.8056951423786,207.6923076923077,"Wankhede Stadium, Mumbai",327,145.9821428571429,28.88823972644438,52.91647661956966,36.33312275545612,1.015490533562811,18.03571428571429,caught,44
SP Narine,118,118,1778,1067,17.6039603960396,166.6354264292409,189,116,81.66479190101238,3.498360655737705,45.0796626054358,109,7,1,0,,171.0879284649776,172.3636363636364,128.9256198347107,170.9876543209876,162.9948364888124,176.0240963855422,146.4285714285714,122.4,"Eden Gardens, Kolkata",359,160.9865470852018,26.5315097490276,42.43827490491318,57.9862874793285,1.275707898658737,-43.43801652892563,caught,63
B Sai Sudharsan,40,40,1777,1220,49.36111111111111,145.655737704918,182,52,58.52560495216657,5.213675213675214,28.44262295081967,108,12,2,1,2025,137.0901639344262,142.0967741935484,202.6785714285714,139.7306397306397,151.2779552715655,157.679180887372,134.5425867507886,,"Narendra Modi Stadium, Ahmedabad",960,157.6354679802956,59.70663197682234,62.20523422472359,65.59875547263056,5.006610259122141,60.58179723502303,caught,27
KH Pandya,114,114,1748,1323,21.58024691358025,132.1239606953893,151,65,56.8649885583524,6.125,36.73469387755102,86,2,0,0,,110.0,120.2233250620347,157.0469798657718,133.5016835016835,131.0013717421125,,126.6581632653061,140.0742115027829,Wankhede Stadium,343,137.7510040160643,18.47513813293083,49.33498930924449,53.31781595661009,10.22332506203475,36.82365480373707,caught,55
Mandeep Singh,97,97,1705,1385,20.79268292682927,123.1046931407942,176,38,54.66275659824047,6.47196261682243,37.76173285198556,77,6,0,0,,114.6739130434783,118.4257602862254,149.6350364963504,127.2727272727273,119.5448460508701,120.4195804195804,124.0654205607477,129.3388429752066,"Punjab Cricket Association Stadium, Mohali",274,119.6506550218341,19.45785049890601,50.42551128288859,61.11428904460497,3.751847242747132,31.20927621012495,caught,52
KK Nair,76,76,1689,1283,23.7887323943662,131.6445830085736,184,49,60.98283007696862,5.506437768240343,38.19173811379579,89,11,0,0,,128.4810126582279,123.0886850152905,177.4193548387097,135.7142857142857,127.36,143.0517711171662,124.2105263157895,167.2131147540984,Feroz Shah Kotla,386,133.5640138408305,27.39614237879431,50.90477790680395,54.94671892542961,-5.392327642937332,54.33066982341914,caught,42
MK Tiwary,83,83,1685,1444,28.5593220338983,116.6897506925208,154,40,50.80118694362018,7.443298969072165,36.70360110803324,74,7,0,0,,97.37991266375546,107.9404466501241,144.7432762836186,112.3422159887798,120.9302325581395,127.027027027027,111.4452798663325,148.5549132947977,Eden Gardens,511,111.0869565217391,20.77240433359082,53.30696882522988,53.14653728639708,10.56053398636861,36.8028296334945,caught,30
KC Sangakkara,68,68,1680,1385,25.84615384615385,121.2996389891697,195,26,55.71428571428572,6.266968325791855,37.18411552346571,94,10,0,0,,116.7785234899329,118.8888888888889,152.34375,116.7641325536062,123.9678899082569,134.8623853211009,120.141065830721,,"Punjab Cricket Association Stadium, Mohali",407,157.7519379844961,27.14403354572808,53.82200610153129,36.65642710901668,2.110365398956006,33.45486111111111,caught,40
JM Bairstow,52,52,1672,1142,34.83333333333334,146.4098073555166,173,74,67.94258373205741,4.623481781376518,38.70402802101576,114,9,2,0,,151.5248796147673,140.7327586206897,136.3636363636364,147.0262793914246,145.346062052506,149.7058823529412,118.8524590163934,,Rajiv Gandhi International Stadium,356,168.7203791469194,46.01103925343968,53.81530082621002,66.37110125631696,-10.79212099407761,-4.369122257053277,caught,29
R Parag,72,73,1565,1101,25.65573770491803,142.1435059037239,111,87,61.72523961661342,5.560606060606061,34.0599455040872,94,7,0,0,,139.5833333333333,132.1752265861027,162.0991253644315,145.8256029684601,138.6120996441281,0.0,151.673360107095,122.3796033994334,"Sawai Mansingh Stadium, Jaipur",356,157.5221238938053,28.66882253681079,49.95153606912716,64.53428011072671,-7.408106747230619,29.92389877832878,caught,42
DJ Bravo,110,110,1546,1196,22.40579710144927,129.2642140468227,119,65,56.01552393272962,6.5,37.79264214046822,70,5,0,0,,111.8181818181818,92.45614035087719,173.6434108527132,120.9342560553633,137.0550161812298,110.1449275362319,112.589928057554,147.8108581436077,"MA Chidambaram Stadium, Chepauk",263,132.8282828282828,16.47457631318833,48.35532545897274,54.28589050941155,-19.36204146730462,81.18727050183598,caught,44
NV Ojha,94,94,1543,1308,20.57333333333333,117.9663608562691,120,78,61.43875567077122,6.606060606060606,45.79510703363914,93,6,0,0,,102.7027027027027,120.5607476635514,138.3561643835616,116.3166397415186,119.4484760522496,126.3274336283186,110.9565217391304,118.8612099644128,"Rajiv Gandhi International Stadium, Uppal",332,132.2709163346614,18.17334868921846,48.11613865182278,49.8247227235683,17.85804496084869,17.79541672001024,caught,54
Tilak Varma,51,51,1490,1032,37.25,144.3798449612403,113,73,59.73154362416108,5.548387096774194,31.2984496124031,83,8,0,0,,123.9316239316239,136.1308677098151,183.0188679245283,146.815834767642,141.2416851441242,,143.516699410609,207.1428571428571,"Wankhede Stadium, Mumbai",428,125.8823529411765,39.2065388496339,60.27826847475921,71.49383000550391,12.19924377819115,46.88800021471323,caught,26
SS Tiwary,73,73,1489,1235,28.63461538461538,120.5668016194332,111,50,49.96642041638684,7.670807453416149,34.65587044534413,60,8,0,0,,105.6603773584906,113.7434554973822,144.8717948717949,109.2334494773519,130.4084720121029,115.0684931506849,120.6088992974239,123.8297872340426,Brabourne Stadium,249,139.8876404494382,21.44580207967553,54.76355529609499,49.95226284776775,8.083078138891636,31.12833937441266,caught,36
SO Hetmyer,78,79,1486,975,29.13725490196078,152.4102564102564,94,93,62.85329744279946,5.213903743315508,32.82051282051282,75,5,0,0,,108.1967213114754,128.1578947368421,174.7191011235955,163.4249471458774,142.0318725099602,115.3846153846154,146.2719298245614,158.8932806324111,"Narendra Modi Stadium, Ahmedabad",216,184.6153846153846,27.15743643362303,53.30955432923557,69.35640802013789,19.9611734253667,46.56120638675338,caught,39
DJ Hooda,101,102,1480,1167,17.41176470588235,126.8209083119109,96,61,50.67567567567568,7.43312101910828,33.16195372750643,62,8,0,0,,100.0,125.7267441860465,143.1746031746032,118.450184501845,134.08,71.42857142857143,124.3932038834951,133.9285714285714,"Wankhede Stadium, Mumbai",244,142.6900584795322,16.11490978701456,48.69660149473044,58.5997445586831,25.72674418604652,17.44785898855665,caught,52
H Klaasen,45,45,1471,863,39.75675675675676,170.4519119351101,98,89,62.95037389530931,4.614973262032086,23.98609501738123,104,7,2,0,,145.0,158.3650190114068,198.9169675090253,155.0314465408805,179.4495412844037,100.0,174.2081447963801,160.1036269430052,"Rajiv Gandhi International Stadium, Uppal, Hyderabad",612,183.2335329341317,52.8439134743543,56.84950339786218,64.29752031031411,13.36501901140684,40.55194849761844,caught,25
VR Iyer,56,56,1462,1068,29.83673469387755,136.8913857677903,136,64,63.47469220246238,5.34,38.38951310861423,104,12,1,0,,130.4157549234136,138.5796545105566,160.0,136.159169550173,137.7551020408163,122.1978021978022,149.8275862068965,112.1212121212121,"Eden Gardens, Kolkata",399,136.6438356164384,33.99196068265994,52.08950549835659,56.31786353948719,8.16389958714305,21.42034548944338,caught,35
S Badrinath,65,65,1438,1208,30.59574468085106,119.0397350993377,154,28,54.52016689847009,6.637362637362638,37.91390728476821,71,11,0,0,,77.11864406779661,120.0860832137733,152.3636363636364,117.9203539823009,119.7089947089947,108.9887640449438,119.062832800852,123.8888888888889,"MA Chidambaram Stadium, Chepauk",435,117.2506738544474,23.66642882168233,51.25137425694081,48.73978191810875,42.96743914597671,32.27755314986305,caught,31
AK Markram,55,55,1434,1062,31.17391304347826,135.0282485875706,111,56,54.39330543933055,6.359281437125748,29.94350282485876,68,10,0,0,,127.5261324041812,129.7971918876755,176.1194029850746,135.5731225296443,134.5323741007194,147.3154362416107,130.2356020942408,,"Bharat Ratna Shri Atal Bihari Vajpayee Ekana Cricket Stadium, Lucknow",252,153.6585365853659,31.62269236490021,57.70920094013726,54.63489037666808,2.271059483494312,46.32221109739913,caught,31
EJG Morgan,74,75,1406,1147,22.67741935483871,122.5806451612903,112,64,59.17496443812233,6.517045454545454,41.67393199651264,68,5,0,0,,91.66666666666667,111.3884555382215,164.3312101910828,119.0812720848056,125.9896729776248,123.4042553191489,121.8302094818082,126.7123287671233,Sheikh Zayed Stadium,210,117.3184357541899,21.26982906003784,51.69015571343012,50.65659401605047,19.72178887155486,52.94275465286125,caught,42
BJ Hodge,63,63,1399,1112,33.30952380952381,125.8093525179856,122,43,53.32380271622588,6.739393939393939,35.88129496402878,73,6,0,0,,91.35802469135803,110.9965635738832,164.4021739130435,132.0353982300885,119.3784277879342,107.9207920792079,124.3436754176611,143.3526011560694,Sawai Mansingh Stadium,303,138.3561643835616,24.91376937265414,53.67900721327474,63.63858714895554,19.63853888252514,53.4056103391603,caught,23
P Simran Singh,52,52,1348,884,26.43137254901961,152.4886877828054,141,70,72.99703264094956,4.18957345971564,40.15837104072398,103,7,1,0,,148.3704974271012,156.9767441860465,181.3953488372093,143.421052631579,159.3253968253968,156.1929595827901,134.0,94.11764705882354,"Himachal Pradesh Cricket Association Stadium, Dharamsala",200,162.6016260162602,39.79360319054926,51.33590370184442,51.63026644379489,8.606246758945304,24.41860465116278,caught,39
SC Ganguly,56,56,1343,1257,25.33962264150943,106.8416865552904,137,41,59.12137006701415,7.061797752808989,47.25536992840095,91,7,0,0,,102.321083172147,98.74608150470219,180.3921568627451,107.9861111111111,105.8737151248164,114.6875,98.45360824742268,102.8571428571429,Eden Gardens,532,119.8198198198198,23.71201438025481,50.90431227218037,48.9940661911201,-3.575001667444809,81.64607535804292,caught,37
CA Lynn,42,42,1317,941,33.76923076923077,139.9574920297556,131,65,69.40015186028853,4.801020408163265,41.12646121147715,93,10,0,0,,143.9478584729981,137.2972972972973,105.8823529411765,145.1546391752577,134.4298245614035,142.6248548199768,112.8571428571429,100.0,Eden Gardens,483,138.7931034482759,43.26385033400786,55.39735621817018,37.46943882846941,-6.650561175700858,-31.41494435612083,caught,21
DJ Hussey,61,61,1316,1070,26.85714285714286,122.9906542056075,89,60,54.40729483282675,7.181208053691275,37.10280373831776,71,5,0,0,,116.5217391304348,107.1625344352617,176.4192139737991,127.5711159737418,119.5758564437194,,124.7563352826511,81.81818181818181,"Punjab Cricket Association Stadium, Mohali",337,131.640625,23.82758733652821,54.01310869761702,59.35335818192578,-9.359204695173077,69.25667953853741,caught,32
MR Marsh,49,49,1292,902,27.48936170212766,143.2372505543237,104,75,67.02786377708978,5.039106145251397,38.13747228381375,117,9,1,0,,149.2795389048991,134.7619047619048,154.0740740740741,130.9333333333333,151.9924098671727,165.4320987654321,133.5384615384615,109.3023255813954,"Bharat Ratna Shri Atal Bihari Vajpayee Ekana Cricket Stadium, Lucknow",267,157.9881656804734,36.70557996373619,48.67990211032324,44.56372715648345,-14.51763414299438,19.31216931216932,caught,30
V Shankar,63,63,1227,947,26.1063829787234,129.5670538542767,87,48,51.83374083129584,7.014814814814815,32.1013727560718,68,7,0,0,,97.6923076923077,115.9135559921415,165.5844155844156,125.3012048192771,136.3387978142077,,127.1062271062271,145.3125,"MA Chidambaram Stadium, Chepauk, Chennai",173,123.5714285714286,22.28127871443484,53.36670745974305,58.13078457399567,18.22124829983376,49.67085959227413,caught,35
KM Jadhav,81,81,1191,969,22.05555555555556,122.9102167182663,100,40,53.73635600335852,6.921428571428572,35.19091847265222,69,4,0,0,,83.75,117.2131147540984,137.6558603491272,112.1856866537718,135.1769911504425,,122.791519434629,123.0769230769231,Feroz Shah Kotla,232,126.775956284153,16.14824888748739,50.20329725773905,55.44263724545923,33.46311475409836,20.44274559502882,caught,30
MM Ali,59,59,1165,831,21.9811320754717,140.1925391095066,95,67,67.12446351931331,5.12962962962963,39.10950661853189,93,6,0,0,,121.9895287958115,135.3305785123967,177.5641025641026,119.7080291970803,150.2692998204668,86.36363636363636,137.7279102384292,170.8333333333333,"Wankhede Stadium, Mumbai",154,145.2830188679245,26.91041535145082,49.57545123221781,45.19261717830957,13.34104971658518,42.23352405170587,caught,34
IK Pathan,82,83,1149,947,21.67924528301887,121.3305174234424,88,38,50.4786771105309,7.515873015873016,35.48046462513199,60,1,0,0,,133.3333333333333,90.38901601830663,150.1133786848073,125.6959314775161,117.0833333333333,109.6153846153846,134.8017621145374,117.6646706586826,Feroz Shah Kotla,193,107.2222222222222,14.68705386557098,52.73551108406774,58.45499801004818,-42.94431731502671,59.72436266650062,caught,31
TM Head,37,37,1140,667,34.54545454545455,170.9145427286357,125,55,72.80701754385964,3.705555555555556,32.68365817091454,102,8,1,0,,183.013698630137,151.0121457489878,180.0,163.7426900584795,173.3870967741935,178.6666666666667,141.4814814814815,157.1428571428571,"Rajiv Gandhi International Stadium, Uppal, Hyderabad",428,187.719298245614,52.96411234604516,50.98634512840731,51.16615170347505,-32.00155288114914,28.98785425101215,caught,24
TM Dilshan,50,50,1138,1001,26.46511627906977,113.6863136863137,137,24,60.80843585237258,6.217391304347826,45.05494505494506,72,8,0,0,,110.250569476082,103.3482142857143,167.5438596491228,116.1290322580645,111.2871287128713,109.5764272559853,117.9245283018868,126.4705882352941,M Chinnaswamy Stadium,321,108.0808080808081,24.1998357676385,51.32515614542518,32.46720532017579,-6.902355190367714,64.1956453634085,caught,24
RM Patidar,38,38,1110,719,30.83333333333333,154.3810848400556,76,68,64.14414414414415,4.993055555555555,31.15438108484005,111,9,1,0,,119.7674418604651,162.2916666666667,186.5671641791045,137.4407582938389,161.4173228346457,,154.3810848400556,,"M Chinnaswamy Stadium, Bengaluru",226,127.683615819209,43.07608109377539,55.66154296621642,54.76049316907602,42.52422480620154,24.27549751243782,caught,28
R Tewatia,76,76,1110,807,23.125,137.546468401487,90,54,61.62162162162162,5.604166666666667,35.81164807930607,53,1,0,0,,85.71428571428571,94.83282674772036,168.1528662420382,133.4593572778828,145.3237410071943,,161.2903225806452,134.453781512605,"Wankhede Stadium, Mumbai",193,141.9117647058823,18.87634640534674,52.91819166621817,59.01063120190332,9.118541033434653,73.32003949431785,caught,33
ML Hayden,32,33,1096,799,35.35483870967742,137.171464330413,119,44,67.51824817518248,4.901840490797546,41.55193992490613,93,8,0,1,2009,129.7592997811816,140.2730375426621,187.7551020408163,138.135593220339,136.4044943820225,137.171464330413,,,"MA Chidambaram Stadium, Chepauk",277,138.5,44.41295245056595,55.66578182654907,32.92139493147339,10.51373776148048,47.48206449815422,caught,17
RK Singh,51,51,1083,750,30.08333333333333,144.4,87,54,62.04986149584487,5.319148936170213,33.46666666666667,67,4,0,0,,133.3333333333333,111.3300492610837,187.6971608832808,156.7723342939481,133.7468982630273,,140.3225806451613,147.2727272727273,"Eden Gardens, Kolkata",497,160.3225806451613,28.90624687441664,56.84449400591117,79.66751528452504,-22.0032840722496,76.36711162219702,caught,29
M Vohra,51,51,1083,828,22.10204081632653,130.7971014492754,104,43,62.23453370267774,5.63265306122449,43.23671497584541,95,3,0,0,,127.962962962963,126.4367816091954,229.6296296296296,142.7807486631016,120.9251101321586,131.8318318318318,120.9150326797386,222.2222222222222,"Rajiv Gandhi International Stadium, Uppal",187,171.5596330275229,26.21001856762669,52.07843525408757,50.8220444583681,-1.526181353767555,103.1928480204342,caught,26
DP Conway,28,28,1079,770,43.16,140.1298701298701,117,34,62.27988878591288,5.099337748344371,34.41558441558441,92,11,0,0,,126.158038147139,152.4926686217009,154.8387096774194,128.169014084507,147.119341563786,140.1298701298701,,,"MA Chidambaram Stadium, Chepauk, Chennai",414,130.5993690851735,51.00195369251169,54.50669327679697,41.53520782327826,26.33463047456192,2.346041055718473,caught,14
LMP Simmons,29,29,1079,848,39.96296296296296,127.2405660377358,109,44,64.87488415199259,5.542483660130719,43.86792452830188,100,11,1,0,,118.859649122807,135.1123595505618,155.5555555555555,132.9073482428115,123.9252336448598,127.2405660377358,,,Wankhede Stadium,398,120.9726443768997,45.42529132824806,55.99113449547907,53.49188587181483,16.25271042775478,20.44319600499375,caught,16
PD Salt,34,34,1051,595,33.90322580645162,176.6386554621849,121,56,78.0209324452902,3.361581920903955,36.30252100840336,88,10,0,0,,175.5501222493887,178.4431137724551,184.2105263157895,181.0055865921788,170.042194092827,177.7972027972028,147.8260869565217,,"Eden Gardens, Kolkata",405,187.5,56.5764545562566,53.33514232796123,57.23771937940503,2.892991523066343,5.767412543334387,caught,20
LS Livingstone,47,47,1035,655,25.875,158.0152671755725,68,74,69.17874396135265,4.612676056338028,34.35114503816794,84,7,0,0,,138.135593220339,139.6373056994819,220.5298013245033,169.9588477366255,150.9708737864078,138.1818181818182,160.2189781021898,155.7692307692308,"Brabourne Stadium, Mumbai",196,188.4615384615385,34.25158632614217,48.82862554315317,66.3322623476688,1.501712479142867,80.89249562502147,caught,23
LRPL Taylor,54,54,1010,818,25.25,123.4718826405868,66,45,52.87128712871287,7.36936936936937,37.53056234718827,81,3,0,0,,128.099173553719,109.7804391217565,155.6122448979592,131.4018691588785,108.4805653710247,,125.55720653789,113.7931034482759,Feroz Shah Kotla,187,128.0821917808219,20.52773531832672,52.73900106975098,57.70636693270355,-18.31873443196251,45.8318057762027,caught,24
KP Pietersen,36,36,1000,742,35.71428571428572,134.7708894878706,91,40,60.4,5.66412213740458,37.06199460916442,103,4,1,0,,133.4470989761092,127.8947368421053,178.2608695652174,134.7368421052632,134.8314606741573,141.1347517730497,133.2778702163062,,Feroz Shah Kotla,353,145.8677685950413,34.93810644093838,55.79176767119842,37.52026745318528,-5.552362134003943,50.36613272311214,caught,12
MC Henriques,54,54,996,785,27.66666666666667,126.8789808917197,86,28,51.40562248995984,6.885964912280702,34.26751592356688,74,5,0,0,,112.9496402877698,113.5135135135135,165.8415841584159,117.3160173160173,130.8664259927798,,131.2410841654779,90.47619047619048,"Rajiv Gandhi International Stadium, Uppal",405,125.7763975155279,20.60246454157179,52.138773119273,36.08520478307599,0.563873225743734,52.32807064490234,caught,20
SM Curran,53,53,986,725,24.65,136.0,83,41,58.62068965517241,5.846774193548387,34.62068965517241,86,6,0,0,,113.953488372093,111.7816091954023,181.4516129032258,129.5238095238095,140.9756097560976,116.4705882352941,134.2245989304813,144.7368421052632,"MA Chidambaram Stadium, Chepauk, Chennai",158,137.3913043478261,23.34003892117456,49.19877908165928,52.31087723937399,-2.171879176690723,69.6700037078235,caught,24
JM Sharma,47,47,984,628,25.23076923076923,156.687898089172,77,61,68.4959349593496,4.550724637681159,35.50955414012739,85,1,0,0,,56.52173913043478,141.9689119170984,193.1506849315068,157.1428571428571,156.4356435643564,,142.8571428571429,170.6070287539936,"Punjab Cricket Association IS Bindra Stadium, Mohali, Chandigarh",153,159.375,32.15798240875939,56.66451604989882,62.39729763212912,85.44717278666366,51.18177301440841,caught,28
Y Venugopal Rao,52,52,980,832,22.27272727272727,117.7884615384615,76,37,53.67346938775511,7.36283185840708,38.94230769230769,70,3,0,0,,79.16666666666667,107.1868583162218,153.4136546184739,123.4666666666667,113.129102844639,80.0,112.3595505617977,128.4090909090909,Feroz Shah Kotla,235,125.668449197861,19.83443906777983,53.748961784328,58.83434782899499,28.02019164955509,46.22679630225213,caught,24
A Symonds,36,36,973,745,36.03703703703704,130.6040268456376,74,41,55.70400822199383,6.478260869565218,36.64429530201343,117,5,1,0,,87.8048780487805,126.6112266112266,160.4395604395604,120.9621993127148,136.784140969163,,132.40058910162,112.1212121212121,"Rajiv Gandhi International Stadium, Uppal",173,176.530612244898,31.97649752367579,54.19162590712362,51.24210196713307,38.80634856244612,33.82833382833383,caught,14
JA Morkel,67,68,967,683,24.175,141.5812591508053,61,54,58.73836608066184,5.939130434782609,33.08931185944363,73,3,0,0,,138.4615384615385,120.3007518796992,155.6930693069307,149.8338870431894,135.0785340314136,100.0,140.8163265306123,142.4778761061947,"MA Chidambaram Stadium, Chepauk",481,146.2006079027356,18.58031387091146,48.44568259063004,70.85285333603767,-18.1607865818392,35.39231742723143,caught,25
A Badoni,46,46,962,693,26.72222222222222,138.8167388167388,73,38,54.05405405405406,6.243243243243243,31.02453102453103,74,6,0,0,,61.70212765957447,125.8258258258258,164.2172523961661,129.8755186721992,143.5840707964602,36.36363636363637,134.965034965035,144.4444444444445,"Bharat Ratna Shri Atal Bihari Vajpayee Ekana Cricket Stadium, Lucknow",376,142.4242424242424,26.01332003943268,53.09976890759638,56.67887548525314,64.12369816625136,38.39142657034031,caught,26
CL White,45,46,962,757,26.72222222222222,127.0805812417437,74,38,54.46985446985447,6.758928571428571,34.34610303830912,78,6,0,0,,92.24137931034483,110.467706013363,186.9791666666667,102.135231316726,141.8067226890756,117.0212765957447,125.3012048192771,163.0434782608696,"Rajiv Gandhi International Stadium, Uppal",170,102.4096385542169,23.87566331255485,48.41889189723972,40.02397470374955,18.2263267030182,76.51146065330363,caught,22
BA Stokes,43,43,934,695,24.57894736842105,134.3884892086331,81,32,55.24625267665953,6.150442477876106,33.23741007194245,107,2,2,0,,132.5966850828729,125.4498714652956,164.8,145.6359102244389,119.0476190476191,140.952380952381,130.2540415704388,142.3076923076923,Maharashtra Cricket Association Stadium,181,141.40625,26.35920283952361,47.87883743840779,54.46512452759147,-7.146813617577308,39.35012853470438,caught,21
HH Gibbs,36,36,886,805,27.6875,110.0621118012422,83,31,58.46501128668172,7.06140350877193,46.95652173913044,69,6,0,0,,107.4519230769231,106.6860465116279,160.0,103.5,116.5432098765432,108.4260731319555,115.9090909090909,,Kingsmead,127,128.2828282828283,24.96567917538179,54.55681412150006,12.36271874197711,-0.7658765652951729,53.31395348837209,caught,16
STR Binny,66,66,879,682,19.10869565217391,128.8856304985337,66,35,53.92491467576792,6.752475247524752,36.80351906158358,48,0,0,0,,72.0,117.7215189873418,151.1450381679389,124.4565217391304,134.0764331210191,,126.1333333333333,132.2475570032573,Sawai Mansingh Stadium,248,148.5029940119761,15.35492224480488,52.47031561899215,48.57513624394031,45.72151898734177,33.42351918059717,caught,27
R Ashwin,93,93,832,703,13.0,118.3499288762447,64,29,51.68269230769231,7.559139784946237,36.41536273115221,50,1,0,0,,108.3333333333333,101.0869565217391,133.8028169014084,115.1898734177215,120.9302325581395,64.70588235294117,130.8755760368664,114.498933901919,"Dr DY Patil Sports Academy, Mumbai",80,142.8571428571429,9.320578345101458,46.39106759011363,50.16464194781059,-7.246376811594203,32.71586037966932,caught,43
TH David,44,44,829,483,31.88461538461538,171.6356107660455,53,58,67.55126658624849,4.351351351351352,30.43478260869565,46,0,0,0,,,123.3082706766917,190.0,189.9122807017544,155.2941176470588,,188.5245901639344,165.9279778393352,"Wankhede Stadium, Mumbai",320,186.046511627907,31.52207759090558,55.87687376425091,74.0011202757517,,66.69172932330827,caught,17
Harbhajan Singh,88,88,824,599,14.98181818181818,137.5626043405676,77,42,67.96116504854369,5.033613445378151,41.90317195325542,63,1,0,0,,121.5686274509804,105.0359712230216,150.6112469437653,126.158940397351,149.1582491582492,,117.1717171717172,141.6,Wankhede Stadium,361,151.6806722689076,12.5672586879688,45.00704842051279,53.30135970002391,-16.53265622795881,45.5752757207437,caught,33
MS Bisla,39,39,794,700,20.89473684210526,113.4285714285714,92,23,63.727959697733,6.086956521739131,48.42857142857143,92,4,0,0,,109.4688221709007,114.5299145299145,157.5757575757576,113.2478632478633,113.7931034482759,112.6654064272212,117.9012345679012,77.77777777777777,Eden Gardens,231,101.3157894736842,21.98700127548386,47.26636838193165,50.75644157514152,5.061092359013841,43.04584304584303,caught,18
Shakib Al Hasan,52,53,788,635,19.21951219512195,124.0944881889764,72,21,52.53807106598985,6.827956989247312,33.38582677165354,66,2,0,0,,100.0,117.2131147540984,138.7931034482759,125.968992248062,122.8116710875332,100.0,126.3269639065817,117.9012345679012,Eden Gardens,295,133.4841628959276,16.35785455869934,49.74681085943874,44.89632835308664,17.21311475409836,21.57998869417752,caught,23
Shashank Singh,33,33,773,490,40.68421052631579,157.7551020408163,56,43,62.35446313065977,4.94949494949495,28.36734693877551,68,5,0,0,,136.0,128.0487804878049,193.6073059360731,159.0909090909091,155.8823529411765,,161.4035087719298,156.6489361702128,"Maharaja Yadavindra Singh International Cricket Stadium, Mullanpur",218,123.8636363636364,34.90713849373618,53.23647081441995,69.71746979158678,-7.951219512195109,65.55852544826817,caught,11
ST Jayasuriya,30,30,760,529,27.14285714285714,143.6672967863894,84,38,74.21052631578948,4.336065573770492,47.44801512287334,114,4,1,0,,139.2857142857143,153.3333333333333,,152.9411764705882,137.8461538461538,146.3654223968566,75.0,,Wankhede Stadium,205,222.8260869565217,36.89328702770805,50.45889508292115,37.78522554386664,14.04761904761907,,caught,19
Abdul Samad,51,52,738,487,18.92307692307692,151.5400410677618,44,50,64.49864498644986,5.180851063829787,33.67556468172484,45,0,0,0,,100.0,124.1025641025641,170.3448275862069,141.025641025641,161.2648221343873,,150.0,151.7241379310345,"Rajiv Gandhi International Stadium, Uppal, Hyderabad",137,128.0373831775701,20.57138949160437,54.65996353692814,59.01299453397787,24.1025641025641,46.24226348364279,caught,24
M Shahrukh Khan,48,48,732,490,21.52941176470588,149.3877551020408,46,50,66.12021857923497,5.104166666666667,35.30612244897959,58,2,0,0,,109.5238095238095,133.6134453781513,169.2640692640693,160.0,144.0,,166.4596273291926,141.0334346504559,"Narendra Modi Stadium, Ahmedabad",210,161.5384615384615,22.00760232776157,52.23874244239401,56.72706533211137,24.08963585434174,35.65062388591801,caught,18
GC Smith,29,29,731,664,28.11538461538462,110.0903614457831,92,9,57.72913816689466,6.574257425742574,44.4277108433735,91,4,0,0,,96.89119170984456,121.7573221757322,169.2307692307692,96.8586387434555,128.0141843971631,111.1963190184049,50.0,,Sawai Mansingh Stadium,172,101.7751479289941,25.45847728853904,49.9313998586759,43.7685716297566,24.86613046588765,47.47344705503701,caught,20
AD Mathews,41,41,722,573,23.29032258064516,126.0034904013962,44,29,48.47645429362881,7.849315068493151,31.93717277486911,64,1,0,0,,58.8235294117647,102.4822695035461,154.3795620437956,119.0114068441065,131.9354838709677,,135.0467289719626,120.6128133704735,Eden Gardens,130,132.6530612244898,19.15419621546515,54.26391301404326,54.90618061092883,43.65874009178139,51.89729254024954,caught,20
N Wadhera,31,31,718,500,26.59259259259259,143.6,60,39,66.016713091922,5.05050505050505,36.8,70,4,0,0,,117.7777777777778,140.3693931398417,175.0,142.8571428571429,144.2748091603054,133.3333333333333,142.2651933701657,147.4074074074074,"Sawai Mansingh Stadium, Jaipur",137,173.4177215189873,32.12441410999146,52.11564522589662,53.30613579955513,22.59161536206392,34.63060686015831,caught,17
T Stubbs,30,31,705,431,41.47058823529412,163.5730858468677,51,37,60.42553191489362,4.897727272727272,22.73781902552204,65,3,0,0,,138.4615384615385,115.9817351598173,217.5879396984924,164.3979057591623,162.9166666666667,600.0,188.0434782608696,143.4959349593496,"Arun Jaitley Stadium, Delhi",279,196.4788732394366,34.72255458380977,54.13659816163877,69.25757476419875,-22.47980330172111,101.6062045386751,caught,9
C Green,28,28,699,457,41.11764705882353,152.9540481400438,62,31,62.08869814020029,4.913978494623656,28.88402625820569,93,3,0,0,,159.6638655462185,129.6610169491526,199.0196078431373,155.1401869158879,151.0288065843621,150.0,154.292343387471,127.2727272727273,"Wankhede Stadium, Mumbai",222,169.4656488549618,36.01191705005721,51.74721238989209,60.09644344224559,-30.00284859706593,69.35859089398471,bowled,8
Dhruv Jurel,35,35,680,442,28.33333333333333,153.8461538461538,51,38,63.52941176470588,4.966292134831461,30.31674208144796,70,4,0,0,,176.9230769230769,123.5,179.0393013100437,156.4784053156146,148.2269503546099,,154.2207792207792,152.9850746268657,"Sawai Mansingh Stadium, Jaipur",191,149.21875,28.43366784179219,50.35302062356362,69.8277432627401,-53.42307692307693,55.53930131004367,caught,15
TL Suman,39,39,676,573,21.125,117.9755671902269,55,26,55.62130177514793,7.074074074074074,42.05933682373473,78,2,0,0,,102.2099447513812,121.3286713286713,135.8490566037736,109.5505617977528,131.7972350230415,101.8181818181818,126.6483516483516,103.2467532467532,SuperSport Park,79,123.4375,18.50068317963128,51.20599367581661,40.99082427072524,19.11872657729012,14.52038527510226,caught,22
AM Nayar,50,50,664,573,17.47368421052632,115.8813263525305,54,20,50.60240963855421,7.743243243243243,38.91797556719023,44,0,0,0,,84.50704225352112,96.74267100977198,157.4358974358974,115.4411764705882,116.2790697674419,96.55172413793103,101.4134275618375,133.7164750957854,Dr DY Patil Sports Academy,108,109.0909090909091,13.46494415032194,52.30730813164416,46.27700708469634,12.23562875625086,60.69322642612545,caught,21
Abishek Porel,29,29,660,440,25.38461538461538,150.0,65,27,63.93939393939394,4.782608695652174,32.27272727272727,65,3,0,0,,151.9230769230769,143.5,178.125,131.9587628865979,164.2276422764228,158.3333333333333,140.4761904761905,146.4285714285714,"Arun Jaitley Stadium, Delhi",366,161.9469026548672,32.56061430759009,54.61460901024782,43.1182559430634,-8.423076923076934,34.625,caught,21
GJ Bailey,36,36,660,541,24.44444444444444,121.996303142329,59,19,53.03030303030303,6.935897435897436,36.59889094269871,61,2,0,0,,103.1496062992126,89.51965065502183,175.1351351351351,104.7008547008547,135.1791530944625,115.3846153846154,121.580547112462,124.2774566473989,"Punjab Cricket Association Stadium, Mohali",132,134.6938775510204,19.90047467823511,54.28609975890964,37.76533390553532,-13.62995564419076,85.6154844801133,caught,16
E Lewis,26,26,654,477,27.25,137.1069182389937,62,36,70.9480122324159,4.86734693877551,44.44444444444444,65,4,0,0,,146.8531468531469,118.8235294117647,152.3809523809524,128.9156626506024,141.4790996784566,144.4444444444445,116.6666666666667,33.33333333333334,Wankhede Stadium,231,140.8536585365854,34.30218474738319,53.63818930759243,46.35685234466921,-28.02961744138214,33.55742296918767,caught,17
PP Chawla,86,86,623,561,11.125,111.0516934046346,56,20,55.21669341894061,7.381578947368421,43.67201426024955,23,0,0,0,,115.3846153846154,88.13559322033899,121.832884097035,117.479674796748,106.031746031746,,107.5949367088608,111.6182572614108,Eden Gardens,122,125.7731958762887,7.239691551439145,52.43728696020456,41.26702018775637,-27.2490221642764,33.69729087669604,caught,32
JJ Roy,21,21,614,441,32.31578947368421,139.2290249433107,75,21,69.38110749185668,4.59375,40.36281179138322,91,4,0,0,,131.9444444444445,148.4615384615385,178.2608695652174,161.3207547169811,118.7772925764192,132.1078431372549,234.6153846153846,200.0,"Eden Gardens, Kolkata",154,179.0697674418605,40.1233476833045,54.8468365201792,67.42371217989941,16.517094017094,29.79933110367895,caught,12
CH Morris,49,49,612,397,21.85714285714286,154.1561712846348,41,34,60.13071895424837,5.293333333333333,29.97481108312343,82,2,0,0,,242.8571428571429,109.6774193548387,165.993265993266,158.1730769230769,149.7354497354497,,147.3684210526316,154.4973544973545,Feroz Shah Kotla,142,221.875,17.923013610359,43.75346096008303,63.86152954413551,-133.1797235023042,56.31584663842729,caught,15
PJ Cummins,48,48,607,400,20.23333333333333,151.75,39,41,66.22734761120263,5.0,38.5,66,3,0,0,,0.0,123.8461538461538,165.7992565055762,179.5031055900621,133.0543933054393,,,151.75,"Wankhede Stadium, Mumbai",116,193.3333333333333,18.54492137753241,45.61855885178935,65.88807684216263,123.8461538461538,41.95310265942237,caught,22
JD Ryder,29,29,596,455,21.28571428571428,130.989010989011,67,19,64.09395973154362,5.290697674418604,41.97802197802198,82,4,0,0,,133.7461300309598,114.4230769230769,160.7142857142857,126.8595041322314,135.6807511737089,130.989010989011,,,Dr DY Patil Sports Academy,142,165.1162790697674,25.6940515536257,48.72455856163364,32.85446697525011,-19.32305310788284,46.2912087912088,caught,17
SN Khan,36,36,578,444,22.23076923076923,130.1801801801802,62,14,57.43944636678201,5.842105263157895,34.23423423423424,61,1,0,0,,130.8823529411765,103.8461538461538,162.5,95.93023255813954,151.8382352941177,200.0,119.4244604316547,142.6666666666667,M Chinnaswamy Stadium,102,221.7391304347826,19.13168960020619,50.78679942194313,25.93776262142206,-27.03619909502262,58.65384615384616,caught,21
Rashid Khan,66,66,576,359,13.71428571428571,160.4456824512535,39,41,69.79166666666667,4.4875,39.27576601671309,79,1,0,0,,,130.1587301587302,166.8918918918919,176.0,140.8805031446541,,125.0,160.8450704225352,"Wankhede Stadium, Mumbai",131,251.9230769230769,13.81371025182029,39.9335008957456,76.51678959459463,,36.73316173316175,caught,24
HM Amla,16,16,575,406,44.23076923076923,141.6256157635468,60,21,63.65217391304348,5.012345679012346,34.23645320197044,104,3,2,0,,131.1557788944723,124.3589743589744,235.2941176470588,117.0542635658915,153.0685920577617,143.142144638404,20.0,,"Punjab Cricket Association IS Bindra Stadium, Mohali",238,147.8260869565217,48.47581089938652,49.10483152941565,38.39803811352463,-6.796804535497984,110.9351432880844,caught,8
Priyansh Arya,18,18,545,298,30.27777777777778,182.8859060402685,60,31,78.1651376146789,3.274725274725275,35.57046979865772,103,3,1,0,,176.9585253456221,198.7654320987654,,153.0,197.979797979798,182.8859060402685,,,"Maharaja Yadavindra Singh International Cricket Stadium, Mullanpur",154,208.1081081081081,57.42298040132812,51.2709819888461,41.88876885111778,21.80690675314332,,caught,17
Shahbaz Ahmed,38,38,544,446,18.75862068965517,121.9730941704036,29,25,48.89705882352941,8.25925925925926,34.97757847533632,59,1,0,0,,80.76923076923077,108.4388185654009,145.3551912568306,114.5374449339207,129.6803652968036,,102.9126213592233,127.6967930029155,"Dr DY Patil Sports Academy, Mumbai",93,136.7647058823529,15.10914430727209,50.82198059901039,41.8756712469405,27.66958779617008,36.91637269142976,caught,19
CJ Anderson,29,29,538,421,24.45454545454545,127.790973871734,40,31,64.31226765799256,5.929577464788732,43.94299287410927,95,3,0,0,,85.24590163934427,121.484375,168.2692307692308,134.3023255813953,123.2931726907631,,135.3312302839117,104.8076923076923,Wankhede Stadium,163,161.3861386138614,22.65364131721552,46.09468273587741,16.61521204374318,36.23847336065573,46.78485576923077,caught,11
RS Bopara,22,22,531,453,29.5,117.2185430463576,39,16,47.45762711864407,8.236363636363636,35.32008830022075,84,3,0,0,,90.27777777777777,108.2926829268293,172.1153846153846,121.9895287958115,113.7404580152672,116.2629757785467,121.4876033057851,111.6279069767442,"Punjab Cricket Association Stadium, Mohali",123,110.8108108108108,24.26387049291747,50.37256054265984,54.15182197091491,18.0149051490515,63.82270168855534,caught,13
MK Lomror,35,35,526,372,18.13793103448276,141.3978494623656,33,30,59.31558935361217,5.904761904761905,32.25806451612903,54,1,0,0,,81.57894736842105,138.0208333333333,161.9718309859155,138.3928571428571,142.6923076923077,,133.5793357933579,162.3762376237624,"M Chinnaswamy Stadium, Bengaluru",150,166.6666666666667,19.68379851891348,49.66624666274662,55.2671075236457,56.44188596491229,23.95099765258215,caught,21
JP Faulkner,45,46,524,385,20.15384615384615,136.1038961038961,36,23,53.81679389312977,6.52542372881356,32.98701298701299,46,0,0,0,,70.0,86.04651162790698,156.2724014336918,146.8292682926829,123.8888888888889,0.0,121.2765957446808,138.5756676557864,"Sardar Patel Stadium, Motera",69,140.8163265306123,13.85601210181496,49.60872703201674,58.46775266023671,16.04651162790698,70.22588980578477,caught,18
M Manhas,38,38,514,470,22.34782608695652,109.3617021276596,43,10,45.13618677042802,8.867924528301886,38.51063829787234,42,0,0,0,,86.79245283018868,96.55172413793103,131.8918918918919,105.0359712230216,115.625,,93.28358208955224,115.7738095238095,Feroz Shah Kotla,82,109.3333333333333,12.47092377629142,52.75464097694737,31.35235460818143,9.759271307742353,35.34016775396087,caught,14
Gurkeerat Singh,32,32,511,422,21.29166666666667,121.0900473933649,55,11,55.96868884540118,6.393939393939394,36.96682464454976,65,2,0,0,,94.5945945945946,100.8968609865471,154.9382716049383,116.7464114832536,125.3521126760563,,118.4426229508197,124.7191011235955,"Punjab Cricket Association Stadium, Mohali",120,120.0,17.53151471418686,51.71542175498076,39.89225387050597,6.302266391952486,54.0414106183912,caught,12
Washington Sundar,43,43,510,404,15.45454545454546,126.2376237623762,42,16,51.76470588235294,6.96551724137931,34.15841584158416,49,0,0,0,,118.1818181818182,106.7415730337079,145.5958549222798,142.152466367713,106.6298342541436,60.0,134.0579710144928,125.8964143426295,"Rajiv Gandhi International Stadium, Uppal, Hyderabad",84,152.7272727272727,13.20084075979724,48.2817012706241,62.87108378425402,-11.44024514811032,38.85428188857192,caught,22
OA Shah,22,22,505,388,33.66666666666666,130.1546391752577,34,23,54.25742574257426,6.807017543859649,34.27835051546392,76,4,0,0,,127.7777777777778,107.035175879397,157.3099415204678,125.4716981132076,131.9148936170213,,129.3447293447294,137.8378378378378,Sawai Mansingh Stadium,89,121.9178082191781,26.80735613300988,51.54409047872295,49.42439610204496,-20.74260189838078,50.27476564107086,caught,5
PC Valthaty,23,23,499,414,22.68181818181818,120.5314009661836,60,20,72.14428857715431,5.175,51.93236714975846,120,2,1,0,,111.6788321167883,124.5762711864407,209.0909090909091,139.2523364485981,100.5,128.7234042553191,39.47368421052632,,"Punjab Cricket Association Stadium, Mohali",213,142.9530201342282,26.18379664962932,43.06709995992328,32.12790791574137,12.89743906965235,84.51463790446842,caught,18
SW Billings,27,27,497,385,19.11538461538462,129.0909090909091,40,19,55.1307847082495,6.52542372881356,36.1038961038961,56,3,0,0,,128.8659793814433,116.5137614678899,168.5714285714286,134.4827586206897,124.6445497630332,132.7102803738318,131.8367346938776,96.96969696969697,Feroz Shah Kotla,154,148.0769230769231,21.4355509635236,52.41557219921135,55.11688123531651,-12.3522179135534,52.05766710353868,caught,19
Nithish Kumar Reddy,22,22,484,364,28.47058823529412,132.967032967033,31,25,56.61157024793388,6.5,34.06593406593407,76,2,0,0,,95.94594594594595,134.1880341880342,176.7857142857143,142.0,129.5454545454545,,132.3809523809524,136.734693877551,"Rajiv Gandhi International Stadium, Uppal, Hyderabad",235,137.4269005847953,26.64814172796027,53.55562614825055,41.08010772378547,38.24208824208823,42.5976800976801,caught,15
RR Rossouw,22,22,471,306,23.55,153.921568627451,45,25,70.06369426751593,4.371428571428571,37.58169934640523,82,2,0,0,,140.4040404040404,148.8095238095238,210.2564102564102,141.2280701754386,191.025641025641,115.3846153846154,155.3956834532374,160.0,"Himachal Pradesh Cricket Association Stadium, Dharamsala",143,213.4328358208955,32.60483213484564,49.12742556656006,59.95699944020005,8.40548340548338,61.44688644688645,caught,11
A Raghuvanshi,18,18,463,319,28.9375,145.141065830721,46,16,60.47516198704103,5.145161290322581,28.84012539184953,54,2,0,0,,167.3913043478261,136.4130434782609,134.8837209302326,130.2325581395349,150.6437768240343,,142.7152317880795,188.2352941176471,"Eden Gardens, Kolkata",197,149.2424242424242,34.8583722378421,61.29304212622466,38.34594050713745,-30.97826086956522,-1.529322548028318,caught,15
WG Jacks,19,19,457,302,26.88235294117647,151.3245033112583,38,28,70.02188183807439,4.575757575757576,36.42384105960265,94,3,0,0,,148.4375,141.6666666666667,483.3333333333333,155.4216867469879,146.3235294117647,71.42857142857143,153.4013605442177,100.0,"Wankhede Stadium, Mumbai",185,136.0294117647059,36.00725475580869,50.6435315979647,49.49546459486334,-6.770833333333343,341.6666666666666,caught,14
D Brevis,16,16,455,297,28.4375,153.1986531986532,30,33,69.89010989010988,4.714285714285714,37.71043771043771,57,2,0,0,,120.0,155.0724637681159,250.0,150.625,156.2043795620438,115.0,148.8986784140969,188.0,"Narendra Modi Stadium, Ahmedabad",103,168.8524590163935,43.07167355992967,58.97093153111352,51.81205062660242,35.07246376811594,94.92753623188406,caught,9
DT Christian,41,41,452,394,14.58064516129032,114.7208121827411,23,18,44.24778761061947,9.609756097560975,34.01015228426396,39,0,0,0,,37.5,88.55421686746988,137.2727272727273,112.7118644067797,115.5797101449275,,108.5106382978723,120.3883495145631,"Rajiv Gandhi International Stadium, Uppal",116,128.8888888888889,10.59216649065254,51.83047917394858,42.07085894539699,51.05421686746988,48.7185104052574,caught,17
SA Asnodkar,19,19,423,337,21.15,125.5192878338279,56,10,67.13947990543736,5.106060606060606,44.21364985163205,60,2,0,0,,133.6538461538462,112.4031007751938,,112.7659574468085,134.6938775510204,128.2758620689655,108.5106382978723,,Sawai Mansingh Stadium,159,127.2,27.16832035882559,53.96616077814267,38.88142253225085,-21.25074537865237,,caught,11
NLTC Perera,30,31,421,306,19.13636363636364,137.5816993464052,23,26,58.90736342042755,6.244897959183674,36.60130718954248,39,0,0,0,,126.6666666666667,117.0940170940171,152.2988505747126,148.9051094890511,128.4023668639053,100.0,142.4778761061947,134.8958333333333,"Rajiv Gandhi International Stadium, Uppal",105,141.8918918918919,17.25897934012994,53.90597825521043,63.19791069978622,-9.572649572649581,35.20483348069556,caught,17
JR Hopes,19,19,417,305,26.0625,136.7213114754098,49,11,62.82973621103118,5.083333333333333,36.39344262295082,71,4,0,0,,125.5639097744361,147.244094488189,140.0,142.9347826086957,127.2727272727273,149.3243243243243,109.7222222222222,137.6470588235294,"Punjab Cricket Association Stadium, Mohali",167,168.6868686868687,28.42246195519668,51.58915106482053,59.17153058118973,21.68018471375289,-7.244094488188978,caught,13
R Ravindra,18,18,408,284,24.0,143.6619718309859,39,16,61.76470588235294,5.163636363636364,33.45070422535211,65,2,0,0,,138.3838383838384,142.8571428571429,266.6666666666667,145.4545454545455,137.5,143.6619718309859,,,"MA Chidambaram Stadium, Chepauk, Chennai",237,156.953642384106,30.64491155043599,51.66271497572725,51.73916277841765,4.473304473304466,123.8095238095238,caught,8
J Botha,28,28,408,358,20.4,113.9664804469274,39,5,45.58823529411764,8.136363636363637,37.15083798882682,67,1,0,0,,86.53846153846153,111.4754098360656,129.2682926829268,117.9039301310044,106.9767441860465,,117.1548117154812,107.563025210084,Sawai Mansingh Stadium,188,106.2146892655367,14.04784972796686,48.83113727270575,28.47255777857158,24.93694829760405,17.79288284686126,caught,9
LR Shukla,33,33,405,350,15.0,115.7142857142857,33,16,56.2962962962963,7.142857142857143,41.14285714285715,48,0,0,0,,40.0,101.6574585635359,133.5365853658537,93.19727891156462,132.0197044334975,,88.88888888888889,120.6081081081081,Eden Gardens,153,135.3982300884956,12.89412178685035,50.22317239492558,25.41521867640958,61.65745856353591,31.87912680231774,caught,16
SE Rutherford,20,20,396,288,24.75,137.5,25,26,64.64646464646465,5.647058823529412,38.19444444444444,46,0,0,0,,25.0,136.1111111111111,153.125,135.2173913043478,146.551724137931,,139.7489539748954,126.530612244898,"Narendra Modi Stadium, Ahmedabad",151,149.5049504950495,26.07264554234617,58.17815477205968,51.55639627148896,111.1111111111111,17.01388888888889,caught,13
AL Menaria,23,23,395,354,18.80952380952381,111.5819209039548,24,17,50.12658227848101,8.634146341463415,39.54802259887006,40,0,0,0,,100.0,110.4477611940299,116.6666666666667,117.96875,107.9646017699115,,111.9565217391304,110.2564102564103,Sawai Mansingh Stadium,177,115.6862745098039,16.72186085988417,56.50956493380938,40.29340586794295,10.44776119402985,6.21890547263682,caught,15
Naman Dhir,19,19,392,216,28.0,181.4814814814815,37,23,72.95918367346938,3.6,29.62962962962963,62,1,0,0,,146.0,160.0,204.1322314049587,177.6859504132231,186.3157894736842,,155.0724637681159,193.8775510204082,"Wankhede Stadium, Mumbai",140,162.7906976744186,37.68244535561197,55.66478811839028,76.38175915451976,14.0,44.13223140495867,caught,8
CA Pujara,22,22,390,390,20.52631578947368,100.0,50,4,57.43589743589744,7.222222222222222,47.94871794871795,51,1,0,0,,94.29824561403508,105.7851239669422,114.6341463414634,98.91304347826087,100.9708737864078,96.29629629629629,99.06542056074767,125.0,Sharjah Cricket Stadium,75,107.1428571428571,16.22122774552439,55.47175773655443,39.72213611282268,11.48687835290707,8.849022374521269,caught,12
RD Rickelton,14,14,388,255,29.84615384615385,152.156862745098,47,17,74.74226804123711,3.984375,41.1764705882353,62,3,0,0,,153.8860103626943,146.7741935483871,,142.4778761061947,159.8591549295775,152.156862745098,,,"Wankhede Stadium, Mumbai",219,153.1468531468531,42.88140880891998,57.47341552847736,40.04862383464773,-7.11181681430719,,caught,7
Azhar Mahmood,21,21,388,303,20.42105263157895,128.052805280528,39,13,60.30927835051546,5.826923076923077,38.28382838283829,80,2,0,0,,91.66666666666667,129.2553191489362,135.1648351648352,119.6850393700787,134.0909090909091,,139.8876404494382,111.2,Himachal Pradesh Cricket Association Stadium,134,131.3725490196078,22.05601140110058,47.30593825200664,36.8421052631579,37.5886524822695,5.909516015898987,caught,9
MV Boucher,23,23,387,307,27.64285714285714,126.0586319218241,32,12,51.6795865633075,6.977272727272728,34.85342019543974,50,1,0,0,,91.66666666666667,99.27536231884058,157.2413793103448,137.7906976744186,111.1111111111111,120.0,131.3432835820896,124.8888888888889,St George's Park,84,137.7049180327869,18.70405012229106,51.47008025150995,46.62193192152775,7.608695652173907,57.96601699150425,caught,8
Ashutosh Sharma,18,18,386,236,27.57142857142857,163.5593220338983,24,27,66.83937823834196,4.627450980392157,31.35593220338983,66,2,0,0,,,130.1075268817204,185.3146853146853,168.8741721854305,154.1176470588235,,,163.5593220338983,"Maharaja Yadavindra Singh International Cricket Stadium, Mullanpur",122,190.625,34.04705514206278,52.49429563027361,66.41866854290905,,55.20715843296489,caught,9
A Mishra,55,55,380,417,11.875,91.12709832134293,31,5,40.52631578947368,11.58333333333333,42.44604316546763,31,0,0,0,,20.0,73.17073170731707,104.4354838709677,92.15686274509804,89.50617283950618,,71.42857142857143,92.17171717171718,Feroz Shah Kotla,77,98.71794871794872,5.1202822697069,47.77395034047936,29.54920697803506,53.17073170731707,31.26475216365067,caught,10
J Fraser-McGurk,15,15,379,191,25.26666666666667,198.4293193717278,39,29,87.0712401055409,2.808823529411764,42.93193717277487,78,4,0,0,,205.6338028169014,177.5510204081633,,184.8214285714286,217.7215189873418,187.6811594202898,226.4150943396226,,"Arun Jaitley Stadium, Delhi",225,258.6206896551724,54.58922020354866,49.4403453103216,100.0,-28.08278240873815,,caught,13
KR Mayers,13,13,373,258,28.69230769230769,144.5736434108527,38,21,74.53083109919571,4.372881355932203,48.06201550387597,73,3,0,0,,138.0,167.2413793103448,,135.042735042735,152.4822695035461,144.5736434108527,,,"Bharat Ratna Shri Atal Bihari Vajpayee Ekana Cricket Stadium, Lucknow",153,135.3982300884956,42.13051501132584,54.73775237697791,58.13427781545765,29.24137931034483,,caught,9
DB Ravi Teja,25,25,373,315,19.63157894736842,118.4126984126984,35,9,52.01072386058981,7.159090909090909,36.82539682539682,60,1,0,0,,91.37931034482759,111.6788321167883,139.1666666666667,106.5693430656934,127.5280898876404,119.4805194805195,106.0975609756098,124.3589743589744,"Rajiv Gandhi International Stadium, Uppal",197,123.8993710691824,15.60793297858426,50.19979199949292,42.18695777576571,20.29952177196074,27.48783454987833,caught,9
S Sohal,20,20,368,289,18.4,127.3356401384083,34,18,66.30434782608695,5.557692307692307,47.05882352941177,62,2,0,0,,128.5714285714286,134.9206349206349,44.44444444444444,132.3741007194245,122.6666666666667,130.0,,44.44444444444444,"Rajiv Gandhi International Stadium, Uppal",76,116.9230769230769,22.65975147588275,48.16077059173064,0.0,6.349206349206327,-90.47619047619047,caught,12
R Powell,23,23,365,249,18.25,146.5863453815261,22,28,70.13698630136986,4.98,41.76706827309237,67,1,0,0,,,102.34375,193.3884297520661,159.0277777777778,129.5238095238095,,130.7692307692308,152.1739130434783,"Wankhede Stadium, Mumbai",147,168.9655172413793,23.01710162118596,47.64410319203566,54.87709867349367,,91.04467975206612,caught,10
P Negi,35,35,364,288,14.0,126.3888888888889,27,16,56.04395604395604,6.697674418604652,38.88888888888889,36,0,0,0,,66.66666666666667,102.970297029703,141.4364640883978,114.5631067961165,132.972972972973,,119.2307692307692,127.0992366412214,M Chinnaswamy Stadium,81,124.6153846153846,11.91282259563425,51.79079749112461,36.14555526389001,36.30363036303631,38.46616705869482,caught,15
Rahmanullah Gurbaz,18,18,357,268,21.0,133.2089552238806,34,21,73.38935574229691,4.872727272727273,49.25373134328358,81,2,0,0,,126.8041237113402,152.0547945205479,0.0,110.4347826086957,150.3267973856209,137.1541501976285,66.66666666666667,,"Eden Gardens, Kolkata",223,135.1515151515152,26.64574978713926,48.43639528083334,17.72217143701137,25.25067080920773,-152.0547945205479,caught,13
KV Sharma,40,40,352,295,13.53846153846154,119.3220338983051,20,17,51.70454545454545,7.972972972972973,38.30508474576271,39,0,0,0,,77.77777777777777,92.38095238095238,137.0165745856354,128.8343558282209,107.5757575757576,,106.4516129032258,120.8333333333333,"Rajiv Gandhi International Stadium, Uppal",86,103.6144578313253,9.244597761713587,48.79297420538508,50.88482320704849,14.60317460317461,44.63562220468299,caught,18
DJ Mitchell,15,15,351,267,27.0,131.4606741573034,28,10,49.002849002849,7.026315789473684,28.08988764044944,63,2,0,0,,124.3589743589744,137.7483443708609,121.0526315789474,146.551724137931,119.8675496688742,,132.156862745098,116.6666666666667,"MA Chidambaram Stadium, Chepauk, Chennai",157,138.9380530973451,26.66140140398583,58.6018334219681,53.55841660229539,13.38937001188657,-16.69571279191356,caught,9
R Bhatia,47,47,342,284,11.4,120.4225352112676,24,13,50.87719298245614,7.675675675675675,36.61971830985915,26,0,0,0,,,81.25,145.9302325581395,111.5384615384615,131.25,,86.95652173913044,123.3716475095785,Feroz Shah Kotla,47,146.875,7.667154323020737,51.128230977197,41.49784201020756,,64.68023255813952,caught,17
AP Tare,27,27,339,272,14.125,124.6323529411765,40,11,66.66666666666667,5.333333333333333,47.4264705882353,59,1,0,0,,112.4378109452736,162.2222222222222,153.8461538461538,130.2752293577982,120.8588957055215,120.2247191011236,109.2307692307692,186.2068965517241,Wankhede Stadium,111,163.2352941176471,15.15628524190143,48.97593468074594,42.548753287252,49.7844112769486,-8.376068376068389,caught,17
P Kumar,57,57,338,312,8.894736842105264,108.3333333333333,22,17,56.21301775147929,8.0,47.43589743589744,34,0,0,0,,75.0,88.88888888888889,112.7413127413127,110.2941176470588,106.8181818181818,75.0,,109.2105263157895,M Chinnaswamy Stadium,93,108.1395348837209,5.811839034692199,46.54242466617199,40.4520235444517,13.88888888888889,23.85242385242385,bowled,15
JEC Franklin,16,16,327,300,29.72727272727273,109.0,25,9,47.09480122324159,8.823529411764707,38.33333333333334,79,1,0,0,,85.8695652173913,107.8571428571429,142.6470588235294,98.12206572769954,135.632183908046,113.5593220338983,87.07482993197279,185.7142857142857,Wankhede Stadium,174,102.9585798816568,19.05101210185383,50.56611068989936,44.03575086584619,21.98757763975156,34.78991596638656,caught,10
RN ten Doeschate,21,21,326,235,23.28571428571428,138.7234042553191,26,15,59.50920245398773,5.73170731707317,32.76595744680851,70,1,0,0,,85.71428571428571,122.7272727272727,151.4285714285714,134.2857142857143,142.3076923076923,,145.679012345679,135.0649350649351,Wankhede Stadium,70,142.8571428571429,19.97258250571116,46.90216821607279,33.92721881429321,37.01298701298703,28.70129870129868,caught,6
SN Thakur,39,39,324,232,11.57142857142857,139.6551724137931,30,13,61.11111111111111,5.395348837209302,35.3448275862069,68,1,0,0,,0.0,136.3636363636364,145.0331125827815,134.5794392523364,144.0,,81.25,143.9814814814815,"Eden Gardens, Kolkata",84,171.4285714285714,10.85359531599903,40.4032990591289,46.74300233961119,136.3636363636364,8.669476219145082,caught,17
B Kumar,71,71,320,350,8.421052631578947,91.42857142857143,31,3,44.375,10.29411764705882,46.28571428571428,27,0,0,0,,,70.83333333333333,94.70198675496688,92.51101321585904,89.4308943089431,,,91.42857142857143,Subrata Roy Sahara Stadium,59,92.1875,3.432372269925113,45.41735343635384,36.96227340818209,,23.86865342163355,caught,19
Anuj Rawat,21,21,318,267,19.875,119.1011235955056,26,14,59.11949685534591,6.675,42.69662921348315,66,1,0,0,,94.31818181818181,94.89795918367346,175.3086419753086,104.8275862068966,136.0655737704918,109.3220338983051,93.75,130.8270676691729,"M Chinnaswamy Stadium, Bengaluru",88,98.87640449438203,16.68049427024512,47.12281756839952,22.66515079109756,0.5797773654916512,80.41068279163517,caught,9
R Vinay Kumar,42,42,310,274,11.07142857142857,113.1386861313869,21,9,44.51612903225806,9.133333333333333,37.59124087591241,26,0,0,0,,,100.0,115.929203539823,101.2820512820513,128.8135593220339,,,113.1386861313869,M Chinnaswamy Stadium,95,106.7415730337079,6.995831838267708,50.30425821615649,35.00709637751976,,15.92920353982301,caught,13
DB Das,22,22,304,260,21.71428571428572,116.9230769230769,23,16,61.8421052631579,6.666666666666667,45.0,35,0,0,0,,109.4339622641509,116.2162162162162,121.875,118.8118811881188,115.7232704402516,,106.25,125.0,Eden Gardens,203,130.9677419354839,15.19575745284268,56.93939365108732,30.91393568514816,6.782253952065261,5.65878378378379,bowled,4
LA Pomersbach,16,16,301,243,27.36363636363636,123.8683127572017,25,13,59.13621262458472,6.394736842105263,41.97530864197531,79,1,0,0,,133.7662337662338,111.965811965812,136.734693877551,113.0434782608696,145.1219512195122,100.0,128.169014084507,71.42857142857143,Wankhede Stadium,108,158.8235294117647,21.56393565462728,48.73436662019279,25.16017823766824,-21.8004218004218,24.76888191173906,caught,5
UBT Chand,20,20,300,299,15.0,100.3344481605351,32,9,60.66666666666666,7.292682926829269,51.83946488294314,58,1,0,0,,84.50704225352112,107.9136690647482,166.6666666666667,104.7619047619048,94.65648854961832,95.45454545454545,102.3696682464455,,Feroz Shah Kotla,96,124.6753246753247,14.04984566189077,49.31451115547713,31.7321522427089,23.40662681122708,58.75299760191845,caught,13
C de Grandhomme,21,21,297,224,18.5625,132.5892857142857,18,17,58.58585858585859,6.4,36.60714285714285,40,0,0,0,,50.0,129.0909090909091,137.5,115.6462585034014,164.9350649350649,50.0,157.7777777777778,127.1186440677966,M.Chinnaswamy Stadium,84,168.0,17.28627198502743,49.88131740066597,36.52560598519777,79.0909090909091,8.409090909090907,caught,9
DJG Sammy,20,20,295,241,19.66666666666667,122.4066390041494,15,18,56.94915254237288,7.303030303030303,40.66390041493776,60,1,0,0,,160.0,107.8571428571429,141.6666666666667,119.0476190476191,123.5955056179775,,125.531914893617,120.4081632653061,"Rajiv Gandhi International Stadium, Uppal",83,110.6666666666667,16.4705114322755,51.4808352788011,32.47761030092179,-52.14285714285714,33.8095238095238,caught,10
Lalit Yadav,21,21,294,285,18.375,103.1578947368421,26,6,47.61904761904762,8.90625,40.70175438596491,48,0,0,0,,80.64516129032258,101.6949152542373,115.5844155844156,108.3720930232558,87.14285714285714,,113.903743315508,82.65306122448979,"Wankhede Stadium, Mumbai",88,94.6236559139785,12.38349130620821,50.24472508121342,47.768056164725,21.04975396391471,13.88950033017829,caught,7
A Manohar,20,20,292,235,15.36842105263158,124.2553191489362,23,14,60.27397260273973,6.351351351351352,38.72340425531915,43,0,0,0,,66.66666666666667,107.3170731707317,157.4468085106383,96.55172413793103,133.3333333333333,,117.3913043478261,127.1084337349398,"Narendra Modi Stadium, Ahmedabad",117,131.4606741573034,16.90065878692339,48.29865698420107,12.93983213481782,40.65040650406503,50.1297353399066,caught,13
SP Goswami,21,21,292,293,14.6,99.65870307167235,32,3,50.0,8.371428571428572,44.7098976109215,52,1,0,0,,98.18181818181819,98.11320754716981,118.1818181818182,89.28571428571429,102.1097046413502,95.0,113.6363636363636,84.0,M Chinnaswamy Stadium,72,109.0909090909091,12.07288684048848,48.10041836482104,1.311313633017185,-0.06861063464837969,20.06861063464838,caught,15
Y Nagar,20,20,285,259,20.35714285714286,110.03861003861,20,9,47.01754385964912,8.931034482758621,38.996138996139,44,0,0,0,,66.66666666666667,80.62015503875969,140.9448818897638,133.0,95.59748427672956,,95.6043956043956,117.8571428571429,Feroz Shah Kotla,155,130.2521008403361,13.39320914413675,55.32506048285302,44.99018195882919,13.95348837209302,60.3247268510041,caught,8
GH Vihari,23,23,281,319,14.05,88.08777429467085,23,1,34.87544483985765,13.29166666666667,42.63322884012539,46,0,0,0,,65.55555555555556,90.06211180124224,113.2352941176471,92.14659685863874,82.03125,,85.32818532818533,100.0,"Rajiv Gandhi International Stadium, Uppal",171,93.95604395604396,8.421026057624475,46.79841573083694,19.45218871968604,24.50655624568668,23.17318231640482,caught,17
A Ashish Reddy,23,23,280,193,18.66666666666667,145.0777202072539,16,15,55.0,6.225806451612903,30.05181347150259,36,0,0,0,,83.33333333333333,148.780487804878,146.5753424657534,142.5,146.9026548672566,,83.33333333333333,147.0588235294118,"Rajiv Gandhi International Stadium, Uppal",93,120.7792207792208,15.91049765998387,57.83306206147439,46.28204727874401,65.44715447154472,-2.205145339124613,caught,8
B Chipli,21,21,280,250,18.66666666666667,112.0,28,7,55.0,7.142857142857143,41.6,61,1,0,0,,73.33333333333333,105.0420168067227,178.5714285714286,109.9099099099099,113.6690647482014,71.42857142857143,112.2093023255814,134.0,"Rajiv Gandhi International Stadium, Uppal",118,135.632183908046,13.44770663674476,46.69167873271267,33.94961587442511,31.70868347338936,73.5294117647059,caught,10
JP Inglis,11,11,278,171,30.88888888888889,162.5730994152047,26,16,71.94244604316546,4.071428571428571,36.8421052631579,73,1,0,0,,166.2337662337662,160.5263157894737,155.5555555555555,155.9633027522936,174.1935483870968,,164.1509433962264,141.6666666666667,"Sawai Mansingh Stadium, Jaipur",105,194.4444444444445,41.10982505963364,54.62763054318626,48.13539362296747,-5.707450444292562,-4.970760233918128,caught,5
MJ Lumb,12,12,278,191,23.16666666666667,145.5497382198953,45,6,77.6978417266187,3.745098039215686,46.59685863874346,83,1,0,0,,149.0066225165563,132.5,,161.6822429906542,125.0,145.5497382198953,,,Sawai Mansingh Stadium,100,181.8181818181818,34.86243078596167,48.06304239337905,39.17263370125975,-16.50662251655629,,caught,6
PBB Rajapaksa,13,13,276,190,21.23076923076923,145.2631578947368,22,15,64.4927536231884,5.135135135135135,36.8421052631579,50,1,0,0,,160.4166666666667,144.0298507462687,75.0,155.7377049180328,140.3100775193798,,145.2631578947368,,"Wankhede Stadium, Mumbai",100,169.4915254237288,29.5117874390669,53.62791322372581,51.77351155389347,-16.38681592039799,-69.02985074626866,caught,9
VVS Laxman,20,20,276,266,14.52631578947368,103.7593984962406,33,4,56.52173913043478,7.189189189189189,44.73684210526316,52,1,0,0,,96.79144385026738,126.027397260274,50.0,110.655737704918,97.91666666666667,117.2897196261682,48.07692307692308,,"Rajiv Gandhi International Stadium, Uppal",66,117.8571428571429,13.01987198992822,46.43927207300004,1.049050906413748,29.23595341000659,-76.02739726027397,caught,9
HV Patel,41,41,270,229,9.310344827586206,117.9039301310044,16,15,57.03703703703704,7.387096774193548,41.48471615720524,36,0,0,0,,,88.15789473684211,132.6797385620915,118.8679245283019,117.0731707317073,,130.4347826086957,116.504854368932,Arun Jaitley Stadium,60,181.8181818181818,7.06855036717281,44.78874182914292,38.01878096227844,,44.52184382524939,caught,15
R Sathish,24,24,269,230,15.82352941176471,116.9565217391304,22,6,46.09665427509294,8.214285714285714,37.82608695652174,27,0,0,0,,0.0,100.0,138.9830508474576,125.4098360655738,107.4074074074074,0.0,142.0,114.4508670520231,"Punjab Cricket Association Stadium, Mohali",84,135.4838709677419,11.12109381196424,57.07775577413268,29.2998048139802,100.0,38.98305084745763,caught,9
PK Garg,19,19,269,238,14.94444444444444,113.0252100840336,15,9,42.37918215613383,9.916666666666666,36.1344537815126,47,0,0,0,,102.0,104.6666666666667,160.5263157894737,100.9345794392523,122.9007633587786,140.0,104.8192771084337,118.5185185185185,Dubai International Cricket Stadium,114,112.8712871287129,13.23620879629213,52.17070019727595,35.65549279683637,2.666666666666671,55.859649122807,caught,11
MJ Guptill,13,14,265,196,22.08333333333333,135.2040816326531,24,14,67.9245283018868,5.157894736842105,44.89795918367347,50,1,0,0,,136.5384615384615,130.0,,179.5918367346939,120.4081632653061,135.3846153846154,100.0,,"Punjab Cricket Association IS Bindra Stadium, Mohali",87,147.4576271186441,24.99558970341554,52.15130305989133,50.28489024857054,-6.538461538461547,,caught,10
Atharva Taide,10,10,260,177,26.0,146.8926553672316,30,8,64.61538461538461,4.657894736842105,35.59322033898305,66,2,0,0,,152.4271844660194,139.1891891891892,,138.5321100917431,160.2941176470588,147.1698113207547,146.7741935483871,,"Himachal Pradesh Cricket Association Stadium, Dharamsala",74,137.037037037037,36.58165157717181,53.71306375807689,53.86726622337131,-13.23799527683022,,caught,5
JO Holder,27,27,259,209,12.33333333333333,123.9234449760766,13,18,61.77606177606177,6.741935483870968,43.0622009569378,47,0,0,0,,66.66666666666667,125.8620689655172,130.8270676691729,121.7741935483871,127.0588235294118,,78.94736842105263,133.9181286549708,Sharjah Cricket Stadium,78,177.2727272727273,11.16736492992846,48.06820916324236,30.85596011520787,59.19540229885057,4.964998703655681,caught,18
M Kaif,22,22,259,249,14.38888888888889,104.0160642570281,22,6,47.87644787644788,8.892857142857142,44.57831325301205,34,0,0,0,,59.45945945945946,109.5808383233533,120.0,110.2564102564103,93.54838709677419,50.0,106.7901234567901,106.6666666666667,Sawai Mansingh Stadium,56,94.91525423728814,10.51345488227437,56.82740755978575,38.9066439321331,50.12137886389383,10.41916167664671,caught,9
V Suryavanshi,7,7,252,121,36.0,208.2644628099173,18,24,85.71428571428571,2.880952380952381,37.1900826446281,101,1,1,0,,205.7142857142857,211.7647058823529,,208.2644628099173,,208.2644628099173,,,"Sawai Mansingh Stadium, Jaipur",175,233.3333333333333,81.05747370743427,50.60936463667514,38.88142253225085,6.050420168067205,,caught,4
JC Archer,30,30,249,173,13.10526315789474,143.9306358381503,14,16,61.04417670682731,5.766666666666667,35.26011560693642,30,0,0,0,,0.0,121.6216216216216,154.5454545454545,143.3628318584071,145.0,0.0,,147.3372781065089,Sheikh Zayed Stadium,40,190.4761904761905,11.17181752349103,47.76985273307293,48.29164735075837,121.6216216216216,32.9238329238329,caught,13
K Gowtham,27,27,247,147,13.72222222222222,168.0272108843537,15,17,65.58704453441295,4.59375,34.01360544217687,33,0,0,0,,160.0,136.3636363636364,188.5057471264368,174.5098039215686,153.3333333333333,,114.2857142857143,170.7142857142857,Sawai Mansingh Stadium,93,216.2790697674419,14.79086589902241,51.68498480061618,57.69689859891169,-23.63636363636363,52.1421107628004,caught,14
Harpreet Brar,26,26,244,203,20.33333333333333,120.1970443349754,19,10,55.73770491803279,7.0,40.39408866995074,29,0,0,0,,,74.07407407407408,136.9127516778524,108.4745762711864,125.0,,,120.1970443349754,"Maharaja Yadavindra Singh International Cricket Stadium, Mullanpur",59,122.9166666666667,10.19839484239045,52.73885500767971,30.38024208974808,,62.83867760377828,bowled,5
A Mhatre,7,7,240,127,34.28571428571428,188.9763779527559,31,11,79.16666666666667,3.023809523809524,32.28346456692913,94,1,0,0,,192.3913043478261,187.5,100.0,188.0,189.6103896103896,185.7142857142857,213.3333333333333,,"M Chinnaswamy Stadium, Bengaluru",94,195.8333333333333,67.57303720700853,52.91295479494622,67.4852729382438,-4.891304347826093,-87.5,caught,7
SM Katich,11,11,240,185,24.0,129.7297297297297,26,8,63.33333333333334,5.441176470588236,43.24324324324324,74,2,0,0,,134.2592592592593,122.9508196721311,125.0,132.3699421965318,91.66666666666667,140.983606557377,107.9365079365079,,"Punjab Cricket Association Stadium, Mohali",95,139.7058823529412,26.89144173376656,49.11006317521419,28.58591967782467,-11.30843958712812,2.049180327868854,caught,6
BCJ Cutting,17,17,238,141,21.63636363636364,168.7943262411347,15,19,73.10924369747899,4.147058823529412,37.5886524822695,39,0,0,0,,,110.0,178.5123966942149,160.3448275862069,174.6987951807229,,160.0,170.6896551724138,Arun Jaitley Stadium,39,162.5,23.79136348929902,55.66079419042848,42.33572857988683,,68.51239669421489,caught,6
Aniket Verma,12,12,236,142,26.22222222222222,166.1971830985916,12,20,71.1864406779661,4.4375,36.61971830985915,74,1,0,0,,106.25,169.5121951219512,181.8181818181818,97.05882352941177,187.962962962963,,163.4146341463415,170.0,"Dr. Y.S. Rajasekhara Reddy ACA-VDCA Cricket Stadium, Visakhapatnam",74,180.4878048780488,32.55335464361544,50.0940431939133,12.06301735032536,63.26219512195121,12.3059866962306,caught,8
MD Mishra,17,17,235,206,14.6875,114.0776699029126,24,8,61.27659574468085,6.4375,47.0873786407767,41,0,0,0,,104.0650406504065,125.0,142.1052631578947,120.3252032520325,104.8192771084337,96.26168224299066,152.1739130434783,116.9811320754717,"Vidarbha Cricket Association Stadium, Jamtha",62,129.1666666666667,14.77898490837784,51.68154591818404,8.031976978935344,20.9349593495935,17.10526315789474,caught,7
K Goel,16,16,218,231,14.53333333333333,94.37229437229438,17,9,55.96330275229358,8.884615384615385,52.81385281385281,38,0,0,0,,99.37888198757764,66.66666666666667,107.1428571428571,82.20338983050847,107.0796460176991,103.9473684210526,51.61290322580645,91.66666666666667,"Punjab Cricket Association Stadium, Mohali",66,98.50746268656717,11.64667764927976,54.89636782130579,30.65153516579113,-32.71221532091097,40.47619047619047,caught,7
AA Jhunjhunwala,15,15,217,209,16.69230769230769,103.8277511961722,19,5,48.8479262672811,8.708333333333334,42.58373205741627,53,1,0,0,,70.58823529411765,99.2,138.0,93.75,110.077519379845,,100.6134969325153,115.2173913043478,"Sardar Patel Stadium, Motera",109,125.2873563218391,12.98815910764942,48.35692583785232,34.10256115275874,28.61176470588235,38.8,caught,8
Mohammad Nabi,19,20,215,151,12.64705882352941,142.3841059602649,18,11,64.18604651162791,5.206896551724138,36.42384105960265,31,0,0,0,,173.3333333333333,132.0,143.0232558139535,140.5405405405405,144.1558441558442,300.0,145.6140350877193,136.9565217391304,Wankhede Stadium,51,159.375,14.60321498886932,56.72640696868991,47.1683822097786,-41.33333333333334,11.02325581395348,caught,10
K Rabada,30,30,215,200,11.94444444444444,107.5,16,9,54.88372093023256,8.0,45.0,44,0,0,0,,33.33333333333334,85.48387096774194,119.2592592592593,108.4745762711864,106.0975609756098,,,107.5,Wankhede Stadium,44,112.8205128205128,6.916846221096327,43.82028771302528,31.62425625428338,52.1505376344086,33.77538829151732,caught,8
Ramandeep Singh,20,20,211,135,19.18181818181818,156.2962962962963,9,16,62.55924170616114,5.4,32.5925925925926,29,0,0,0,,66.66666666666667,123.943661971831,198.3606557377049,145.9459459459459,160.2040816326531,,72.22222222222223,169.2307692307692,"Eden Gardens, Kolkata",89,164.8148148148148,15.57812396024792,53.70886118472865,36.25735696219922,57.27699530516432,74.41699376587393,caught,8
R Dhawan,22,22,210,187,19.09090909090909,112.2994652406417,18,7,54.28571428571428,7.48,44.91978609625669,25,0,0,0,,,76.36363636363636,127.2727272727273,91.08910891089108,137.2093023255814,,,112.2994652406417,"Punjab Cricket Association Stadium, Mohali",44,122.2222222222222,9.59935611363929,55.01388525111498,27.46488540711458,,50.90909090909091,bowled,3
UT Yadav,48,48,208,201,9.904761904761905,103.4825870646766,16,9,56.73076923076923,8.04,47.76119402985075,24,0,0,0,,,23.07692307692308,109.0425531914894,118.2481751824817,71.875,,,103.4825870646766,"Dr DY Patil Sports Academy, Mumbai",33,117.8571428571429,4.06069564751021,43.00102720571595,39.05712618084992,,85.96563011456628,bowled,9
CA Ingram,15,15,205,179,17.08333333333333,114.5251396648045,22,5,57.5609756097561,6.62962962962963,41.34078212290503,47,0,0,0,,77.77777777777777,107.563025210084,150.0,106.7226890756303,130.0,,118.6746987951807,61.53846153846154,Arun Jaitley Stadium,59,105.3571428571429,14.32966450950096,50.48518819493187,5.542354493377767,29.78524743230626,42.43697478991596,caught,7
PD Collingwood,7,7,203,156,40.6,130.1282051282051,9,13,56.1576354679803,7.090909090909091,36.53846153846154,75,3,0,0,,136.8421052631579,104.3478260869565,180.0,110.0,139.622641509434,,137.6146788990826,112.7659574468085,Feroz Shah Kotla,199,134.4594594594595,34.28675897061697,49.08791504248195,40.02755628719947,-32.49427917620137,75.65217391304348,caught,2
Kuldeep Yadav,37,37,201,232,13.4,86.63793103448276,18,3,44.77611940298507,11.04761904761905,49.13793103448276,35,0,0,0,,,55.55555555555556,92.34693877551021,75.9493670886076,109.4594594594595,,,86.63793103448276,"Eden Gardens, Kolkata",35,134.6153846153846,3.935929662724533,44.33290698547155,24.43639252711109,,36.79138321995465,run out,7
KS Bharat,8,8,198,161,28.28571428571428,122.9813664596273,12,8,48.48484848484848,8.05,34.78260869565217,78,1,0,0,,112.280701754386,120.0,168.421052631579,136.5384615384615,98.24561403508773,114.2857142857143,123.3766233766234,,Dubai International Cricket Stadium,154,138.7387387387387,26.28850443605942,48.9667349332161,45.71000105343543,7.719298245614041,48.42105263157896,caught,7
JD Unadkat,27,27,197,166,12.3125,118.6746987951807,16,7,53.80710659898477,7.217391304347826,39.75903614457831,26,0,0,0,,,82.14285714285714,126.0869565217391,121.505376344086,115.0684931506849,,,118.6746987951807,"Wankhede Stadium, Mumbai",36,144.0,7.723692169325765,49.43936729891011,43.09509184807851,,43.94409937888199,caught,8
SK Warne,27,27,197,213,9.85,92.48826291079813,14,6,46.7005076142132,10.65,46.94835680751174,34,0,0,0,,,74.39024390243902,103.8167938931298,103.6363636363636,80.58252427184466,,,92.48826291079813,Newlands,39,88.63636363636364,5.732974798668986,45.50143427369312,29.16396271721345,,29.42654999069075,bowled,6
AS Raut,16,16,194,167,21.55555555555556,116.1676646706587,13,7,48.45360824742268,8.35,37.12574850299401,36,0,0,0,,116.6666666666667,115.5172413793103,116.504854368932,117.3469387755102,114.4927536231884,,73.33333333333333,120.3947368421053,Sawai Mansingh Stadium,76,128.8135593220339,12.1452304900961,50.4823922328011,36.32485766206201,-1.149425287356323,0.9876129896216952,caught,3
BJ Rohrer,8,9,193,141,27.57142857142857,136.8794326241135,21,5,59.06735751295336,5.423076923076923,36.87943262411348,64,1,0,0,,0.0,108.5714285714286,225.7142857142857,137.8378378378378,135.8208955223881,0.0,132.0754716981132,155.8823529411765,Sawai Mansingh Stadium,64,160.0,27.15941450340866,49.23145966035022,38.9618141821858,108.5714285714286,117.1428571428572,bowled,4
Salman Butt,7,7,192,160,27.42857142857143,120.0,30,2,68.75,5.0,46.875,72,1,0,0,,106.1855670103093,128.0701754385965,266.6666666666667,119.2307692307692,120.1492537313433,120.0,,,Eden Gardens,168,123.5294117647059,32.31446725192724,52.79832563991725,2.62262726603437,21.88460842828721,138.5964912280702,caught,4
SP Fleming,10,10,192,162,21.33333333333333,118.5185185185185,26,3,63.54166666666666,5.586206896551724,48.14814814814815,45,0,0,0,,107.4074074074074,140.7407407407407,,142.0,80.64516129032258,118.5185185185185,,,"MA Chidambaram Stadium, Chepauk",76,102.7027027027027,21.64065708890067,53.5435441799129,27.53758629336088,33.33333333333333,,caught,5
YV Takawale,10,10,191,177,23.875,107.909604519774,26,3,63.87434554973822,6.103448275862069,53.67231638418079,45,0,0,0,,91.66666666666667,127.2727272727273,233.3333333333333,110.1694915254237,103.3898305084746,103.1645569620253,0.0,233.3333333333333,Eden Gardens,45,125.0,19.63780311951588,55.32497549871383,36.21561047896315,35.60606060606059,106.0606060606061,caught,4
Bipul Sharma,17,17,187,123,23.375,152.0325203252033,11,9,52.40641711229947,6.15,26.82926829268293,35,0,0,0,,,107.1428571428571,157.7981651376147,163.013698630137,136.0,,,152.0325203252033,Eden Gardens,50,128.2051282051282,14.81112911179364,52.95485658537714,56.00326382472273,,50.65530799475755,caught,4
HC Brook,11,11,186,153,20.66666666666667,121.5686274509804,22,4,60.21505376344086,5.884615384615385,42.48366013071895,96,1,0,0,,114.2857142857143,122.7272727272727,144.0,70.0,154.8387096774194,140.1960784313725,86.0,0.0,"Eden Gardens, Kolkata",96,177.7777777777778,19.1476406951036,38.01603635388352,12.36271874197711,8.441558441558442,21.27272727272727,bowled,4
SD Hope,9,9,183,122,22.875,150.0,12,12,65.57377049180327,5.083333333333333,36.88524590163934,41,0,0,0,,130.0,180.7692307692308,110.0,137.2093023255814,156.9620253164557,,153.5714285714286,110.0,"Arun Jaitley Stadium, Delhi",85,166.6666666666667,29.37762878010835,57.02818090428901,,50.76923076923077,-70.76923076923077,caught,6
FY Fazal,11,11,183,172,18.3,106.3953488372093,22,1,51.36612021857923,7.478260869565218,38.95348837209303,45,0,0,0,,97.43589743589743,111.2903225806452,118.75,66.66666666666667,115.8273381294964,106.6666666666667,106.9444444444444,100.0,"Sardar Patel Stadium, Motera",56,107.6923076923077,15.57082590690954,53.20747550114379,11.08470898675553,13.85442514474774,7.459677419354833,caught,4
MS Wade,14,14,183,177,13.07142857142857,103.3898305084746,23,2,56.83060109289617,7.08,48.0225988700565,35,0,0,0,,115.3061224489796,88.60759493670886,,104.950495049505,101.3157894736842,107.9365079365079,100.8771929824561,,"Wankhede Stadium, Mumbai",66,115.7894736842105,12.31105364954514,56.60987870586665,17.91669064820929,-26.69852751227073,,caught,6
Sikandar Raza,9,9,182,136,26.0,133.8235294117647,12,8,52.74725274725274,6.8,38.23529411764706,57,1,0,0,,88.88888888888889,136.5591397849462,138.2352941176471,137.962962962963,117.8571428571429,,131.8965517241379,145.0,"Bharat Ratna Shri Atal Bihari Vajpayee Ekana Cricket Stadium, Lucknow",57,139.0243902439024,24.0410862108272,53.63082481472404,44.17356429169742,47.67025089605735,1.676154332700833,caught,6
AC Voges,7,7,181,143,45.25,126.5734265734266,15,3,43.0939226519337,7.944444444444445,30.76923076923077,45,0,0,0,,77.77777777777777,114.1025641025641,151.7857142857143,97.72727272727273,139.3939393939394,,131.3432835820896,122.3684210526316,"Sardar Patel Stadium, Motera",57,139.0243902439024,27.24157171691712,67.02634739200697,27.61064698589344,36.32478632478633,37.68315018315018,caught,4
CR Brathwaite,14,14,180,110,13.84615384615385,163.6363636363636,10,16,75.55555555555556,4.230769230769231,40.0,43,0,0,0,,,75.0,200.0,121.4285714285714,178.0487804878049,,169.2307692307692,162.8865979381443,Wankhede Stadium,64,160.0,21.47773750064704,50.53030316753009,34.3880579656819,,125.0,caught,9
S Gopal,22,22,180,169,12.85714285714286,106.508875739645,19,2,48.88888888888889,8.047619047619047,39.64497041420118,24,0,0,0,,0.0,73.77049180327869,129.8076923076923,111.6883116883117,102.1739130434783,,66.66666666666667,111.2582781456954,Dubai International Cricket Stadium,34,100.0,7.523808629094336,50.58718543375528,34.96502836418583,73.77049180327869,56.03720050441363,caught,10
R Shepherd,12,12,179,85,25.57142857142857,210.5882352941177,12,16,80.44692737430168,3.035714285714286,32.94117647058823,47,0,0,0,,,126.3157894736842,234.8484848484848,132.4324324324324,270.8333333333333,,,210.5882352941177,"Wankhede Stadium, Mumbai",67,248.1481481481482,32.9786531008419,47.91162924259996,42.66381325383071,,108.5326953748006,bowled,2
MF Maharoof,14,14,177,123,17.7,143.9024390243902,12,9,57.6271186440678,5.857142857142857,34.95934959349594,39,0,0,0,,,123.5294117647059,151.685393258427,131.1475409836065,156.4516129032258,,156.6666666666667,139.7849462365591,Feroz Shah Kotla,67,152.2727272727273,16.66884736022188,51.82736686928943,33.92057653530951,,28.15598149372107,caught,4
C Munro,11,11,177,141,14.75,125.531914893617,19,8,70.05649717514125,5.222222222222222,46.09929078014184,40,0,0,0,,143.9560439560439,93.33333333333333,80.0,107.2727272727273,137.2093023255814,153.6585365853659,115.7894736842105,80.0,Dr. Y.S. Rajasekhara Reddy ACA-VDCA Cricket Stadium,41,110.8108108108108,19.97231430275412,54.26667593262945,36.02530420695548,-50.62271062271061,-13.33333333333333,caught,5
AB Agarkar,18,18,177,151,17.7,117.2185430463576,13,5,46.32768361581921,8.38888888888889,35.09933774834437,39,0,0,0,,153.8461538461538,72.34042553191489,135.1648351648352,105.2631578947368,124.468085106383,,153.8461538461538,113.768115942029,New Wanderers Stadium,39,134.4827586206897,9.790257419120044,52.23505934212149,23.15912413304281,-81.50572831423895,62.82440963292026,caught,6
Sameer Rizvi,9,9,172,122,24.57142857142857,140.983606557377,15,9,66.27906976744185,5.083333333333333,37.70491803278689,58,1,0,0,,81.81818181818181,118.75,219.3548387096774,158.9041095890411,114.2857142857143,,139.2156862745098,150.0,"MA Chidambaram Stadium, Chepauk, Chennai",70,134.6153846153846,26.05893478001559,50.19395650725012,54.01227988352943,36.93181818181819,100.6048387096774,caught,5
CM Gautam,13,13,169,149,16.9,113.4228187919463,17,6,61.53846153846154,6.478260869565218,50.33557046979866,33,0,0,0,,111.4754098360656,104.5454545454545,125.0,113.75,113.0434782608696,104.9382716049383,66.66666666666667,126.1538461538462,Wankhede Stadium,72,112.5,13.83913620201228,52.95961685433868,39.02073260659123,-6.929955290611034,20.45454545454545,caught,7
DH Yagnik,17,17,168,133,16.8,126.3157894736842,23,2,61.90476190476191,5.32,41.35338345864662,33,0,0,0,,,121.6666666666667,130.1369863013699,86.48648648648648,141.6666666666667,,125.0,126.8817204301075,Sawai Mansingh Stadium,78,136.8421052631579,11.73776925465377,51.30384911983988,18.43779309114253,,8.470319634703188,bowled,4
DW Steyn,33,33,167,160,7.590909090909091,104.375,14,3,44.31137724550898,9.411764705882353,43.125,19,0,0,0,,,44.44444444444444,107.9470198675497,82.6086956521739,133.8235294117647,,,104.375,"Rajiv Gandhi International Stadium, Uppal",60,113.2075471698113,4.40682814779306,48.47503657759174,23.96261705966682,,63.50257542310523,bowled,8
MG Johnson,28,28,166,163,12.76923076923077,101.840490797546,10,7,49.39759036144579,9.588235294117647,46.62576687116565,16,0,0,0,,,50.0,109.0909090909091,108.0645161290323,98.01980198019803,,,101.840490797546,Wankhede Stadium,32,106.6666666666667,5.220768283144519,53.83481672447564,32.84668596715357,,59.09090909090909,bowled,6
PA Reddy,10,10,164,160,16.4,102.5,15,2,43.90243902439025,9.411764705882353,40.625,42,0,0,0,,99.03846153846153,90.19607843137256,300.0,112.621359223301,84.21052631578948,95.23809523809524,,184.6153846153846,"Rajiv Gandhi International Stadium, Uppal",149,109.5588235294118,14.05531882671219,55.81966464638018,44.96899887819941,-8.842383107088978,209.8039215686275,caught,6
MN van Wyk,5,5,163,131,54.33333333333334,124.4274809160305,18,1,47.85276073619632,6.894736842105263,31.29770992366412,70,1,0,0,,112.0,109.5238095238095,153.4883720930233,91.42857142857143,136.4583333333333,148.9361702127659,110.7142857142857,,Kingsmead,113,137.8048780487805,34.89508473919858,55.27482842351246,2.62262726603437,-2.476190476190482,43.96456256921374,caught,2
N Jagadeesan,10,10,162,147,18.0,110.2040816326531,21,2,59.25925925925926,6.391304347826087,44.21768707482993,39,0,0,0,,104.9180327868852,119.1780821917808,84.61538461538461,126.6666666666667,98.85057471264368,109.8765432098765,110.6060606060606,,"Eden Gardens, Kolkata",56,143.5897435897436,16.52613772556459,49.75038987776733,41.63646130517727,14.26004940489557,-34.5626975763962,caught,7
MN Samuels,14,14,161,172,12.38461538461539,93.6046511627907,9,7,48.4472049689441,10.75,48.83720930232558,46,0,0,0,,36.0,97.6923076923077,147.0588235294118,67.16417910447761,110.4761904761905,,95.67901234567901,60.0,Subrata Roy Sahara Stadium,60,84.50704225352112,9.273809525715361,43.26886522082462,16.56625560048769,61.69230769230769,49.36651583710407,bowled,5
RE van der Merwe,15,15,159,141,14.45454545454546,112.7659574468085,11,8,57.86163522012578,7.421052631578948,44.68085106382978,35,0,0,0,,97.29729729729729,120.6896551724138,115.2173913043478,103.2786885245902,120.0,,122.6415094339623,106.8181818181818,Kingsmead,47,138.2352941176471,10.95678991099148,48.61361559662345,18.59147031037173,23.3923578751165,-5.472263868065966,caught,5
R McLaren,13,13,159,171,19.875,92.98245614035088,14,1,38.9937106918239,11.4,40.35087719298246,51,1,0,0,,66.66666666666667,82.10526315789474,118.9655172413793,75.47169811320755,100.8474576271186,95.23809523809524,64.28571428571429,95.65217391304348,M Chinnaswamy Stadium,70,90.9090909090909,9.173271866360057,42.00356583000632,20.93615059428892,15.43859649122807,36.86025408348458,bowled,2
D Wiese,11,11,147,100,29.4,147.0,12,7,61.22448979591837,5.263157894736842,30.0,47,0,0,0,,,95.65217391304348,162.3376623376624,137.5,171.4285714285714,,128.5714285714286,148.3870967741935,M Chinnaswamy Stadium,94,146.875,18.4125494309225,51.32241962867494,49.42735164714207,,66.68548842461887,caught,4
SM Pollock,8,8,147,111,18.375,132.4324324324324,12,8,65.3061224489796,5.55,37.83783783783784,33,0,0,0,,16.66666666666667,104.7619047619048,190.4761904761905,105.4054054054054,145.9459459459459,,104.3478260869565,152.3076923076923,Dr DY Patil Sports Academy,64,139.1304347826087,23.39450339254149,58.78418805820745,29.42377921359524,88.09523809523809,85.71428571428572,bowled,4
AD Hales,6,6,147,117,24.5,125.6410256410256,13,6,59.8639455782313,6.157894736842105,40.17094017094017,45,0,0,0,,141.25,91.89189189189189,,148.4375,98.11320754716981,125.6410256410256,,,Rajiv Gandhi International Stadium,49,140.0,28.626015437886,55.34705322754244,42.43701984303139,-49.35810810810811,,caught,3
S Vidyut,8,8,145,109,18.125,133.0275229357798,21,3,70.34482758620689,4.541666666666667,44.95412844036697,54,1,0,0,,135.5263157894737,140.0,0.0,139.3939393939394,130.2631578947368,145.7627118644068,125.531914893617,0.0,"MA Chidambaram Stadium, Chepauk",62,140.9090909090909,23.88713304441686,48.83205893148433,,4.473684210526329,-140.0,caught,8
V Nigam,8,8,142,78,20.28571428571428,182.051282051282,16,8,78.87323943661971,3.25,33.33333333333334,39,0,0,0,,285.7142857142857,160.6060606060606,181.578947368421,213.4615384615385,119.2307692307692,,200.0,179.4117647058823,"Arun Jaitley Stadium, Delhi",64,193.9393939393939,33.62971949264775,54.72520010415393,69.19588011748385,-125.1082251082251,20.97288676236045,caught,2
Sachin Baby,11,11,142,115,15.77777777777778,123.4782608695652,11,5,52.11267605633803,7.1875,38.26086956521739,33,0,0,0,,0.0,88.88888888888889,162.0689655172414,118.6046511627907,126.3888888888889,,126.530612244898,121.2121212121212,M Chinnaswamy Stadium,58,181.25,14.0883047818912,52.60309716141773,40.29360140639567,88.88888888888889,73.18007662835248,caught,6
M Jansen,20,20,141,129,12.81818181818182,109.3023255813954,8,6,48.22695035460993,9.214285714285714,38.75968992248062,34,0,0,0,,,103.2258064516129,111.2244897959184,96.875,113.4020618556701,,42.85714285714285,113.1147540983606,"Maharaja Yadavindra Singh International Cricket Stadium, Mullanpur",63,134.0425531914894,6.619597498175374,42.82720514589433,24.94059522019994,,7.998683344305476,caught,8
N Saini,10,10,140,140,14.0,100.0,16,0,45.71428571428572,8.75,46.42857142857143,50,1,0,0,,96.3855421686747,108.1632653061225,87.5,102.3809523809524,96.42857142857143,94.11764705882354,102.9411764705882,150.0,M Chinnaswamy Stadium,50,138.8888888888889,11.84811416219788,47.21924814799028,0.8742090886781234,11.77772313744775,-20.66326530612245,caught,5
Anmolpreet Singh,9,9,139,115,15.44444444444444,120.8695652173913,19,3,67.62589928057554,5.227272727272728,46.08695652173913,36,0,0,0,,127.4725274725275,95.83333333333333,,122.9166666666667,119.4029850746269,126.0416666666667,94.73684210526316,,"Rajiv Gandhi International Stadium, Uppal, Hyderabad",41,128.125,18.19122868505101,52.2459749556966,33.8694707045534,-31.63919413919415,,caught,6
SB Dubey,11,11,138,84,23.0,164.2857142857143,9,10,69.56521739130434,4.421052631578948,32.14285714285715,33,0,0,0,,233.3333333333333,106.25,195.6521739130435,181.6901408450704,69.23076923076923,,208.3333333333333,156.9444444444445,"Rajiv Gandhi International Stadium, Uppal, Hyderabad",33,330.0,20.32054902218119,53.5865304234691,68.83030235890205,-127.0833333333333,89.40217391304347,caught,5
S Anirudha,12,12,136,112,17.0,121.4285714285714,9,7,57.35294117647059,7.0,40.17857142857143,64,1,0,0,,92.85714285714286,103.030303030303,149.0196078431373,168.75,113.5416666666667,110.3448275862069,14.28571428571429,151.0638297872341,"MA Chidambaram Stadium, Chepauk",75,102.7397260273973,12.5788572569328,38.38437123102835,1.748418177356247,10.17316017316017,45.98930481283423,caught,4
SB Styris,10,10,131,132,18.71428571428572,99.24242424242425,10,3,44.27480916030535,10.15384615384615,38.63636363636363,36,0,0,0,,66.66666666666667,89.24731182795699,148.1481481481482,87.8048780487805,118.0,,99.15254237288136,100.0,"MA Chidambaram Stadium, Chepauk",41,95.34883720930233,10.89116467044696,52.37643929179699,23.99260291521893,22.58064516129032,58.90083632019116,caught,4
W Jaffer,8,8,130,121,16.25,107.4380165289256,14,3,56.92307692307692,7.117647058823529,46.28099173553719,50,1,0,0,,86.51685393258427,165.625,,109.8591549295775,104.0,107.4380165289256,,,M Chinnaswamy Stadium,100,111.1111111111111,15.92282025909885,45.75761524384694,5.521984173018049,79.10814606741573,,caught,7
RD Chahar,22,22,129,124,8.0625,104.0322580645161,13,5,63.56589147286822,6.888888888888889,54.03225806451613,25,0,0,0,,,25.0,115.7407407407407,108.3333333333333,101.3157894736842,,,104.0322580645161,"Brabourne Stadium, Mumbai",48,133.3333333333333,5.778382457526335,44.13746745880965,32.44496001243777,,90.74074074074075,caught,10
UT Khawaja,6,6,127,99,21.16666666666667,128.2828282828283,14,3,58.26771653543307,5.823529411764706,37.37373737373738,30,0,0,0,,144.5945945945946,80.0,,116.8831168831169,168.1818181818182,128.2828282828283,,,Dr. Y.S. Rajasekhara Reddy ACA-VDCA Cricket Stadium,60,120.0,24.9951030610093,73.51228298037874,15.68192255542297,-64.59459459459458,,caught,3
TK Curran,10,10,127,107,25.4,118.6915887850467,10,3,45.66929133858267,8.23076923076923,33.64485981308411,54,1,0,0,,,101.7543859649123,138.0,130.0,97.29729729729729,,,118.6915887850467,Dubai International Cricket Stadium,54,145.9459459459459,12.75542315924998,43.65552321089692,40.9255080937785,,36.24561403508773,caught,4
P Dogra,12,12,127,138,11.54545454545454,92.02898550724638,4,5,36.22047244094488,15.33333333333333,43.47826086956522,41,0,0,0,,,71.05263157894737,117.741935483871,108.4745762711864,79.74683544303798,,54.54545454545455,95.2755905511811,Brabourne Stadium,41,141.3793103448276,7.694325082359591,45.39372641004142,32.85015705556842,,46.68930390492359,caught,4
SS Prabhudessai,10,10,126,105,12.6,120.0,11,4,53.96825396825397,7.0,45.71428571428572,34,0,0,0,,66.66666666666667,128.7671232876712,120.0,141.2698412698413,88.0952380952381,,92.5,136.9230769230769,"Dr DY Patil Sports Academy, Mumbai",44,169.2307692307692,13.52535675686839,54.3698641336392,50.17753836613562,62.10045662100457,-8.76712328767124,caught,6
BB Samantray,8,8,125,113,25.0,110.6194690265487,13,2,51.2,7.533333333333333,39.82300884955752,55,1,0,0,,71.42857142857143,109.6774193548387,140.0,107.1428571428571,111.1111111111111,,106.25,135.2941176470588,"Rajiv Gandhi International Stadium, Uppal",70,116.6666666666667,15.18736996404119,43.99286908922737,,38.24884792626727,30.3225806451613,caught,2
MC Juneja,7,7,125,128,17.85714285714286,97.65625,11,1,40.0,10.66666666666667,37.5,49,0,0,0,,111.1111111111111,93.61702127659575,106.25,116.3934426229508,80.59701492537313,,97.65625,,Feroz Shah Kotla,51,80.95238095238095,14.18580742701371,54.37673877716519,36.2642412657561,-17.49408983451536,12.63297872340425,caught,5
MM Sharma,30,30,125,136,6.944444444444445,91.91176470588235,9,4,48.0,10.46153846153846,49.26470588235294,21,0,0,0,,,76.59574468085107,100.0,112.9032258064516,74.32432432432432,,,91.91176470588235,Eden Gardens,32,168.421052631579,3.268489584493301,43.37334093011609,36.04920387494516,,23.40425531914893,caught,10
Kamran Akmal,6,6,124,77,24.8,161.038961038961,12,8,77.41935483870968,3.85,42.85714285714285,53,1,0,0,,117.5,255.0,152.9411764705882,144.8979591836735,189.2857142857143,120.5882352941177,168.5714285714286,300.0,"MA Chidambaram Stadium, Chepauk",53,189.2857142857143,34.35555612374849,54.84727870570042,57.86451291317506,137.5,-102.0588235294118,caught,3
B Lee,19,19,124,96,12.4,129.1666666666667,8,8,64.51612903225806,6.0,41.66666666666666,25,0,0,0,,,120.0,130.2325581395349,127.6595744680851,130.6122448979592,,,129.1666666666667,Sawai Mansingh Stadium,30,157.8947368421053,8.044279988246688,48.55375498021039,37.31371705841201,,10.23255813953489,caught,6
AB McDonald,9,9,123,100,24.6,123.0,9,4,48.78048780487805,7.692307692307693,35.0,33,0,0,0,,157.8947368421053,81.25,123.0769230769231,106.5217391304348,137.037037037037,157.8947368421053,75.0,121.7391304347826,M Chinnaswamy Stadium,57,132.5581395348837,14.53286706547254,54.44613088895404,29.42377921359524,-76.64473684210526,41.82692307692308,caught,3
M Morkel,20,20,122,89,11.09090909090909,137.0786516853933,10,5,57.37704918032787,5.933333333333334,35.95505617977528,23,0,0,0,,,111.1111111111111,140.0,162.3188405797102,50.0,,,137.0786516853933,Feroz Shah Kotla,36,138.4615384615385,7.631450897506591,47.46919695763948,57.22913093781073,,28.88888888888889,caught,6
DL Vettori,16,16,121,112,15.125,108.0357142857143,11,2,46.28099173553719,8.615384615384615,35.71428571428572,29,0,0,0,,,88.67924528301887,125.4237288135593,112.7272727272727,103.5087719298246,,,108.0357142857143,Feroz Shah Kotla,39,97.5,6.927882764397382,45.61006929413483,32.92139493147339,,36.74448353054045,bowled,4
NK Patel,6,6,121,119,30.25,101.6806722689076,14,1,51.2396694214876,7.933333333333334,47.05882352941177,57,1,0,0,,81.81818181818181,92.85714285714286,168.1818181818182,110.3092783505155,63.63636363636363,118.0,47.36842105263158,141.9354838709677,"Punjab Cricket Association Stadium, Mohali",57,146.1538461538462,18.02863958472759,46.73776909226049,50.08823523601762,11.03896103896105,75.32467532467533,bowled,2
AC Blizzard,7,7,120,90,17.14285714285714,133.3333333333333,21,2,80.0,3.91304347826087,52.22222222222222,51,1,0,0,,130.2631578947368,150.0,,126.2295081967213,148.2758620689655,133.3333333333333,,,Wankhede Stadium,89,148.3333333333333,23.92825427857473,46.8199249204035,0.0,19.73684210526315,,caught,6
TG Southee,19,19,120,106,9.23076923076923,113.2075471698113,8,4,46.66666666666666,8.833333333333334,42.45283018867924,36,0,0,0,,,51.85185185185185,134.1772151898734,92.85714285714286,126.5625,,,113.2075471698113,Maharashtra Cricket Association Stadium,43,148.2758620689655,6.074785320314437,40.01045768927128,23.15912413304281,,82.32536333802156,caught,7
Arshad Khan,10,10,119,84,23.8,141.6666666666667,5,9,62.18487394957983,6.0,39.28571428571428,58,1,0,0,,,130.0,148.1481481481482,155.7692307692308,118.75,,,141.6666666666667,"Arun Jaitley Stadium, Delhi",58,175.7575757575758,15.8907735411346,39.53592619481207,52.16333640826132,,18.14814814814815,caught,3
Harpreet Singh,8,8,119,118,17.0,100.8474576271186,9,3,45.3781512605042,9.833333333333334,41.52542372881356,37,0,0,0,,103.448275862069,82.6923076923077,124.3243243243243,103.7735849056604,98.46153846153847,,106.5217391304348,80.76923076923077,"Wankhede Stadium, Mumbai",37,137.037037037037,12.66825242776218,57.84063888287734,20.94438442555889,-20.75596816976127,41.63201663201663,caught,2
Misbah-ul-Haq,8,8,117,81,16.71428571428572,144.4444444444445,10,6,64.95726495726495,5.0625,37.03703703703704,47,0,0,0,,142.1052631578947,114.2857142857143,210.0,117.2413793103448,159.6153846153846,,147.2972972972973,114.2857142857143,M Chinnaswamy Stadium,58,152.6315789473684,20.26182821976086,45.29544302057025,22.0300690346887,-27.81954887218045,95.71428571428571,caught,4
DL Chahar,16,16,117,84,14.625,139.2857142857143,5,8,58.11965811965812,6.461538461538462,36.90476190476191,39,0,0,0,,,161.7647058823529,124.0,150.9803921568627,121.2121212121212,,,139.2857142857143,Maharashtra Cricket Association Stadium,53,203.8461538461538,9.346757669867015,39.43804604766296,43.40682823027119,,-37.76470588235293,caught,6
MW Short,6,6,117,92,19.5,127.1739130434783,15,4,71.7948717948718,4.842105263157895,48.91304347826087,36,0,0,0,,137.1794871794872,71.42857142857143,,144.8275862068965,119.0476190476191,110.0,129.2682926829268,,"Punjab Cricket Association IS Bindra Stadium, Mohali, Chandigarh",71,124.5614035087719,24.77875821463387,56.96039411033868,,-65.75091575091575,,bowled,3
RJ Harris,21,21,116,111,9.666666666666666,104.5045045045045,6,3,36.20689655172414,12.33333333333333,41.44144144144144,16,0,0,0,,,80.0,111.6279069767442,91.93548387096774,120.4081632653061,,,104.5045045045045,Dr DY Patil Sports Academy,18,100.0,4.546704347071947,49.97976520329991,27.75481313389461,,31.62790697674419,caught,9
Z Khan,27,27,116,140,8.285714285714286,82.85714285714286,11,2,48.27586206896552,10.76923076923077,52.85714285714285,23,0,0,0,,0.0,31.03448275862069,99.07407407407408,65.88235294117646,109.0909090909091,,0.0,84.67153284671532,M Chinnaswamy Stadium,43,93.47826086956522,3.041604506906332,40.43266719568192,21.96563584338387,31.03448275862069,68.03959131545338,caught,6
KK Cooper,12,12,115,67,12.77777777777778,171.6417910447761,9,8,73.04347826086956,3.941176470588236,40.29850746268657,32,0,0,0,,350.0,136.3636363636364,181.3953488372093,163.1578947368421,182.7586206896552,,154.1666666666667,181.3953488372093,"Sardar Patel Stadium, Motera",37,154.1666666666667,16.54435286377971,49.0168890661138,60.39366474888036,-213.6363636363636,45.03171247357292,caught,7
DJM Short,7,7,115,99,16.42857142857143,116.1616161616162,11,5,64.34782608695652,6.1875,45.45454545454545,44,0,0,0,,83.33333333333333,166.6666666666667,,160.0,97.10144927536231,116.1616161616162,,,Sawai Mansingh Stadium,50,108.695652173913,18.23307176690946,46.3153310856372,,83.33333333333333,,caught,4
Aman Hakim Khan,10,10,115,104,12.77777777777778,110.5769230769231,8,6,59.1304347826087,7.428571428571429,48.07692307692308,51,1,0,0,,80.0,89.65517241379311,143.9024390243902,100.0,119.2982456140351,,,110.5769230769231,"Narendra Modi Stadium, Ahmedabad",51,115.9090909090909,11.75235812464158,43.35082729584629,33.27980170074584,9.65517241379311,54.24726661059714,caught,7
M Kartik,14,14,112,107,16.0,104.6728971962617,7,1,30.35714285714286,13.375,28.97196261682243,21,0,0,0,,,109.6774193548387,102.6315789473684,97.22222222222223,108.4507042253521,,,104.6728971962617,Eden Gardens,48,109.0909090909091,6.32479580461862,55.24579278825932,26.36430664026325,,-7.04584040747028,caught,2
Mohammed Siraj,21,21,112,121,11.2,92.56198347107438,10,4,57.14285714285715,8.642857142857142,53.71900826446281,14,0,0,0,,,,92.56198347107438,102.4096385542169,71.05263157894737,,,92.56198347107438,"Dr DY Patil Sports Academy, Mumbai",14,127.2727272727273,4.485470954111459,52.15716858927522,33.58525176023756,,,caught,6
DJ Harris,4,4,111,101,27.75,109.9009900990099,11,5,66.66666666666667,6.3125,49.50495049504951,47,0,0,0,,89.0625,145.9459459459459,,104.6511627906977,113.7931034482759,109.9009900990099,,,"Rajiv Gandhi International Stadium, Uppal",49,106.5217391304348,29.56935153957204,65.96947331473692,20.16177708448798,56.88344594594594,,caught,3
MA Starc,21,21,111,119,10.09090909090909,93.27731092436974,11,0,39.63963963963964,10.81818181818182,42.01680672268908,29,0,0,0,,,105.7142857142857,88.0952380952381,101.5873015873016,83.92857142857143,,,93.27731092436974,M Chinnaswamy Stadium,45,115.3846153846154,3.977160539365643,42.65061742852522,33.14240216663335,,-17.61904761904761,caught,7
MJ Santner,19,19,109,103,13.625,105.8252427184466,6,6,55.04587155963303,8.583333333333334,45.63106796116505,21,0,0,0,,83.33333333333333,72.41379310344827,136.0,120.5882352941177,77.14285714285714,,83.33333333333333,112.6582278481013,MA Chidambaram Stadium,21,110.5263157894737,5.449478420471918,46.79713833363726,38.14502890876668,-10.91954022988506,63.58620689655173,caught,5
JDP Oram,11,11,106,107,13.25,99.06542056074767,6,5,50.9433962264151,9.727272727272727,43.92523364485982,41,0,0,0,,,75.86206896551724,126.530612244898,112.5,97.97979797979798,,100.0,98.21428571428571,Kingsmead,65,101.5625,8.359400481435006,45.3312515080818,22.16941797351107,,50.66854327938071,caught,5
DS Kulkarni,20,20,104,108,11.55555555555556,96.29629629629629,7,2,38.46153846153846,12.0,41.66666666666666,28,0,0,0,,,50.0,101.0204081632653,92.94117647058823,108.695652173913,,,96.29629629629629,Dubai International Cricket Stadium,28,147.3684210526316,4.005452029710809,46.15534680041913,29.57767756112554,,51.0204081632653,run out,4
RJ Quiney,7,7,103,102,14.71428571428571,100.9803921568627,12,3,64.07766990291262,6.8,52.94117647058823,51,1,0,0,,91.54929577464789,132.1428571428571,33.33333333333334,77.58620689655173,131.8181818181818,97.82608695652173,130.0,,Kingsmead,52,123.8095238095238,14.16570923908123,44.58120698109902,13.55878627213539,40.59356136820925,-98.8095238095238,caught,4
LJ Wright,5,5,102,59,20.4,172.8813559322034,15,3,76.47058823529412,3.277777777777778,32.20338983050848,40,0,0,0,,100.0,93.33333333333333,222.2222222222222,103.7037037037037,231.25,,193.5483870967742,150.0,Subrata Roy Sahara Stadium,42,150.0,36.21314253251727,55.28228300420832,32.42277378625993,-6.666666666666671,128.8888888888889,caught,4
MS Gony,15,15,99,70,9.9,141.4285714285714,6,8,72.72727272727273,5.0,47.14285714285715,42,0,0,0,,,64.70588235294117,166.0377358490566,96.875,178.9473684210526,,,141.4285714285714,"Punjab Cricket Association Stadium, Mohali",45,214.2857142857143,9.357209237374724,37.88327674635081,24.2513924927524,,101.3318534961154,bowled,4
Azmatullah Omarzai,9,9,99,74,12.375,133.7837837837838,8,5,62.62626262626262,5.692307692307693,36.48648648648648,21,0,0,0,,,125.0,161.1111111111111,108.3333333333333,146.0,,123.6842105263158,144.4444444444445,"Narendra Modi Stadium, Ahmedabad",34,121.4285714285714,13.90531768250039,57.84721149059088,18.54407811296566,,36.11111111111111,caught,8
MJ Clarke,6,6,98,94,16.33333333333333,104.2553191489362,12,0,48.97959183673469,7.833333333333333,43.61702127659574,41,0,0,0,,118.75,73.33333333333333,,107.8947368421053,88.88888888888889,116.3934426229508,81.81818181818181,,Subrata Roy Sahara Stadium,56,91.80327868852459,14.74182023446482,55.30284900851783,25.85304905632981,-45.41666666666667,,lbw,2
CJ Ferguson,8,8,98,117,16.33333333333333,83.76068376068376,9,0,36.73469387755102,13.0,47.86324786324786,23,0,0,0,,70.83333333333333,82.85714285714286,100.0,84.84848484848484,82.3529411764706,,76.92307692307692,97.43589743589743,Dr DY Patil Sports Academy,27,84.375,8.138329897573225,66.62903710430872,17.15182639418473,12.02380952380953,17.14285714285714,caught and bowled,2
PN Mankad,5,5,97,72,32.33333333333334,134.7222222222222,13,2,65.97938144329896,4.8,40.27777777777778,64,1,0,0,,121.6216216216216,141.6666666666667,163.6363636363636,136.5384615384615,130.0,50.0,138.4615384615385,400.0,"Rajiv Gandhi International Stadium, Uppal, Hyderabad",64,142.2222222222222,25.23143590767346,41.8136826761382,41.32404823999661,20.04504504504503,21.96969696969697,caught,3
SD Chitnis,8,8,93,88,13.28571428571429,105.6818181818182,10,1,49.46236559139785,8.0,39.77272727272727,38,0,0,0,,16.66666666666667,119.5652173913043,102.7777777777778,103.3333333333333,106.8965517241379,,105.7692307692308,105.5555555555556,Himachal Pradesh Cricket Association Stadium,49,111.3636363636364,10.66135781635947,51.36831867143415,20.17861928727616,102.8985507246377,-16.78743961352657,caught,6
JDS Neesham,10,10,92,93,10.22222222222222,98.9247311827957,6,2,39.1304347826087,11.625,43.01075268817204,22,0,0,0,,,108.695652173913,89.36170212765957,112.280701754386,77.77777777777777,,,98.9247311827957,Sheikh Zayed Stadium,31,124.0,7.341902352442455,55.65536416469845,37.20581481093582,,-19.33395004625348,caught,7
DJ Jacobs,7,7,92,98,13.14285714285714,93.87755102040816,10,4,69.56521739130434,7.0,60.20408163265306,32,0,0,0,,91.20879120879121,128.5714285714286,,104.5454545454545,90.78947368421052,93.87755102040816,,,"Rajiv Gandhi International Stadium, Uppal",32,160.0,12.15169670180662,53.72572066450162,,37.36263736263737,,bowled,6
PHKD Mendis,5,5,91,68,22.75,133.8235294117647,7,2,43.95604395604396,7.555555555555555,32.35294117647059,32,0,0,0,,55.55555555555556,174.2857142857143,104.1666666666667,142.8571428571429,20.0,,143.9024390243902,118.5185185185185,"Bharat Ratna Shri Atal Bihari Vajpayee Ekana Cricket Stadium, Lucknow",32,152.3809523809524,20.38677259196959,52.80014308486272,32.42031453281007,118.7301587301587,-70.1190476190476,caught,3
AJ Tye,13,13,91,75,10.11111111111111,121.3333333333333,6,5,59.34065934065934,6.818181818181818,46.66666666666666,25,0,0,0,,,131.25,118.6440677966102,143.2432432432433,100.0,,,121.3333333333333,Saurashtra Cricket Association Stadium,53,182.7586206896552,7.849132975830715,45.7919330970796,41.44484716086412,,-12.60593220338983,caught,5
PR Shah,9,9,91,90,11.375,101.1111111111111,9,2,52.74725274725274,8.181818181818182,48.88888888888889,29,0,0,0,,96.7741935483871,89.74358974358974,130.0,140.0,86.15384615384616,,95.16129032258064,114.2857142857143,SuperSport Park,41,136.6666666666667,9.06205661146563,52.32649290935853,13.55878627213539,-7.030603804797366,40.25641025641026,caught,6
RT Ponting,9,9,91,128,10.11111111111111,71.09375,5,2,35.16483516483517,18.28571428571428,53.125,28,0,0,0,,60.0,86.79245283018868,,74.4186046511628,69.41176470588235,69.33333333333333,73.58490566037736,,M Chinnaswamy Stadium,48,90.56603773584905,5.626094966509945,49.18636092380925,,26.79245283018868,,caught,5
AD Nath,10,10,90,98,9.0,91.83673469387755,7,2,44.44444444444444,10.88888888888889,44.89795918367347,24,0,0,0,,100.0,91.93548387096774,88.0,77.41935483870968,98.50746268656717,,89.0909090909091,95.34883720930233,M.Chinnaswamy Stadium,46,117.9487179487179,6.920500927005207,53.11536302021967,3.496836354712494,-8.064516129032256,-3.935483870967744,caught,8
SL Malinga,20,20,88,99,5.5,88.88888888888889,6,5,61.36363636363637,9.0,55.55555555555556,17,0,0,0,,,66.66666666666667,89.58333333333333,95.89041095890411,69.23076923076923,,,88.88888888888889,Wankhede Stadium,21,150.0,3.643084802467182,46.20037514359402,29.2998048139802,,22.91666666666666,run out,6
Ankit Sharma,10,10,87,67,12.42857142857143,129.8507462686567,7,4,59.77011494252874,6.090909090909091,40.29850746268657,30,0,0,0,,117.3913043478261,120.0,141.1764705882353,145.0,123.4042553191489,111.1111111111111,,142.5,JSCA International Stadium Complex,30,111.1111111111111,10.47909618613754,44.37840924096845,36.53731158853702,2.608695652173907,21.1764705882353,caught,7
AP Majumdar,4,4,87,76,21.75,114.4736842105263,7,2,45.97701149425287,8.444444444444445,35.52631578947368,31,0,0,0,,140.0,110.3448275862069,66.66666666666667,101.7857142857143,150.0,,114.4736842105263,,Subrata Roy Sahara Stadium,78,114.7058823529412,21.13432778770706,67.17892440669792,17.93105615254828,-29.65517241379311,-43.67816091954022,bowled,1
S Rana,8,8,87,79,21.75,110.126582278481,9,1,48.27586206896552,7.9,40.50632911392405,18,0,0,0,,90.9090909090909,33.33333333333334,133.3333333333333,124.1379310344828,102.0,,112.5,109.5238095238095,M Chinnaswamy Stadium,38,105.5555555555556,10.30942542902014,61.41126123924504,35.15240885368434,-57.57575757575757,100.0,bowled,3
Iqbal Abdulla,13,13,87,82,43.5,106.0975609756098,9,1,48.27586206896552,8.2,40.24390243902439,32,0,0,0,,,70.83333333333333,120.6896551724138,114.7058823529412,64.28571428571429,,,106.0975609756098,M Chinnaswamy Stadium,56,140.0,6.098982308710167,41.37763047028238,27.16170785922236,,49.85632183908046,caught,1
TA Boult,23,23,85,81,9.444444444444445,104.9382716049383,5,3,44.70588235294117,10.125,43.20987654320987,17,0,0,0,,,100.0,105.4054054054054,40.0,133.9285714285714,,,104.9382716049383,"Brabourne Stadium, Mumbai",17,188.8888888888889,3.235890573509669,41.96054371949703,7.467582169249034,,5.405405405405403,bowled,3
MJ McClenaghan,19,19,84,69,6.461538461538462,121.7391304347826,5,7,73.80952380952381,5.75,52.17391304347826,20,0,0,0,,0.0,152.6315789473684,112.2448979591837,140.0,87.5,,222.2222222222222,106.6666666666667,Wankhede Stadium,48,137.1428571428571,5.415592426280976,43.19148485251048,35.18150465507418,152.6315789473684,-40.38668098818474,caught,6
Mohammed Shami,27,27,84,89,6.0,94.38202247191012,7,2,47.61904761904762,9.88888888888889,47.19101123595506,21,0,0,0,,,107.1428571428571,92.0,116.6666666666667,68.29268292682927,,,94.38202247191012,Feroz Shah Kotla,33,137.5,2.492001748349785,41.58261523466057,35.50701903701356,,-15.14285714285714,caught,9
RE Levi,6,6,83,73,13.83333333333333,113.6986301369863,10,4,77.10843373493977,5.214285714285714,54.7945205479452,50,1,0,0,,108.7719298245614,131.25,,112.7659574468085,115.3846153846154,113.6986301369863,,,"MA Chidambaram Stadium, Chepauk",50,142.8571428571429,16.19040461253633,39.72468780908194,,22.4780701754386,,bowled,4
NM Coulter-Nile,16,16,82,72,7.454545454545454,113.8888888888889,7,4,63.41463414634146,6.545454545454546,50.0,24,0,0,0,,,56.25,130.3571428571429,166.6666666666667,103.3333333333333,,,113.8888888888889,Dubai International Cricket Stadium,24,200.0,5.522460366084522,47.85603152695596,31.18513889851769,,74.10714285714286,caught,6
Shahid Afridi,9,9,81,46,10.125,176.0869565217391,7,6,79.01234567901234,3.538461538461538,43.47826086956522,33,0,0,0,,238.8888888888889,88.88888888888889,220.0,234.7826086956522,117.3913043478261,220.0,204.5454545454545,33.33333333333334,Feroz Shah Kotla,33,235.7142857142857,16.48939688567469,44.16136101442934,0.0,-150.0,131.1111111111111,caught,7
CJ Jordan,12,12,81,77,8.1,105.1948051948052,3,3,37.03703703703704,12.83333333333333,44.15584415584416,30,0,0,0,,,16.66666666666667,112.6760563380282,100.0,108.1632653061225,,,105.1948051948052,"Narendra Modi Stadium, Ahmedabad",34,130.7692307692308,5.634465832239588,45.72311443385841,15.73576359620622,,96.0093896713615,caught,6
PWH de Silva,19,19,81,88,5.4,92.04545454545455,7,1,41.97530864197531,11.0,46.59090909090909,18,0,0,0,,,71.42857142857143,105.6603773584906,111.7647058823529,79.62962962962963,,100.0,91.66666666666667,"Maharashtra Cricket Association Stadium, Pune",18,128.5714285714286,3.212162240899887,47.00940201694666,25.98602064981498,,34.23180592991913,caught,8
LA Carseldine,5,5,80,66,20.0,121.2121212121212,11,0,55.0,6.0,40.90909090909091,39,0,0,0,,111.7647058823529,115.0,158.3333333333333,112.0,150.0,,122.4137931034483,112.5,St George's Park,39,125.8064516129032,17.47421832024667,54.88296023353014,,3.235294117647058,43.33333333333334,run out,2
RV Patel,7,7,80,73,16.0,109.5890410958904,6,2,45.0,9.125,35.61643835616438,23,0,0,0,,,90.3225806451613,123.8095238095238,95.74468085106383,134.6153846153846,,90.0,116.9811320754717,Dubai International Cricket Stadium,25,92.5925925925926,10.54386566704885,63.02558624448865,21.274376643626,,33.48694316436251,caught,3
AD Mascarenhas,11,11,79,78,8.777777777777779,101.2820512820513,5,1,32.91139240506329,13.0,35.8974358974359,27,0,0,0,,200.0,72.22222222222223,122.5,112.9032258064516,93.61702127659575,,200.0,98.6842105263158,Newlands,31,100.0,5.597958252036604,49.34265885610666,23.59213522071825,-127.7777777777778,50.27777777777777,caught,4
CR Woakes,12,12,78,77,13.0,101.2987012987013,7,2,51.28205128205128,8.555555555555555,42.85714285714285,18,0,0,0,,,71.42857142857143,112.5,103.5714285714286,100.0,,,101.2987012987013,Eden Gardens,25,83.33333333333333,5.768714822388405,52.48171218219206,28.0170485616994,,41.07142857142857,caught,4
JR Philippe,5,5,78,77,19.5,101.2987012987013,9,1,53.84615384615385,7.7,45.45454545454545,33,0,0,0,,92.72727272727273,130.0,50.0,0.0,105.4054054054054,106.9444444444444,0.0,50.0,Sheikh Zayed Stadium,45,109.7560975609756,14.12618716686399,49.15891705470005,0.0,37.27272727272727,-80.0,caught,2
B Akhil,11,11,76,55,12.66666666666667,138.1818181818182,5,5,65.78947368421052,5.5,43.63636363636363,27,0,0,0,,,128.5714285714286,144.1176470588235,160.7142857142857,114.8148148148148,,,138.1818181818182,"Rajiv Gandhi International Stadium, Uppal",27,385.7142857142857,9.185549299446157,47.1258914364389,22.4796622802946,,15.54621848739495,caught,3
IR Jaggi,7,7,76,97,15.2,78.35051546391753,6,0,31.57894736842105,16.16666666666667,49.48453608247423,28,0,0,0,,67.56756756756756,82.6086956521739,92.85714285714286,47.05882352941177,85.0,75.67567567567568,76.08695652173913,92.85714285714286,M Chinnaswamy Stadium,33,84.61538461538461,6.486138930626684,49.58985717733083,,15.04112808460634,10.24844720496895,caught,4
TR Birt,5,5,75,57,15.0,131.578947368421,9,2,64.0,5.181818181818182,43.85964912280702,27,0,0,0,,,71.42857142857143,166.6666666666667,93.33333333333333,174.0740740740741,,63.1578947368421,165.7894736842105,Feroz Shah Kotla,35,134.6153846153846,18.81823415540097,61.93345224486222,24.35820772569134,,95.23809523809523,caught,4
WPUJC Vaas,11,11,75,72,9.375,104.1666666666667,2,2,26.66666666666667,18.0,33.33333333333334,20,0,0,0,,,110.0,101.9230769230769,126.6666666666667,98.24561403508773,,,104.1666666666667,De Beers Diamond Oval,20,133.3333333333333,5.206822922305449,50.5845427257437,28.71484304084532,,-8.07692307692308,caught,4
RR Sarwan,4,4,73,75,18.25,97.33333333333333,6,1,41.0958904109589,10.71428571428571,41.33333333333334,31,0,0,0,,112.5,80.0,,100.0,77.77777777777777,100.0,96.66666666666667,,M Chinnaswamy Stadium,31,106.8965517241379,14.563927113522,64.49736687824414,20.94438442555889,-32.5,,caught,2
M Klinger,4,4,72,75,18.0,96.0,9,0,50.0,8.333333333333334,45.33333333333334,28,0,0,0,,104.1666666666667,81.48148148148148,,80.0,104.0,96.0,,,Nehru Stadium,30,96.7741935483871,15.06282913531635,61.16010083211955,,-22.68518518518519,,caught,2
SK Rasheed,5,5,71,63,14.2,112.6984126984127,9,2,67.6056338028169,5.727272727272728,53.96825396825397,27,0,0,0,,115.0,66.66666666666667,,136.6666666666667,90.9090909090909,112.6984126984127,,,"Bharat Ratna Shri Atal Bihari Vajpayee Ekana Cricket Stadium, Lucknow",27,142.1052631578947,15.58826161481961,58.71410632903223,26.08153622188841,-48.33333333333333,,caught,4
J Suchith,9,9,70,61,17.5,114.7540983606557,6,3,60.0,6.777777777777778,47.54098360655738,34,0,0,0,,,46.66666666666666,180.6451612903226,113.2075471698113,125.0,,,114.7540983606557,Wankhede Stadium,48,154.8387096774194,8.284270670840478,41.70501007140465,33.41906071224045,,133.9784946236559,caught,2
Vivrant Sharma,1,1,69,47,69.0,146.8085106382979,9,2,69.56521739130434,4.272727272727272,34.04255319148936,69,1,0,0,,112.5,182.6086956521739,,,146.8085106382979,146.8085106382979,,,"Wankhede Stadium, Mumbai",69,146.8085106382979,99.99999999999999,,,70.1086956521739,,caught,1
AA Bilakhia,7,7,69,84,13.8,82.14285714285714,5,0,28.98550724637681,16.8,46.42857142857143,22,0,0,0,,74.19354838709677,50.0,109.0909090909091,86.95652173913044,76.3157894736842,,64.70588235294117,109.0909090909091,SuperSport Park,48,88.88888888888889,6.049908381231295,56.52534418734586,44.9593245605892,-24.19354838709677,59.09090909090909,caught,2
Urvil Patel,3,3,68,32,22.66666666666667,212.5,5,6,82.3529411764706,2.909090909090909,34.375,37,0,0,0,,200.0,236.3636363636364,,281.8181818181818,176.1904761904762,,212.5,,"Narendra Modi Stadium, Ahmedabad",37,194.7368421052632,51.119662414726,53.30261262054347,,36.36363636363637,,caught,3
LH Ferguson,8,8,68,46,22.66666666666667,147.8260869565217,6,2,52.94117647058823,5.75,26.08695652173913,24,0,0,0,,,,147.8260869565217,158.3333333333333,144.1176470588235,,,147.8260869565217,Sharjah Cricket Stadium,24,184.6153846153846,11.15939135762304,47.90687053642286,28.84634373127993,,,caught,2
JJ Bumrah,27,27,68,78,9.714285714285714,87.17948717948718,5,1,38.23529411764706,13.0,44.87179487179487,16,0,0,0,,,100.0,86.3013698630137,78.26086956521739,100.0,,,87.17948717948718,Wankhede Stadium,22,122.2222222222222,1.735236836808426,41.24226913130589,22.59797712022565,,-13.6986301369863,caught,4
JG Bethell,2,2,67,39,33.5,171.7948717948718,9,3,80.59701492537313,3.25,35.8974358974359,55,1,0,0,,186.2068965517241,130.0,,200.0,166.6666666666667,171.7948717948718,,,"M Chinnaswamy Stadium, Bengaluru",55,166.6666666666667,60.4974076911957,52.42107797838208,,-56.20689655172413,,caught,2
RR Powar,9,9,67,64,22.33333333333333,104.6875,6,1,44.77611940298507,9.142857142857142,42.1875,28,0,0,0,,,0.0,111.6666666666667,100.0,105.8823529411765,,,104.6875,Wankhede Stadium,28,133.3333333333333,6.538584984889892,47.16815542161856,19.97054566011687,,111.6666666666667,bowled,2
HR Shokeen,5,5,66,65,22.0,101.5384615384615,9,0,54.54545454545455,7.222222222222222,47.69230769230769,25,0,0,0,,20.0,97.67441860465117,135.2941176470588,78.26086956521739,114.2857142857143,,,101.5384615384615,"Wankhede Stadium, Mumbai",36,100.0,12.03089059879659,56.09962462284197,,77.67441860465117,37.61969904240765,caught,2
R Sharma,19,19,66,75,4.714285714285714,88.0,5,3,57.57575757575758,9.375,61.33333333333334,14,0,0,0,,,50.0,89.04109589041096,66.66666666666667,111.1111111111111,,,88.0,Wankhede Stadium,23,109.5238095238095,2.772858543958802,40.55286126210689,11.82884578909292,,39.04109589041096,caught,6
GD Phillips,8,8,65,54,9.285714285714286,120.3703703703704,3,6,73.84615384615384,6.0,57.4074074074074,25,0,0,0,,0.0,80.0,204.5454545454545,171.875,45.45454545454545,,79.16666666666667,153.3333333333333,"Sawai Mansingh Stadium, Jaipur",25,357.1428571428572,9.869384191408464,49.97930708242258,50.41944232206629,80.0,124.5454545454545,caught,4
KA Jamieson,9,9,65,60,16.25,108.3333333333333,5,3,58.46153846153846,7.5,50.0,16,0,0,0,,,54.54545454545455,139.4736842105263,120.0,96.66666666666667,,,108.3333333333333,"MA Chidambaram Stadium, Chepauk, Chennai",27,158.8235294117647,7.188028480889215,52.42831426858231,33.92057653530951,,84.92822966507178,run out,3
WD Parnell,13,13,65,80,6.5,81.25,4,1,33.84615384615385,16.0,46.25,16,0,0,0,,78.57142857142857,62.5,84.48275862068965,50.0,98.07692307692308,,78.57142857142857,81.81818181818181,Dr DY Patil Sports Academy,28,90.3225806451613,3.134314744573786,50.59735487974074,10.88654993927607,-16.07142857142857,21.98275862068965,caught,5
Mohammad Hafeez,8,8,64,83,9.142857142857142,77.10843373493977,7,2,62.5,9.222222222222221,60.24096385542169,16,0,0,0,,77.77777777777777,68.42105263157895,111.1111111111111,104.0,65.51724137931035,88.46153846153847,71.42857142857143,72.09302325581395,Eden Gardens,25,75.75757575757575,5.805437946793612,60.68703294318497,,-9.356725146198826,42.69005847953217,caught,6
Anirudh Singh,4,4,63,66,15.75,95.45454545454545,6,1,47.61904761904762,9.428571428571429,46.96969696969697,40,0,0,0,,90.0,100.0,92.85714285714286,88.46153846153847,100.0,,96.07843137254902,93.33333333333333,Dr DY Patil Sports Academy,54,101.8867924528302,12.8924200390879,47.83869638968316,9.684847337239562,10.0,-7.142857142857139,caught,2
Avesh Khan,12,12,62,37,20.66666666666667,167.5675675675676,6,4,77.41935483870968,3.7,43.24324324324324,19,0,0,0,,,300.0,151.5151515151515,192.3076923076923,109.0909090909091,,,167.5675675675676,"Himachal Pradesh Cricket Association Stadium, Dharamsala",19,190.0,8.91314948671403,48.10734400741725,57.61233468595793,,-148.4848484848485,bowled,1
A Flintoff,3,3,62,53,31.0,116.9811320754717,5,2,51.61290322580645,7.571428571428571,37.73584905660378,24,0,0,0,,107.6923076923077,100.0,147.0588235294118,100.0,169.2307692307692,,116.9811320754717,,Newlands,24,104.3478260869565,21.31410333425075,83.23265315139652,,-7.692307692307693,47.05882352941177,caught,1
SP Jackson,8,8,61,57,10.16666666666667,107.0175438596491,5,1,42.62295081967213,9.5,35.08771929824562,16,0,0,0,,111.1111111111111,94.44444444444444,113.3333333333333,118.1818181818182,91.66666666666667,,157.1428571428571,90.69767441860465,Eden Gardens,22,157.1428571428571,6.745428472362869,59.93428133230947,20.94438442555889,-16.66666666666667,18.88888888888889,caught,4
Harshit Rana,10,10,59,55,9.833333333333334,107.2727272727273,5,3,64.40677966101696,6.875,56.36363636363637,34,0,0,0,,,138.0952380952381,88.23529411764706,128.2051282051282,56.25,,,107.2727272727273,"Arun Jaitley Stadium, Delhi",34,154.5454545454545,6.027531748748546,36.32212428067824,41.72254072157745,,-49.85994397759104,caught,2
S Aravind,10,10,59,57,14.75,103.5087719298246,7,0,47.45762711864407,8.142857142857142,42.10526315789474,14,0,0,0,,,83.33333333333333,108.8888888888889,125.0,52.94117647058823,,,103.5087719298246,M Chinnaswamy Stadium,33,89.1891891891892,5.212094027947814,55.90534295449139,35.13202569728486,,25.55555555555556,bowled,1
Sandeep Sharma,26,26,59,74,9.833333333333334,79.72972972972973,4,0,27.11864406779661,18.5,40.54054054054054,9,0,0,0,,,80.0,79.66101694915254,91.37931034482759,37.5,,,79.72972972972973,M Chinnaswamy Stadium,12,85.71428571428571,1.307049817379073,45.47216692997839,28.9316451412703,,-0.3389830508474603,caught,3
MG Bracewell,4,4,58,47,29.0,123.4042553191489,6,1,51.72413793103448,6.714285714285714,31.91489361702128,26,0,0,0,,100.0,134.375,100.0,104.5454545454545,140.0,,128.9473684210526,100.0,"M Chinnaswamy Stadium, Bengaluru",26,162.5,15.77853194462611,59.46852840111924,23.92903586737111,34.375,-34.375,caught,1
I Sharma,21,21,57,69,9.5,82.6086956521739,4,2,49.12280701754386,11.5,53.6231884057971,10,0,0,0,,,85.71428571428571,81.81818181818181,64.1025641025641,106.6666666666667,,,82.6086956521739,Dr. Y.S. Rajasekhara Reddy ACA-VDCA Cricket Stadium,10,333.3333333333333,1.914927522407123,48.04644131266235,15.36482757595211,,-3.896103896103895,bowled,2
WA Mota,8,8,56,75,9.333333333333334,74.66666666666667,2,0,14.28571428571429,37.5,38.66666666666666,25,0,0,0,,,68.75,85.18518518518519,57.14285714285715,78.68852459016394,,,74.66666666666667,Wankhede Stadium,25,96.15384615384616,3.446371164820641,46.5011435213479,8.83517467682888,,16.43518518518519,caught,3
Vishnu Vinod,6,6,55,56,9.166666666666666,98.21428571428571,3,3,54.54545454545455,9.333333333333334,46.42857142857143,30,0,0,0,,47.61904761904762,136.0,110.0,60.0,106.5217391304348,47.61904761904762,150.0,100.0,"Wankhede Stadium, Mumbai",30,150.0,8.070643809576257,46.39578187534846,8.83517467682888,88.38095238095238,-26.0,caught,4
M Rawat,11,11,55,69,11.0,79.71014492753623,4,1,40.0,13.8,47.82608695652174,23,0,0,0,,0.0,68.18181818181819,88.88888888888889,89.0909090909091,42.85714285714285,0.0,,82.08955223880596,"Punjab Cricket Association Stadium, Mohali",23,121.0526315789474,3.217134505846955,43.84763242470081,25.65318047765826,68.18181818181819,20.7070707070707,caught,3
PVD Chameera,10,10,53,42,13.25,126.1904761904762,3,3,56.60377358490566,7.0,38.09523809523809,17,0,0,0,,,100.0,126.8292682926829,120.6896551724138,138.4615384615385,,,126.1904761904762,"Wankhede Stadium, Mumbai",22,122.2222222222222,6.067340040850886,45.31730793033761,32.72810479480955,,26.82926829268293,bowled,1
DJ Willey,5,5,53,62,26.5,85.48387096774194,7,0,52.83018867924528,8.857142857142858,54.83870967741935,20,0,0,0,,54.54545454545455,79.3103448275862,109.0909090909091,81.66666666666667,200.0,,60.0,109.375,"Eden Gardens, Kolkata",20,100.0,8.032612695155105,55.06865592282379,27.10048174902182,24.76489028213166,29.78056426332289,bowled,1
A Chopra,6,6,53,71,8.833333333333334,74.64788732394366,7,0,52.83018867924528,10.14285714285714,57.74647887323944,24,0,0,0,,69.23076923076923,83.33333333333333,50.0,66.66666666666667,75.0,81.63265306122449,57.89473684210526,66.66666666666667,"Rajiv Gandhi International Stadium, Uppal",24,104.3478260869565,5.836518418682568,49.47625915831843,5.542354493377767,14.1025641025641,-33.33333333333333,caught,2
RP Singh,28,28,52,76,3.466666666666667,68.42105263157895,2,1,26.92307692307692,25.33333333333333,51.31578947368421,10,0,0,0,,,33.33333333333334,71.42857142857143,56.09756097560975,82.85714285714286,,,68.42105263157895,"Rajiv Gandhi International Stadium, Uppal",23,135.2941176470588,0.9068911272584872,46.2840994318013,12.79934603784154,,38.09523809523809,caught,5
OF Smith,6,6,51,44,17.0,115.9090909090909,1,5,66.66666666666667,7.333333333333333,52.27272727272727,25,0,0,0,,,33.33333333333334,137.1428571428571,312.5,72.22222222222223,,,115.9090909090909,"Dr DY Patil Sports Academy, Mumbai",38,165.2173913043478,9.530522792826,47.21532035634635,33.2541269602666,,103.8095238095238,caught,2
Swapnil Singh,9,9,51,45,10.2,113.3333333333333,3,3,58.8235294117647,7.5,44.44444444444444,15,0,0,0,,,96.15384615384616,136.8421052631579,121.4285714285714,109.6774193548387,,,113.3333333333333,"M Chinnaswamy Stadium, Bengaluru",15,150.0,5.907879972739853,49.37780329164763,3.325412696026659,,40.68825910931173,caught,3
Shoaib Malik,5,5,51,46,12.75,110.8695652173913,5,0,39.21568627450981,9.2,30.43478260869565,23,0,0,0,,130.7692307692308,100.0,114.2857142857143,109.5238095238095,112.0,,111.1111111111111,100.0,Dr DY Patil Sports Academy,23,109.5238095238095,9.136268119184436,50.16204098072092,,-30.76923076923077,14.28571428571429,caught,3
KB Arun Karthik,8,8,51,51,10.2,100.0,4,1,43.13725490196079,10.2,43.13725490196079,19,0,0,0,,,118.1818181818182,86.20689655172414,103.8461538461538,96.0,,,100.0,M Chinnaswamy Stadium,25,96.15384615384616,5.281825879243049,50.38412327872554,25.85304905632981,,-31.97492163009404,caught,2
Shivam Mavi,11,11,51,56,5.666666666666667,91.07142857142857,4,2,54.90196078431372,9.333333333333334,53.57142857142857,20,0,0,0,,,60.0,94.11764705882354,97.5,75.0,,,91.07142857142857,Dubai International Cricket Stadium,20,153.8461538461538,3.776724524898577,43.5711305015545,29.09967074950723,,34.11764705882354,caught,5
R Rampaul,7,7,50,49,10.0,102.0408163265306,3,2,48.0,9.8,48.97959183673469,22,0,0,0,,,93.75,106.0606060606061,141.6666666666667,64.0,,,102.0408163265306,Wankhede Stadium,22,129.4117647058823,6.249834802030668,45.23055172197731,30.81875341786934,,12.31060606060606,caught,4
RV Gomez,9,9,50,51,10.0,98.03921568627452,5,1,52.0,8.5,49.01960784313726,26,0,0,0,,0.0,0.0,113.6363636363636,0.0,100.0,,0.0,100.0,Dr DY Patil Sports Academy,26,144.4444444444445,4.789058470697028,39.7297798838509,,0.0,113.6363636363636,caught,3
AS Yadav,6,6,49,39,9.8,125.6410256410256,5,2,65.3061224489796,5.571428571428571,43.58974358974359,16,0,0,0,,,100.0,134.4827586206897,75.0,131.4285714285714,,,125.6410256410256,"Rajiv Gandhi International Stadium, Uppal",36,144.0,9.84563702593262,58.14225697560386,5.542354493377767,,34.48275862068965,caught,4
A Nortje,13,13,49,49,8.166666666666666,100.0,6,0,48.97959183673469,8.166666666666666,46.93877551020408,23,0,0,0,,,,100.0,91.42857142857143,121.4285714285714,,,100.0,"M Chinnaswamy Stadium, Bengaluru",23,164.2857142857143,3.237910457719499,38.51957305704735,24.19120559186818,,,bowled,3
SB Bangar,7,7,49,58,7.0,84.48275862068965,1,3,44.89795918367347,14.5,48.27586206896552,17,0,0,0,,,48.57142857142857,139.1304347826087,105.0,73.6842105263158,,,84.48275862068965,M Chinnaswamy Stadium,17,242.8571428571429,4.958004796399876,52.95707502535438,39.15660414660726,,90.55900621118012,caught,5
VR Aaron,12,12,49,71,9.8,69.01408450704226,2,2,40.81632653061224,17.75,59.15492957746479,17,0,0,0,,,0.0,70.0,69.44444444444444,68.57142857142857,,,69.01408450704226,M Chinnaswamy Stadium,23,121.0526315789474,2.278693812665692,43.84252894717741,13.05220138220242,,70.0,caught,2
M Markande,10,10,48,42,16.0,114.2857142857143,5,1,54.16666666666666,7.0,42.85714285714285,18,0,0,0,,,0.0,117.0731707317073,100.0,135.2941176470588,,,114.2857142857143,"Narendra Modi Stadium, Ahmedabad",18,200.0,4.892881973980917,47.88566433134996,25.41726023550401,,117.0731707317073,bowled,1
T Kohler-Cadmore,3,3,48,54,16.0,88.88888888888889,7,1,70.83333333333333,6.75,61.11111111111111,20,0,0,0,,92.15686274509804,33.33333333333334,,96.7741935483871,78.26086956521739,88.88888888888889,,,"Narendra Modi Stadium, Ahmedabad",20,133.3333333333333,14.11722322803298,75.14735002131334,,-58.8235294117647,,caught,2
AG Paunikar,5,5,48,55,9.6,87.27272727272727,9,0,75.0,6.111111111111111,65.45454545454545,20,0,0,0,,87.27272727272727,,,96.0,80.0,88.88888888888889,0.0,,"Rajiv Gandhi International Stadium, Uppal",20,111.1111111111111,8.506335356149837,54.29605812911591,,,,caught,3
C Bosch,2,2,47,32,23.5,146.875,3,3,63.82978723404256,5.333333333333333,37.5,27,0,0,0,,,40.0,166.6666666666667,,146.875,,,146.875,"Wankhede Stadium, Mumbai",47,146.875,32.89918305602787,82.60178768319096,,,126.6666666666667,caught,1
Yashpal Singh,4,4,47,65,11.75,72.3076923076923,5,0,42.5531914893617,13.0,56.92307692307692,20,0,0,0,,48.57142857142857,76.47058823529412,130.7692307692308,75.55555555555556,65.0,,57.4468085106383,111.1111111111111,Newlands,20,111.1111111111111,7.021113906435419,65.32015450547854,24.78862708049564,27.89915966386555,54.29864253393666,caught,4
Ravi Bishnoi,16,16,45,66,4.5,68.18181818181819,2,2,44.44444444444444,16.5,62.12121212121212,13,0,0,0,,,50.0,75.0,69.64285714285714,60.0,,,68.18181818181819,"Wankhede Stadium, Mumbai",13,92.85714285714286,1.580760849770674,46.23580167783275,19.82962079196718,,25.0,caught,4
D Pretorius,5,5,44,28,11.0,157.1428571428571,3,3,68.18181818181819,4.666666666666667,35.71428571428572,22,0,0,0,,,,157.1428571428571,162.962962962963,0.0,,,157.1428571428571,"Dr DY Patil Sports Academy, Mumbai",22,157.1428571428571,13.51204530770434,49.1786219135471,46.94338381818794,,,caught,2
DR Sams,13,13,44,44,4.888888888888889,100.0,1,3,50.0,11.0,50.0,15,0,0,0,,16.66666666666667,114.2857142857143,112.5,82.85714285714286,166.6666666666667,,94.11764705882354,103.7037037037037,"Wankhede Stadium, Mumbai",19,76.0,2.924323434143284,44.42813097013035,19.3333016564533,97.61904761904762,-1.785714285714292,caught,6
Sunny Singh,5,5,43,31,10.75,138.7096774193548,6,1,69.76744186046511,4.428571428571429,38.70967741935484,20,0,0,0,,187.5,150.0,77.77777777777777,130.0,154.5454545454545,,181.8181818181818,115.0,"Punjab Cricket Association Stadium, Mohali",25,156.25,11.76169709302803,53.74092380128939,9.816860752032088,-37.5,-72.22222222222223,caught,3
AB Barath,3,3,42,42,21.0,100.0,5,1,61.90476190476191,7.0,50.0,33,0,0,0,,128.5714285714286,95.65217391304348,40.0,100.0,,122.2222222222222,40.0,70.0,"Punjab Cricket Association Stadium, Mohali",33,122.2222222222222,13.16816620429967,45.68696009968024,11.01503451734435,-32.9192546583851,-55.65217391304348,caught,1
SK Trivedi,14,14,42,58,6.0,72.41379310344827,3,1,42.85714285714285,14.5,58.62068965517241,9,0,0,0,,,0.0,73.6842105263158,72.41379310344827,72.41379310344827,,,72.41379310344827,Feroz Shah Kotla,10,83.33333333333333,1.775019268918137,51.23393492084178,18.19288637297283,,73.6842105263158,bowled,4
LPC Silva,3,3,40,26,20.0,153.8461538461538,5,1,65.0,4.333333333333333,34.61538461538461,23,0,0,0,,128.5714285714286,88.88888888888889,230.0,121.4285714285714,191.6666666666667,,153.8461538461538,,"Punjab Cricket Association Stadium, Mohali",23,230.0,19.67883012235825,52.77667290034494,26.55924330053104,-39.6825396825397,141.1111111111111,caught,2
BR Dunk,3,3,40,35,13.33333333333333,114.2857142857143,7,0,70.0,5.0,54.28571428571428,20,0,0,0,,114.2857142857143,,,119.0476190476191,107.1428571428571,114.2857142857143,,,Dubai International Cricket Stadium,20,117.6470588235294,15.05395483587365,63.57998707232571,0.0,,,caught,2
J Yadav,4,4,40,36,10.0,111.1111111111111,2,1,35.0,12.0,33.33333333333334,23,0,0,0,,,100.0,114.8148148148148,,111.1111111111111,,,111.1111111111111,"MA Chidambaram Stadium, Chepauk, Chennai",23,104.5454545454545,8.703284297190692,51.04211917431903,,,14.81481481481481,run out,2
Rasikh Salam,6,6,40,40,8.0,100.0,5,0,50.0,8.0,47.5,10,0,0,0,,,73.33333333333333,116.0,85.18518518518519,130.7692307692308,,,100.0,"M Chinnaswamy Stadium, Bengaluru",10,83.33333333333333,5.791404792554401,67.11869098270047,16.56625560048769,,42.66666666666667,caught,4
Umar Gul,4,4,39,19,13.0,205.2631578947368,1,5,87.17948717948718,3.166666666666667,42.10526315789474,24,0,0,0,,,,205.2631578947368,200.0,216.6666666666667,,,205.2631578947368,Eden Gardens,37,217.6470588235294,21.78375354564897,50.01919070612588,49.88119044039988,,,caught,2
AUK Pathan,7,7,39,23,7.8,169.5652173913043,5,2,82.05128205128206,3.285714285714286,47.82608695652174,14,0,0,0,,280.0,137.5,140.0,217.6470588235294,33.33333333333334,,166.6666666666667,175.0,"MA Chidambaram Stadium, Chepauk",14,280.0,9.983787830906525,49.63821000499613,25.85555610578067,-142.5,2.5,bowled,2
MM Patel,12,12,39,41,6.5,95.1219512195122,5,0,51.28205128205128,8.2,43.90243902439025,23,0,0,0,,,0.0,102.6315789473684,126.0869565217391,55.55555555555556,,,95.1219512195122,OUTsurance Oval,23,230.0,2.69131844188674,33.20274128763436,32.43080505814126,,102.6315789473684,caught,2
DJ Thornely,4,4,39,53,13.0,73.58490566037736,2,2,51.28205128205128,13.25,56.60377358490566,30,0,0,0,,20.0,106.0606060606061,,16.66666666666667,80.85106382978724,,73.58490566037736,,Dr DY Patil Sports Academy,30,125.0,6.288621953251731,41.11971139945801,,86.06060606060606,,bowled,1
A Nehra,17,17,39,60,5.571428571428571,65.0,3,1,46.15384615384615,15.0,60.0,21,0,0,0,,,,65.0,78.57142857142857,33.33333333333334,,,65.0,Feroz Shah Kotla,22,115.7894736842105,1.236882673243873,30.34887517265854,18.29430028920789,,,caught,5
S Nadeem,20,20,39,87,2.785714285714286,44.82758620689656,2,0,20.51282051282051,43.5,65.51724137931035,6,0,0,0,,,42.85714285714285,45.45454545454545,51.72413793103448,31.03448275862069,,,44.82758620689656,Eden Gardens,10,62.5,0.5811486720172582,49.21183860357729,13.67685297358683,,2.597402597402599,caught,6
S Narwal,4,4,37,27,12.33333333333333,137.037037037037,6,0,64.86486486486487,4.5,37.03703703703704,23,0,0,0,,,133.3333333333333,138.8888888888889,133.3333333333333,138.8888888888889,,,137.037037037037,Shaheed Veer Narayan Singh International Stadium,23,153.3333333333333,12.13822363877091,46.68580910895857,25.87966426963565,,5.555555555555543,caught,3
YS Chahal,16,16,37,86,5.285714285714286,43.02325581395349,0,0,0.0,,62.7906976744186,8,0,0,0,,,17.39130434782609,52.38095238095238,43.75,40.90909090909091,,,43.02325581395349,M Chinnaswamy Stadium,8,80.0,0.5470590161084298,51.44816536896226,11.69635592260832,,34.98964803312629,caught,4
AN Ahmed,6,6,36,26,36.0,138.4615384615385,4,1,61.11111111111111,5.2,38.46153846153846,18,0,0,0,,,,138.4615384615385,133.3333333333333,200.0,,,138.4615384615385,"MA Chidambaram Stadium, Chepauk",22,110.0,7.762523226462043,49.86187740318028,27.6566896367138,,,bowled,1
Joginder Sharma,5,5,36,30,9.0,120.0,1,2,44.44444444444444,10.0,33.33333333333334,16,0,0,0,,,0.0,128.5714285714286,105.2631578947368,145.4545454545455,,,120.0,"MA Chidambaram Stadium, Chepauk",16,160.0,7.235697026854002,46.76065372694258,24.2513924927524,,128.5714285714286,bowled,1
KW Richardson,4,4,36,39,12.0,92.3076923076923,2,1,38.88888888888889,13.0,43.58974358974359,26,0,0,0,,,105.5555555555556,80.95238095238095,122.7272727272727,52.94117647058823,,,92.3076923076923,Subrata Roy Sahara Stadium,34,94.44444444444444,6.687367717057874,43.2610067303067,27.6566896367138,,-24.60317460317461,caught,2
Anureet Singh,8,8,36,47,9.0,76.59574468085107,2,1,38.88888888888889,15.66666666666667,46.80851063829788,15,0,0,0,,,44.44444444444444,84.21052631578948,64.1025641025641,137.5,,,76.59574468085107,"Punjab Cricket Association IS Bindra Stadium, Mohali",15,125.0,2.755615521763374,43.66218875465906,16.65878563128073,,39.76608187134504,caught,3
L Balaji,13,13,36,49,4.5,73.46938775510205,2,1,38.88888888888889,16.33333333333333,57.14285714285715,15,0,0,0,,,25.0,77.77777777777777,80.0,68.96551724137932,,,73.46938775510205,"MA Chidambaram Stadium, Chepauk",18,81.81818181818181,1.613291971145343,38.52567557026748,20.98101812827496,,52.77777777777777,caught,3
Sohail Tanvir,5,5,35,28,11.66666666666667,125.0,3,1,51.42857142857143,7.0,32.14285714285715,13,0,0,0,,162.5,110.0,110.0,146.6666666666667,100.0,,138.4615384615385,113.3333333333333,Dr DY Patil Sports Academy,15,115.3846153846154,7.684126470567991,62.59333038844758,5.24525453206874,-52.5,0.0,caught,2
B Sumanth,4,4,35,37,35.0,94.5945945945946,3,0,34.28571428571428,12.33333333333333,37.83783783783784,16,0,0,0,,,81.81818181818181,100.0,104.7619047619048,81.25,,,94.5945945945946,Dr DY Patil Sports Academy,16,88.88888888888889,6.440675222642223,64.3085993023996,19.05758488242748,,18.18181818181819,bowled,1
A Kumble,15,15,35,47,11.66666666666667,74.46808510638297,3,0,34.28571428571428,15.66666666666667,46.80851063829788,8,0,0,0,,,20.0,80.95238095238095,75.0,73.33333333333333,,,74.46808510638297,Sawai Mansingh Stadium,8,100.0,1.326522885445422,49.18878512212619,17.39997149080797,,60.95238095238095,bowled,1
M Ashwin,12,12,35,50,3.888888888888889,70.0,2,1,40.0,16.66666666666667,54.0,9,0,0,0,,,38.46153846153846,81.08108108108108,77.77777777777777,65.625,,,70.0,"MA Chidambaram Stadium, Chepauk, Chennai",9,90.0,1.632270233432232,48.33472092933886,15.27159374008937,,42.61954261954262,caught,5
AP Dole,2,2,34,22,17.0,154.5454545454545,3,1,52.94117647058823,5.5,27.27272727272727,30,0,0,0,,,50.0,165.0,166.6666666666667,100.0,,,154.5454545454545,Sawai Mansingh Stadium,30,166.6666666666667,23.36856834781346,48.04325976566018,45.8576834996735,,115.0,caught,2
A Mithun,6,6,34,26,6.8,130.7692307692308,4,1,64.70588235294117,5.2,42.30769230769231,11,0,0,0,,,125.0,135.7142857142857,123.8095238095238,160.0,,,130.7692307692308,"MA Chidambaram Stadium, Chepauk",11,137.5,7.075618317676047,56.73951756973058,34.12923556448413,,10.71428571428572,caught,4
L Ronchi,5,5,34,34,6.8,100.0,6,1,88.23529411764706,4.857142857142857,67.6470588235294,13,0,0,0,,100.0,,,118.1818181818182,91.30434782608695,100.0,,,Dr DY Patil Sports Academy,13,118.1818181818182,7.422057315150723,54.70514396578179,5.542354493377767,,,run out,3
S Sreesanth,12,12,34,55,8.5,61.81818181818182,6,0,70.58823529411765,9.166666666666666,74.54545454545455,15,0,0,0,,,,61.81818181818182,88.88888888888889,48.64864864864865,,,61.81818181818182,"Punjab Cricket Association Stadium, Mohali",15,88.23529411764706,1.707714384234172,35.49377762191208,14.55731115167005,,,bowled,1
D Salunkhe,3,3,33,24,16.5,137.5,5,0,60.60606060606061,4.8,33.33333333333334,26,0,0,0,,,114.2857142857143,147.0588235294118,175.0,130.0,,,137.5,Feroz Shah Kotla,26,130.0,14.11452704330646,45.40059649957291,27.53758629336088,,32.77310924369748,caught and bowled,1
Imran Tahir,8,8,33,37,8.25,89.1891891891892,5,0,60.60606060606061,7.4,56.75675675675676,13,0,0,0,,,66.66666666666667,93.54838709677419,68.42105263157895,111.1111111111111,,,89.1891891891892,Sharjah Cricket Stadium,13,130.0,3.408779062747273,51.35444682483703,13.66405755692207,,26.88172043010752,caught,2
Navdeep Saini,7,7,33,37,8.25,89.1891891891892,3,0,36.36363636363637,12.33333333333333,43.24324324324324,12,0,0,0,,0.0,55.55555555555556,103.7037037037037,86.95652173913044,92.85714285714286,,,89.1891891891892,Dubai International Cricket Stadium,18,94.73684210526316,3.306750852304902,51.58851582427193,19.57830207330363,55.55555555555556,48.14814814814815,caught,3
AT Carey,3,3,32,29,16.0,110.3448275862069,0,1,18.75,29.0,27.58620689655172,14,0,0,0,,,,110.3448275862069,57.14285714285715,127.2727272727273,,,110.3448275862069,Dubai International Cricket Stadium,14,107.6923076923077,8.107520444517979,64.88173226428519,6.959487921626098,,,caught,2
RJ Peterson,5,5,32,30,10.66666666666667,106.6666666666667,3,1,56.25,7.5,43.33333333333334,16,0,0,0,,,92.85714285714286,118.75,118.75,92.85714285714286,,92.85714285714286,118.75,"Punjab Cricket Association Stadium, Mohali",16,228.5714285714286,6.179655393172574,46.03212904363666,46.47867577592933,,25.89285714285714,run out,2
Basil Thampi,7,7,32,35,32.0,91.42857142857143,1,1,31.25,17.5,40.0,13,0,0,0,,,60.0,96.66666666666667,100.0,87.5,,,91.42857142857143,"Rajiv Gandhi International Stadium, Uppal",13,162.5,3.162393582654206,46.82403008994381,20.68444488462454,,36.66666666666667,bowled,1
T Taibu,3,3,31,26,10.33333333333333,119.2307692307692,3,0,38.70967741935484,8.666666666666666,34.61538461538461,15,0,0,0,,,105.5555555555556,150.0,,119.2307692307692,,119.2307692307692,,Eden Gardens,22,104.7619047619048,9.920300602974578,71.28076075965802,,,44.44444444444444,caught,2
S Sriram,2,2,31,36,15.5,86.11111111111111,3,0,38.70967741935484,12.0,44.44444444444444,27,0,0,0,,118.1818181818182,72.0,,86.11111111111111,,93.10344827586206,57.14285714285715,,M Chinnaswamy Stadium,27,93.10344827586206,10.74968850461564,48.79821646760864,6.959487921626098,-46.18181818181819,,bowled,1
Arshdeep Singh,13,13,31,46,5.166666666666667,67.3913043478261,4,0,51.61290322580645,11.5,67.3913043478261,10,0,0,0,,,133.3333333333333,62.7906976744186,50.0,78.57142857142857,,,67.3913043478261,"Brabourne Stadium, Mumbai",19,86.36363636363636,1.386578371326995,41.54619032386015,8.712179197457207,,-70.54263565891475,caught,3
NS Naik,4,4,31,50,7.75,62.0,2,0,25.80645161290322,25.0,56.0,22,0,0,0,,43.75,91.66666666666667,59.09090909090909,33.33333333333334,65.9090909090909,43.75,,70.58823529411765,"Rajiv Gandhi International Stadium, Uppal",22,78.57142857142857,3.488108104387095,43.87923262169441,2.771177246688883,47.91666666666667,-32.57575757575758,caught,2
G Coetzee,7,7,30,32,5.0,93.75,2,2,66.66666666666667,8.0,56.25,11,0,0,0,,,88.88888888888889,95.65217391304348,125.0,41.66666666666666,,,93.75,"Wankhede Stadium, Mumbai",23,109.5238095238095,3.867484405562565,51.2858966802608,19.1264598960515,,6.763285024154598,caught,3
J Syed Mohammad,5,5,29,26,14.5,111.5384615384615,4,0,55.17241379310344,6.5,38.46153846153846,13,0,0,0,,,81.81818181818181,133.3333333333333,111.5384615384615,,,,111.5384615384615,Feroz Shah Kotla,13,130.0,5.813803865666987,53.36023797561511,14.77460348901753,,51.51515151515153,caught,2
VH Zol,2,2,29,26,14.5,111.5384615384615,3,1,62.06896551724138,6.5,50.0,16,0,0,0,,104.7619047619048,140.0,,,111.5384615384615,,111.5384615384615,,M Chinnaswamy Stadium,29,111.5384615384615,15.23261410950976,87.23735359415068,,35.23809523809524,,bowled,1
TU Deshpande,8,8,28,22,14.0,127.2727272727273,2,1,50.0,7.333333333333333,36.36363636363637,20,0,0,0,,,,127.2727272727273,147.0588235294118,60.0,,,127.2727272727273,Dubai International Cricket Stadium,20,222.2222222222222,3.858975666750317,34.17944696840677,36.25735696219922,,,caught,2
SB Jakati,5,5,28,29,28.0,96.55172413793103,3,0,42.85714285714285,9.666666666666666,37.93103448275862,13,0,0,0,,,,96.55172413793103,,96.55172413793103,,,96.55172413793103,New Wanderers Stadium,13,162.5,4.465997569754434,52.93025763410199,,,,caught,1
AS Joseph,5,5,27,32,27.0,84.375,3,0,44.44444444444444,10.66666666666667,50.0,15,0,0,0,,,100.0,82.75862068965517,84.61538461538461,83.33333333333333,,,84.375,Wankhede Stadium,15,115.3846153846154,3.800407181259338,47.264984819838,18.72707154837738,,-17.24137931034483,caught,1
NL McCullum,2,2,26,22,26.0,118.1818181818182,0,1,23.07692307692308,22.0,31.81818181818182,15,0,0,0,,,120.0,117.6470588235294,93.75,183.3333333333333,,,118.1818181818182,"MA Chidambaram Stadium, Chepauk",15,93.75,10.97984463717907,82.13071265845784,14.2562932322027,,-2.352941176470594,caught,1
TL Seifert,3,3,26,23,8.666666666666666,113.0434782608696,4,0,61.53846153846154,5.75,52.17391304347826,21,0,0,0,,126.3157894736842,,50.0,126.3157894736842,50.0,126.3157894736842,,50.0,"Brabourne Stadium, Mumbai",21,150.0,9.184377432739296,44.76735877961305,,,,bowled,1
JM Kemp,2,2,26,24,13.0,108.3333333333333,1,1,38.46153846153846,12.0,41.66666666666666,22,0,0,0,,66.66666666666667,153.8461538461538,50.0,108.3333333333333,,,137.5,50.0,"MA Chidambaram Stadium, Chepauk",22,137.5,11.32397585136335,50.528760035464,32.62494654526495,87.17948717948717,-103.8461538461538,bowled,1
AS Roy,7,7,26,25,6.5,104.0,3,0,46.15384615384615,8.333333333333334,44.0,13,0,0,0,,80.0,0.0,129.4117647058823,57.14285714285715,122.2222222222222,,80.0,110.0,"Rajiv Gandhi International Stadium, Uppal, Hyderabad",13,185.7142857142857,3.255573726802568,44.06025449844768,0.0,-80.0,129.4117647058823,caught,3
DJ Malan,1,1,26,26,26.0,100.0,1,1,38.46153846153846,13.0,38.46153846153846,26,0,0,0,,50.0,104.1666666666667,,,100.0,,100.0,,"Narendra Modi Stadium, Ahmedabad",26,100.0,20.93317821666311,,,54.16666666666667,,bowled,1
MD Shanaka,3,3,26,26,13.0,100.0,2,1,53.84615384615385,8.666666666666666,46.15384615384615,17,0,0,0,,0.0,106.25,100.0,89.47368421052632,128.5714285714286,,89.47368421052632,128.5714285714286,"MA Chidambaram Stadium, Chepauk, Chennai",17,106.25,7.73265779564526,50.47102899088503,8.867767189404425,106.25,-6.25,caught,2
AS Rajpoot,7,7,26,41,5.2,63.41463414634146,2,1,53.84615384615385,13.66666666666667,65.85365853658537,8,0,0,0,,,20.0,69.44444444444444,76.0,43.75,,,63.41463414634146,Rajiv Gandhi International Stadium,8,88.88888888888889,2.077997480021709,57.4441418456918,17.94677690052833,,49.44444444444444,bowled,2
PJ Sangwan,14,14,26,44,3.25,59.09090909090909,1,0,15.38461538461539,44.0,54.54545454545455,6,0,0,0,,,44.44444444444444,62.85714285714285,54.54545454545455,63.63636363636363,,,59.09090909090909,Brabourne Stadium,6,120.0,0.7050698136767239,47.28755538040412,10.58713538303276,,18.41269841269841,bowled,3
CV Varun,11,11,26,47,6.5,55.31914893617022,2,0,30.76923076923077,23.5,59.57446808510638,10,0,0,0,,,0.0,59.09090909090909,57.89473684210526,53.57142857142857,,,55.31914893617022,"Dr DY Patil Sports Academy, Mumbai",10,62.5,0.9634297221980593,42.70710933547987,10.88654993927607,,59.09090909090909,run out,3
AB Dinda,16,16,26,48,2.6,54.16666666666666,2,0,30.76923076923077,24.0,60.41666666666666,7,0,0,0,,,75.0,50.0,73.07692307692308,31.81818181818182,,,54.16666666666666,Subrata Roy Sahara Stadium,8,114.2857142857143,0.6379847109116317,43.6987579032442,10.58713538303276,,-25.0,caught,4
Akash Deep,5,5,25,14,8.333333333333334,178.5714285714286,2,2,80.0,3.5,35.71428571428572,17,0,0,0,,,250.0,166.6666666666667,170.0,200.0,,,178.5714285714286,"Eden Gardens, Kolkata",17,212.5,9.327258476755611,41.1813159383608,37.18294062074346,,-83.33333333333334,caught,2
A Choudhary,3,3,25,20,25.0,125.0,1,1,40.0,10.0,20.0,15,0,0,0,,,,125.0,125.0,125.0,,,125.0,M Chinnaswamy Stadium,19,105.5555555555556,8.460627671804334,58.71522285696783,22.68199922004898,,,caught,1
Sanvir Singh,5,5,25,21,12.5,119.0476190476191,2,1,56.0,7.0,38.09523809523809,8,0,0,0,,140.0,0.0,128.5714285714286,130.0,109.0909090909091,,,119.0476190476191,"Wankhede Stadium, Mumbai",12,120.0,5.375422006177788,61.25741133246723,18.35839086224059,-140.0,128.5714285714286,bowled,1
Mohsin Khan,5,5,25,24,8.333333333333334,104.1666666666667,2,1,56.0,8.0,50.0,13,0,0,0,,,33.33333333333334,114.2857142857143,58.8235294117647,214.2857142857143,,,104.1666666666667,"Maharashtra Cricket Association Stadium, Pune",14,155.5555555555555,4.699449978315793,46.72514170469121,9.801201597139356,,80.95238095238096,bowled,1
S Chanderpaul,3,3,25,31,8.333333333333334,80.64516129032258,4,0,64.0,7.75,58.06451612903226,16,0,0,0,,80.64516129032258,,,104.5454545454545,22.22222222222222,80.64516129032258,,,Wankhede Stadium,16,145.4545454545455,6.386304906404827,54.01458352343469,,,,caught,3
ER Dwivedi,2,2,24,14,12.0,171.4285714285714,2,2,83.33333333333333,3.5,42.85714285714285,19,0,0,0,,100.0,,211.1111111111111,,171.4285714285714,100.0,,211.1111111111111,M Chinnaswamy Stadium,19,211.1111111111111,21.93153690396698,54.79578426436855,,,,caught,2
KC Cariappa,5,5,24,21,8.0,114.2857142857143,0,2,50.0,10.5,38.09523809523809,12,0,0,0,,,150.0,92.3076923076923,93.33333333333333,166.6666666666667,,,114.2857142857143,M Chinnaswamy Stadium,12,150.0,4.759767482340401,47.47602037177194,25.96170935815193,,-57.69230769230769,bowled,3
MA Khote,3,3,24,22,12.0,109.0909090909091,2,1,58.33333333333334,7.333333333333333,45.45454545454545,9,0,0,0,,,85.71428571428571,120.0,141.6666666666667,70.0,,,109.0909090909091,"MA Chidambaram Stadium, Chepauk",9,180.0,8.015021868822114,88.88888889012347,30.98578385061955,,34.28571428571429,caught,1
AJ Turner,6,6,24,28,4.8,85.71428571428571,0,2,50.0,14.0,50.0,16,0,0,0,,,170.0,38.88888888888889,88.88888888888889,0.0,,33.33333333333334,110.5263157894737,"Bharat Ratna Shri Atal Bihari Vajpayee Ekana Cricket Stadium, Lucknow",21,116.6666666666667,2.962721845193432,39.10464212804051,34.30365278836945,,-131.1111111111111,caught,2
Tanush Kotian,1,1,24,31,24.0,77.41935483870968,3,0,50.0,10.33333333333333,54.83870967741935,24,0,0,0,,90.0,54.54545454545455,,77.41935483870968,,77.41935483870968,,,"Maharaja Yadavindra Singh International Cricket Stadium, Mullanpur",24,77.41935483870968,16.19902573170604,,,-35.45454545454545,,bowled,1
J Arunkumar,3,3,23,23,7.666666666666667,100.0,5,0,86.95652173913044,4.6,65.21739130434783,22,0,0,0,,100.0,,,110.0,33.33333333333334,100.0,,,Eden Gardens,22,129.4117647058823,8.315033696572518,38.16205547573789,0.0,,,caught,2
SW Tait,5,5,23,26,7.666666666666667,88.46153846153847,1,1,43.47826086956522,13.0,42.30769230769231,11,0,0,0,,,111.1111111111111,76.47058823529412,91.66666666666667,85.71428571428571,,,88.46153846153847,Feroz Shah Kotla,11,91.66666666666667,3.367825081772503,45.94051878934022,17.23703740385378,,-34.640522875817,bowled,2
BMAJ Mendis,3,3,23,27,7.666666666666667,85.18518518518519,0,0,0.0,,29.62962962962963,12,0,0,0,,50.0,88.0,,66.66666666666667,122.2222222222222,,85.18518518518519,,Feroz Shah Kotla,12,70.58823529411765,3.771063704152431,53.51950756087693,13.78962992308302,38.0,,caught,1
AF Milne,6,6,23,29,5.75,79.3103448275862,0,1,26.08695652173913,29.0,44.82758620689656,15,0,0,0,,,66.66666666666667,85.0,81.48148148148148,50.0,,,79.3103448275862,Dubai International Cricket Stadium,15,93.75,2.200086736836309,39.89015823658364,19.3333016564533,,18.33333333333333,bowled,2
P Dubey,2,2,23,33,23.0,69.6969696969697,2,0,34.78260869565217,16.5,51.51515151515152,16,0,0,0,,,81.25,58.8235294117647,80.0,53.84615384615385,,,69.6969696969697,"Arun Jaitley Stadium, Delhi",16,80.0,6.259070288753563,64.37542032590956,17.42435839491441,,-22.4264705882353,bowled,1
Sediqullah Atal,1,1,22,16,22.0,137.5,0,2,54.54545454545455,8.0,37.5,22,0,0,0,,,137.5,,137.5,,,137.5,,"Sawai Mansingh Stadium, Jaipur",22,137.5,27.19371915163114,,32.62494654526495,,,caught,1
Yudhvir Singh,4,4,22,16,5.5,137.5,1,2,72.72727272727273,5.333333333333333,50.0,14,0,0,0,,,50.0,166.6666666666667,150.0,50.0,,,137.5,"Arun Jaitley Stadium, Delhi",14,200.0,7.574930989144129,46.0059621087616,35.08628086216188,,116.6666666666667,caught,3
SA Abbott,3,3,22,18,7.333333333333333,122.2222222222222,1,2,72.72727272727273,6.0,55.55555555555556,14,0,0,0,,,0.0,146.6666666666667,88.88888888888889,155.5555555555555,,,122.2222222222222,M Chinnaswamy Stadium,14,155.5555555555555,8.983687508748261,52.98750630364064,14.77961198234071,,146.6666666666667,caught,2
GB Hogg,4,4,22,22,7.333333333333333,100.0,1,0,18.18181818181818,22.0,22.72727272727273,13,0,0,0,,,,100.0,100.0,,,,100.0,Sawai Mansingh Stadium,13,118.1818181818182,3.753089139308997,51.42035923880408,23.23933788796466,,,caught,2
HE van der Dussen,3,3,22,24,11.0,91.66666666666667,2,0,36.36363636363637,12.0,45.83333333333334,12,0,0,0,,,71.42857142857143,120.0,60.0,114.2857142857143,,71.42857142857143,120.0,"Dr DY Patil Sports Academy, Mumbai",18,90.0,5.306091541781687,63.78661221975675,9.743283090276538,,48.57142857142857,bowled,1
KL Nagarkoti,7,7,22,33,5.5,66.66666666666667,1,0,18.18181818181818,33.0,48.48484848484848,8,0,0,0,,,46.15384615384615,80.0,58.33333333333334,71.42857142857143,,,66.66666666666667,Sharjah Cricket Stadium,13,56.52173913043478,1.409719442720744,50.51850918986769,9.179195431120293,,33.84615384615385,bowled,2
AU Rashid,2,2,21,15,10.5,140.0,2,1,66.66666666666667,5.0,46.66666666666666,17,0,0,0,,,141.6666666666667,133.3333333333333,141.6666666666667,133.3333333333333,,,140.0,"Rajiv Gandhi International Stadium, Uppal, Hyderabad",17,141.6666666666667,14.23585535599964,53.32009463552099,30.98578385061955,,-8.333333333333314,caught,1
DE Bollinger,4,4,21,22,21.0,95.45454545454545,1,1,47.61904761904762,11.0,45.45454545454545,16,0,0,0,,,,95.45454545454545,0.0,100.0,,,95.45454545454545,"MA Chidambaram Stadium, Chepauk",19,105.5555555555556,4.275903868550514,41.91822833617377,0.0,,,caught,1
B Indrajith,3,3,21,30,7.0,70.0,2,0,38.09523809523809,15.0,56.66666666666666,15,0,0,0,,70.37037037037037,66.66666666666667,,68.18181818181819,75.0,68.18181818181819,75.0,,"Wankhede Stadium, Mumbai",21,87.5,3.908389379556266,48.11051308975694,,-3.703703703703695,,caught,3
BKG Mendis,1,1,20,10,20.0,200.0,1,2,80.0,3.333333333333333,40.0,20,0,0,0,,222.2222222222222,0.0,,200.0,,,200.0,,"Maharaja Yadavindra Singh International Cricket Stadium, New Chandigarh",20,200.0,41.89871065004441,,46.07764573622956,-222.2222222222222,,hit wicket,1
RR Raje,5,5,20,18,20.0,111.1111111111111,1,1,50.0,9.0,33.33333333333334,11,0,0,0,,,,111.1111111111111,157.1428571428571,81.81818181818181,,,111.1111111111111,SuperSport Park,11,157.1428571428571,3.850151789463541,47.21359550618853,29.54920697803506,,,bowled,1
AC Thomas,4,4,20,19,10.0,105.2631578947368,1,1,50.0,9.5,42.10526315789474,12,0,0,0,,,,105.2631578947368,117.6470588235294,0.0,,,105.2631578947368,Subrata Roy Sahara Stadium,19,126.6666666666667,4.565350264286488,47.18041115621214,28.79852858514348,,,bowled,1
NJ Maddinson,3,3,20,21,6.666666666666667,95.23809523809524,4,0,80.0,5.25,71.42857142857143,12,0,0,0,,95.23809523809524,,,95.23809523809524,,95.23809523809524,,,Dubai International Cricket Stadium,12,150.0,6.623370365307627,59.07301480602057,,,,bowled,2
M Muralitharan,9,9,20,29,3.333333333333333,68.96551724137932,1,0,20.0,29.0,55.17241379310344,6,0,0,0,,,,68.96551724137932,58.33333333333334,76.47058823529412,,,68.96551724137932,M Chinnaswamy Stadium,6,75.0,1.038681922918156,48.78048781612136,10.01366774304032,,,caught,2
C Sakariya,7,7,20,30,3.333333333333333,66.66666666666667,3,0,60.0,10.0,66.66666666666667,7,0,0,0,,,25.0,73.07692307692308,45.45454545454545,78.94736842105263,,,66.66666666666667,Dubai International Cricket Stadium,9,112.5,1.742505671822035,50.03128913239217,6.779393136067695,,48.07692307692308,caught,3
Noor Ahmad,11,11,20,35,2.5,57.14285714285715,2,0,40.0,17.5,65.71428571428571,7,0,0,0,,,33.33333333333334,59.375,100.0,28.57142857142857,,,57.14285714285715,"MA Chidambaram Stadium, Chepauk, Chennai",10,52.63157894736842,0.8147380028123763,46.53516542231076,19.40974820222673,,26.04166666666666,caught,5
S Kaul,9,9,20,36,5.0,55.55555555555556,1,0,20.0,36.0,63.88888888888889,7,0,0,0,,,,55.55555555555556,47.61904761904762,66.66666666666667,,,55.55555555555556,Dubai International Cricket Stadium,7,140.0,0.830424895766646,44.0846142856851,8.867767189404425,,,run out,2
P Sahu,2,2,19,13,19.0,146.1538461538462,1,1,52.63157894736842,6.5,30.76923076923077,18,0,0,0,,,,146.1538461538462,,146.1538461538462,,,146.1538461538462,Feroz Shah Kotla,18,150.0,12.30953506831718,44.14330905628658,,,,run out,1
Gulbadin Naib,1,1,19,15,19.0,126.6666666666667,1,1,52.63157894736842,7.5,26.66666666666667,19,0,0,0,,,80.0,150.0,,126.6666666666667,,,126.6666666666667,"Arun Jaitley Stadium, Delhi",19,126.6666666666667,21.3602538773431,,,,70.0,caught,1
R Bishnoi,3,3,19,17,6.333333333333333,111.7647058823529,1,2,84.21052631578948,5.666666666666667,64.70588235294117,18,0,0,0,,128.5714285714286,0.0,50.0,33.33333333333334,128.5714285714286,,128.5714285714286,33.33333333333334,Kingsmead,18,128.5714285714286,7.561370765960773,38.50208114815893,1.748418177356247,-128.5714285714286,50.0,caught,2
Y Gnaneswara Rao,1,1,19,17,19.0,111.7647058823529,3,0,63.1578947368421,5.666666666666667,47.05882352941177,19,0,0,0,,115.3846153846154,100.0,,111.7647058823529,,,111.7647058823529,,"MA Chidambaram Stadium, Chepauk",19,111.7647058823529,20.14525788011447,,,-15.38461538461539,,caught and bowled,1
RA Bawa,3,3,19,18,9.5,105.5555555555556,1,0,21.05263157894737,18.0,38.88888888888889,11,0,0,0,,0.0,84.61538461538461,200.0,0.0,111.7647058823529,,78.57142857142857,200.0,"Wankhede Stadium, Mumbai",11,84.61538461538461,4.680576685230186,52.69182846763931,0.0,84.61538461538461,115.3846153846154,bowled,1
A Mukund,2,2,19,22,9.5,86.36363636363636,1,0,21.05263157894737,22.0,36.36363636363637,19,0,0,0,,93.33333333333333,83.33333333333333,0.0,0.0,90.47619047619048,90.47619047619048,,0.0,Sawai Mansingh Stadium,19,90.47619047619048,5.751697344763905,41.42135623986362,,-10.0,-83.33333333333333,bowled,2
R Shukla,4,4,19,23,19.0,82.6086956521739,2,0,42.10526315789474,11.5,43.47826086956522,14,0,0,0,,,100.0,81.81818181818181,88.88888888888889,60.0,,,82.6086956521739,"Sardar Patel Stadium, Motera",14,116.6666666666667,3.2150244482349,43.43985710493882,18.51266305436026,,-18.18181818181819,caught,1
DR Martyn,1,1,19,24,19.0,79.16666666666667,1,0,21.05263157894737,24.0,33.33333333333334,19,0,0,0,,33.33333333333334,72.22222222222223,166.6666666666667,,79.16666666666667,,79.16666666666667,,M Chinnaswamy Stadium,19,79.16666666666667,10.57174031266564,,,38.88888888888889,94.44444444444443,bowled,1
P Ray Barman,1,1,19,24,19.0,79.16666666666667,2,0,42.10526315789474,12.0,45.83333333333334,19,0,0,0,,,82.6086956521739,0.0,79.16666666666667,,,,79.16666666666667,Rajiv Gandhi International Stadium,19,79.16666666666667,12.41593066560196,,17.94677690052833,,-82.6086956521739,caught,1
NT Ellis,5,5,19,25,4.75,76.0,0,1,31.57894736842105,25.0,52.0,12,0,0,0,,,0.0,105.5555555555556,50.0,78.26086956521739,,,76.0,Sharjah Cricket Stadium,12,100.0,2.180674206805401,42.1502767447871,2.62262726603437,,105.5555555555556,bowled,3
JR Hazlewood,7,7,19,29,,65.51724137931035,1,0,21.05263157894737,29.0,48.27586206896552,7,0,0,0,,,18.18181818181818,94.44444444444444,107.6923076923077,31.25,,,65.51724137931035,"Brabourne Stadium, Mumbai",10,66.66666666666667,1.221331836016853,46.73310068180694,22.06899218775173,,76.26262626262626,,0
BJ Haddin,1,1,18,11,18.0,163.6363636363636,2,1,77.77777777777777,3.666666666666667,45.45454545454545,18,0,0,0,,163.6363636363636,,,,163.6363636363636,163.6363636363636,,,Eden Gardens,18,163.6363636363636,30.46296568638188,,,,,caught,1
Harmeet Singh,4,4,18,12,4.5,150.0,3,0,66.66666666666667,4.0,41.66666666666666,14,0,0,0,,,,150.0,66.66666666666667,233.3333333333333,,,150.0,Eden Gardens,14,233.3333333333333,6.519374668713474,41.07723781030763,8.119402575230447,,,run out,2
Saurav Chauhan,3,3,18,15,6.0,120.0,1,1,55.55555555555556,7.5,40.0,9,0,0,0,,,50.0,130.7692307692308,0.0,128.5714285714286,,128.5714285714286,112.5,"Sawai Mansingh Stadium, Jaipur",9,150.0,6.49025587366711,53.58983849036974,0.0,,80.76923076923077,caught,2
JJ van der Wath,3,3,18,16,9.0,112.5,1,1,55.55555555555556,8.0,43.75,14,0,0,0,,,80.0,127.2727272727273,112.5,,,,112.5,"MA Chidambaram Stadium, Chepauk",14,140.0,6.08259274301803,45.41634566393085,24.78862708049564,,47.27272727272727,caught,1
R Sai Kishore,4,4,18,16,4.5,112.5,0,2,66.66666666666667,8.0,50.0,13,0,0,0,,,,112.5,113.3333333333333,100.0,,,112.5,"Arun Jaitley Stadium, Delhi",13,216.6666666666667,4.88144244735556,43.92574047152164,26.55924330053104,,,bowled,2
DS Lehmann,2,2,18,18,9.0,100.0,3,0,66.66666666666667,6.0,50.0,17,0,0,0,,133.3333333333333,93.33333333333333,,106.25,50.0,,100.0,,Sawai Mansingh Stadium,17,106.25,8.703284297190692,44.3050563662797,,-40.00000000000001,,lbw,2
T Banton,2,2,18,20,9.0,90.0,1,1,55.55555555555556,10.0,55.0,10,0,0,0,,90.0,,,66.66666666666667,125.0,66.66666666666667,125.0,,Sheikh Zayed Stadium,10,125.0,7.305582134965271,86.42035182236995,7.532659040075215,,,bowled,1
KMA Paul,5,5,18,24,3.6,75.0,1,1,55.55555555555556,12.0,62.5,7,0,0,0,,,,75.0,125.0,65.0,,,75.0,Dr. Y.S. Rajasekhara Reddy ACA-VDCA Cricket Stadium,8,72.72727272727273,2.413624567176303,57.9926710539778,,,,bowled,2
Naveen-ul-Haq,4,4,18,24,18.0,75.0,2,0,44.44444444444444,12.0,58.33333333333334,13,0,0,0,,,20.0,89.47368421052632,76.19047619047619,66.66666666666667,,,75.0,"Bharat Ratna Shri Atal Bihari Vajpayee Ekana Cricket Stadium, Lucknow",13,108.3333333333333,2.806728300302203,44.17723998215308,16.87628814357485,,69.47368421052632,caught,1
Sumit Kumar,3,3,18,24,9.0,75.0,2,1,77.77777777777777,8.0,70.83333333333333,9,0,0,0,,0.0,133.3333333333333,20.0,106.6666666666667,22.22222222222222,,,75.0,"Narendra Modi Stadium, Ahmedabad",9,100.0,4.626652990699885,62.46387977441238,18.35839086224059,133.3333333333333,-113.3333333333333,caught,2
PV Tambe,6,6,18,38,9.0,47.36842105263158,1,0,22.22222222222222,38.0,60.52631578947368,7,0,0,0,,,75.0,40.0,47.05882352941177,50.0,,,47.36842105263158,M Chinnaswamy Stadium,7,38.88888888888889,0.9791407691028464,58.85101981196547,10.08930964363808,,-35.0,caught,1
Umran Malik,5,5,17,15,8.5,113.3333333333333,1,1,58.8235294117647,7.5,53.33333333333334,13,0,0,0,,,,113.3333333333333,121.4285714285714,0.0,,,113.3333333333333,"Rajiv Gandhi International Stadium, Uppal, Hyderabad",13,185.7142857142857,3.531786296956639,38.18275435353305,28.60226201595651,,,lbw,1
Parvez Rasool,4,4,17,20,8.5,85.0,1,0,23.52941176470588,20.0,35.0,10,0,0,0,,,,85.0,86.66666666666667,80.0,,,85.0,"Rajiv Gandhi International Stadium, Uppal",10,111.1111111111111,2.566498241169709,51.32150537777243,18.54407811296566,,,caught,1
JA Richardson,3,3,17,26,5.666666666666667,65.38461538461539,2,0,47.05882352941177,13.0,61.53846153846154,15,0,0,0,,,68.18181818181819,50.0,100.0,62.5,,,65.38461538461539,"Wankhede Stadium, Mumbai",17,65.38461538461539,3.140847807564957,41.02951902297136,16.6270634801333,,-18.18181818181819,caught,2
M Theekshana,6,6,17,34,5.666666666666667,50.0,0,1,35.29411764705883,34.0,64.70588235294117,7,0,0,0,,,16.66666666666667,68.18181818181819,53.84615384615385,37.5,,,50.0,"Maharashtra Cricket Association Stadium, Pune",7,175.0,1.083866260059064,51.77139432903106,10.38468374326077,,51.51515151515152,caught,3
AJ Hosein,1,1,16,10,,160.0,1,1,62.5,5.0,30.0,16,0,0,0,,,,160.0,,160.0,,,160.0,"Arun Jaitley Stadium, Delhi",16,160.0,24.19448326185576,,,,,,0
A Kamboj,6,6,16,14,8.0,114.2857142857143,2,0,50.0,7.0,42.85714285714285,5,0,0,0,,,,114.2857142857143,200.0,90.9090909090909,,,114.2857142857143,"Eden Gardens, Kolkata",6,200.0,2.629935616092143,60.36109419302784,,,,bowled,1
CK Kapugedera,3,3,16,22,5.333333333333333,72.72727272727273,0,0,0.0,,36.36363636363637,8,0,0,0,,,33.33333333333334,78.94736842105263,88.88888888888889,61.53846153846154,,0.0,80.0,Dr DY Patil Sports Academy,8,72.72727272727273,2.226558368696639,53.58983849088788,13.55878627213539,,45.61403508771929,caught,3
YV Dhull,3,3,16,23,5.333333333333333,69.56521739130434,1,0,25.0,23.0,43.47826086956522,13,0,0,0,,22.22222222222222,100.0,,73.6842105263158,50.0,,69.56521739130434,,"Arun Jaitley Stadium, Delhi",15,78.94736842105263,2.668519526712581,44.4753494361064,17.30780623876796,77.77777777777777,,caught,2
KS Sharma,3,3,16,25,5.333333333333333,64.0,1,0,25.0,25.0,48.0,9,0,0,0,,66.66666666666667,60.0,,100.0,57.14285714285715,60.0,65.0,,"Bharat Ratna Shri Atal Bihari Vajpayee Ekana Cricket Stadium, Lucknow",9,56.25,2.452449627238121,62.39361216643184,,-6.666666666666671,,caught,2
PP Ojha,19,19,16,44,1.333333333333333,36.36363636363637,0,0,0.0,,65.9090909090909,3,0,0,0,,,0.0,38.09523809523809,26.66666666666667,41.37931034482759,,,36.36363636363637,Wankhede Stadium,5,35.71428571428572,0.1459809873935153,50.235492657598,3.247761030092179,,38.09523809523809,caught,5
J Overton,2,2,15,7,,214.2857142857143,1,1,66.66666666666667,3.5,28.57142857142857,11,0,0,0,,,,214.2857142857143,275.0,133.3333333333333,,,214.2857142857143,"Barsapara Cricket Stadium, Guwahati",11,275.0,15.5670002724048,60.24218579124466,52.27307518474324,,,,0
I Udana,4,4,15,11,5.0,136.3636363636364,1,1,66.66666666666667,5.5,36.36363636363637,10,0,0,0,,,,136.3636363636364,33.33333333333334,175.0,,,136.3636363636364,Sharjah Cricket Stadium,10,166.6666666666667,4.931076757093679,45.45454546115702,1.748418177356247,,,caught,3
JL Pattinson,2,2,15,13,15.0,115.3846153846154,2,0,53.33333333333334,6.5,30.76923076923077,11,0,0,0,,,,115.3846153846154,,115.3846153846154,,,115.3846153846154,Sheikh Zayed Stadium,11,137.5,7.695326007124284,60.24218579124466,,,,caught,1
SD Lad,1,1,15,13,15.0,115.3846153846154,1,1,66.66666666666667,6.5,61.53846153846154,15,0,0,0,,115.3846153846154,,,115.3846153846154,,115.3846153846154,,,Wankhede Stadium,15,115.3846153846154,16.76695061772196,,7.532659040075215,,,bowled,1
GR Napier,1,1,15,16,15.0,93.75,1,0,26.66666666666667,16.0,43.75,15,0,0,0,,,83.33333333333333,125.0,,93.75,,,93.75,Buffalo Park,15,93.75,10.3412165185486,,,,41.66666666666667,caught,1
A Zampa,5,5,15,24,3.0,62.5,1,0,26.66666666666667,24.0,50.0,7,0,0,0,,,64.28571428571429,60.0,50.0,80.0,,,62.5,"Sawai Mansingh Stadium, Jaipur",9,60.0,1.350788547984057,50.71443155474149,8.473103474880272,,-4.285714285714292,caught,2
Virat Singh,2,2,15,26,7.5,57.69230769230769,1,0,26.66666666666667,26.0,53.84615384615385,11,0,0,0,,0.0,62.5,,57.69230769230769,,,57.69230769230769,,"MA Chidambaram Stadium, Chepauk, Chennai",15,57.69230769230769,3.159513701825446,60.24218579124466,,62.5,,caught,2
VY Mahesh,5,5,15,27,7.5,55.55555555555556,0,0,0.0,,51.85185185185185,6,0,0,0,,,37.5,63.1578947368421,42.85714285714285,100.0,,,55.55555555555556,"Punjab Cricket Association Stadium, Mohali",6,120.0,0.9382722848272493,58.57864377077851,6.119463620746862,,25.6578947368421,bowled,1
MP Breetzke,1,1,14,12,14.0,116.6666666666667,1,1,71.42857142857143,6.0,58.33333333333334,14,0,0,0,,116.6666666666667,,,,116.6666666666667,116.6666666666667,,,"Bharat Ratna Shri Atal Bihari Vajpayee Ekana Cricket Stadium, Lucknow",14,116.6666666666667,16.27417100924505,,,,,bowled,1
Vijaykumar Vyshak,4,4,14,12,7.0,116.6666666666667,0,1,42.85714285714285,12.0,33.33333333333334,13,0,0,0,,,,116.6666666666667,140.0,0.0,,,116.6666666666667,"M Chinnaswamy Stadium, Bengaluru",14,127.2727272727273,3.364838538690825,35.52991821592358,25.87966426963565,,,caught,2
F Behardien,3,3,14,13,7.0,107.6923076923077,2,0,57.14285714285715,6.5,38.46153846153846,9,0,0,0,,,0.0,116.6666666666667,112.5,100.0,,,107.6923076923077,"Punjab Cricket Association IS Bindra Stadium, Mohali",9,128.5714285714286,4.56692212906632,50.85777217026664,19.60240319427871,,116.6666666666667,caught,2
MDKJ Perera,2,2,14,13,7.0,107.6923076923077,3,0,85.71428571428571,4.333333333333333,61.53846153846154,14,0,0,0,,107.6923076923077,,,,107.6923076923077,107.6923076923077,,,Feroz Shah Kotla,14,116.6666666666667,8.120908396263435,41.4213562407758,,,,caught,1
C Madan,1,1,14,18,14.0,77.77777777777777,3,0,85.71428571428571,6.0,72.22222222222223,14,0,0,0,,77.77777777777777,,,,77.77777777777777,77.77777777777777,,,Brabourne Stadium,14,77.77777777777777,11.74458066869971,,,,,caught,1
KJ Abbott,3,3,13,8,13.0,162.5,0,1,46.15384615384615,8.0,37.5,12,0,0,0,,,0.0,185.7142857142857,0.0,185.7142857142857,,,162.5,"Punjab Cricket Association IS Bindra Stadium, Mohali",12,200.0,5.961264430324851,39.42382462320516,0.0,,185.7142857142857,caught,1
Arjun Tendulkar,1,1,13,9,13.0,144.4444444444445,0,1,46.15384615384615,9.0,22.22222222222222,13,0,0,0,,,,144.4444444444445,144.4444444444445,,,,144.4444444444445,"Narendra Modi Stadium, Ahmedabad",13,144.4444444444445,15.95062884206324,,28.84634373127993,,,caught,1
DT Patil,2,2,13,13,6.5,100.0,1,0,30.76923076923077,13.0,38.46153846153846,9,0,0,0,,,75.0,400.0,75.0,400.0,,,100.0,Sawai Mansingh Stadium,9,75.0,4.917840941163513,64.76984743691291,13.06826879618581,,325.0,caught,1
Kartik Tyagi,6,6,13,16,3.25,81.25,1,0,30.76923076923077,16.0,43.75,7,0,0,0,,,,81.25,91.66666666666667,50.0,,,81.25,"Brabourne Stadium, Mumbai",7,140.0,1.308323638541445,46.59554252991406,17.23703740385378,,,bowled,2
DR Shorey,2,2,13,17,6.5,76.47058823529412,0,1,46.15384615384615,17.0,52.94117647058823,8,0,0,0,,,76.47058823529412,,76.47058823529412,,,88.88888888888889,62.5,Maharashtra Cricket Association Stadium,8,88.88888888888889,4.198435416488666,75.39448415348271,,,,caught,2
FA Allen,3,3,13,18,6.5,72.22222222222223,1,0,30.76923076923077,18.0,50.0,8,0,0,0,,,40.0,84.61538461538461,100.0,50.0,,,72.22222222222223,"Brabourne Stadium, Mumbai",8,114.2857142857143,2.351073081521153,51.74262051136298,19.00235826300949,,44.61538461538461,caught,2
S Badree,5,5,13,23,2.6,56.52173913043478,0,0,0.0,,52.17391304347826,8,0,0,0,,,55.55555555555556,57.14285714285715,50.0,100.0,,,56.52173913043478,M Chinnaswamy Stadium,11,84.61538461538461,0.8234851507314418,44.17009647187554,1.847451497792588,,1.587301587301589,bowled,3
Mustafizur Rahman,7,7,13,24,6.5,54.16666666666666,0,1,46.15384615384615,24.0,66.66666666666667,8,0,0,0,,,,54.16666666666666,25.0,112.5,,,54.16666666666666,Sharjah Cricket Stadium,8,80.0,0.8238770185736806,38.94579312740494,3.247761030092179,,,bowled,1
MA Wood,3,3,12,8,6.0,150.0,1,1,83.33333333333333,4.0,50.0,10,0,0,0,,,,150.0,150.0,,,,150.0,"MA Chidambaram Stadium, Chepauk, Chennai",10,333.3333333333333,6.37378069348166,43.49645174093088,13.55878627213539,,,bowled,1
DAJ Bracewell,1,1,12,9,,133.3333333333333,1,0,33.33333333333334,9.0,11.11111111111111,12,0,0,0,,,,133.3333333333333,133.3333333333333,,,,133.3333333333333,M Chinnaswamy Stadium,12,133.3333333333333,12.39166500306333,,25.87966426963565,,,,0
K Upadhyay,2,2,12,9,,133.3333333333333,0,1,50.0,9.0,33.33333333333334,11,0,0,0,,,,133.3333333333333,133.3333333333333,,,,133.3333333333333,Subrata Roy Sahara Stadium,12,133.3333333333333,6.956156594408918,45.90290622694478,25.87966426963565,,,,0
AA Chavan,3,3,12,11,6.0,109.0909090909091,2,0,66.66666666666667,5.5,45.45454545454545,7,0,0,0,,,33.33333333333334,137.5,200.0,88.88888888888889,,,109.0909090909091,Sawai Mansingh Stadium,7,116.6666666666667,4.203106880934605,57.14285714897959,24.35820772569134,,104.1666666666667,caught,1
AR Bawne,1,1,12,12,,100.0,1,0,33.33333333333334,12.0,33.33333333333334,12,0,0,0,,,,100.0,,100.0,,,100.0,Eden Gardens,12,100.0,9.28566019811795,,,,,,0
DG Nalkande,2,2,12,12,6.0,100.0,0,1,50.0,12.0,41.66666666666666,12,0,0,0,,,109.0909090909091,0.0,100.0,,,,100.0,"Bharat Ratna Shri Atal Bihari Vajpayee Ekana Cricket Stadium, Lucknow",12,109.0909090909091,5.209028891627143,41.42135624135351,19.60240319427871,,-109.0909090909091,caught,1
Mujeeb Ur Rahman,6,6,12,15,4.0,80.0,2,0,66.66666666666667,7.5,60.0,10,0,0,0,,,33.33333333333334,91.66666666666667,100.0,0.0,,,80.0,Rajiv Gandhi International Stadium,10,125.0,1.520648185754508,33.61523331505942,19.40974820222673,,58.33333333333334,caught,2
K Kartikeya,4,4,12,17,3.0,70.58823529411765,1,0,33.33333333333334,17.0,52.94117647058823,6,0,0,0,,,50.0,76.92307692307692,68.75,100.0,,,70.58823529411765,"Narendra Modi Stadium, Ahmedabad",6,85.71428571428571,1.612001268252901,58.1367531217774,12.92777805289034,,26.92307692307692,caught,2
Karanveer Singh,4,4,12,17,12.0,70.58823529411765,1,0,33.33333333333334,17.0,52.94117647058823,5,0,0,0,,,57.14285714285715,80.0,70.58823529411765,,,,70.58823529411765,Maharashtra Cricket Association Stadium,5,125.0,1.612001268252901,62.16660750692824,14.55731115167005,,22.85714285714285,bowled,1
T Thushara,4,4,12,18,6.0,66.66666666666667,0,0,0.0,,50.0,8,0,0,0,,,,66.66666666666667,60.0,69.23076923076923,,,66.66666666666667,"Vidarbha Cricket Association Stadium, Jamtha",8,100.0,1.132397585136335,47.12164022382334,1.748418177356247,,,caught,1
DNT Zoysa,2,2,11,9,11.0,122.2222222222222,1,0,36.36363636363637,9.0,33.33333333333334,10,0,0,0,,,100.0,125.0,142.8571428571429,50.0,,,122.2222222222222,"Rajiv Gandhi International Stadium, Uppal",11,122.2222222222222,5.306091541781687,46.35888457753698,26.13653759237162,,25.0,bowled,1
T Henderson,2,2,11,15,5.5,73.33333333333333,0,1,54.54545454545455,15.0,66.66666666666667,11,0,0,0,,22.22222222222222,150.0,,78.57142857142857,0.0,,78.57142857142857,0.0,Newlands,11,78.57142857142857,3.597788899061729,41.42135624172115,,127.7777777777778,,bowled,1
XC Bartlett,1,1,11,15,11.0,73.33333333333333,1,0,36.36363636363637,15.0,46.66666666666666,11,0,0,0,,,71.42857142857143,100.0,,73.33333333333333,,,73.33333333333333,"Maharaja Yadavindra Singh International Cricket Stadium, Mullanpur",11,73.33333333333333,6.37378069348166,,,,28.57142857142857,run out,1
M Ntini,2,2,11,18,11.0,61.11111111111111,2,0,72.72727272727273,9.0,77.77777777777777,11,0,0,0,,,,61.11111111111111,0.0,91.66666666666667,,,61.11111111111111,Sawai Mansingh Stadium,11,91.66666666666667,3.348661430331735,41.42135624172115,0.0,,,bowled,1
T Kohli,3,3,11,19,3.666666666666667,57.89473684210526,0,1,54.54545454545455,19.0,68.42105263157895,7,0,0,0,,58.33333333333334,,57.14285714285715,,57.89473684210526,58.33333333333334,,57.14285714285715,Feroz Shah Kotla,7,58.33333333333334,1.878247423165982,54.54955327965773,,,,caught,2
KAJ Roach,1,1,10,9,10.0,111.1111111111111,1,0,40.0,9.0,33.33333333333334,10,0,0,0,,,250.0,71.42857142857143,111.1111111111111,,,,111.1111111111111,Dr DY Patil Sports Academy,10,111.1111111111111,9.026826464372501,,20.16177708448798,,-178.5714285714286,bowled,1
J Theron,4,4,10,12,5.0,83.33333333333333,1,0,40.0,12.0,41.66666666666666,7,0,0,0,,,,83.33333333333333,90.9090909090909,0.0,,,83.33333333333333,"Rajiv Gandhi International Stadium, Uppal",7,116.6666666666667,1.666242160986322,44.57022081692635,15.68192255542297,,,caught,1
D du Preez,1,1,10,13,10.0,76.92307692307692,0,0,0.0,,38.46153846153846,10,0,0,0,,,75.0,77.77777777777777,,76.92307692307692,,,76.92307692307692,SuperSport Park,10,76.92307692307692,4.447460405799189,,,,2.777777777777771,caught,1
AG Murtaza,3,3,10,14,10.0,71.42857142857143,1,0,40.0,14.0,50.0,5,0,0,0,,,,71.42857142857143,88.88888888888889,40.0,,,71.42857142857143,M Chinnaswamy Stadium,5,125.0,1.90889878637268,68.57499120955555,13.76879314668044,,,stumped,1
JE Root,1,1,10,15,10.0,66.66666666666667,1,0,40.0,15.0,53.33333333333334,10,0,0,0,,66.66666666666667,,,66.66666666666667,,,66.66666666666667,,"Sawai Mansingh Stadium, Jaipur",10,66.66666666666667,5.403154191936228,,,,,lbw,1
Simarjeet Singh,6,6,10,15,3.333333333333333,66.66666666666667,0,0,0.0,,46.66666666666666,3,0,0,0,,,66.66666666666667,66.66666666666667,66.66666666666667,66.66666666666667,,,66.66666666666667,"Brabourne Stadium, Mumbai",3,100.0,0.6147301176454394,54.95242035730166,5.542354493377767,,0.0,bowled,2
SMSM Senanayake,3,3,10,16,10.0,62.5,0,0,0.0,,43.75,7,0,0,0,,,,62.5,100.0,53.84615384615385,,,62.5,Eden Gardens,7,53.84615384615385,1.180928910213607,50.9070341513611,2.62262726603437,,,run out,1
X Thalaivan Sargunam,1,1,10,17,10.0,58.8235294117647,0,0,0.0,,52.94117647058823,10,0,0,0,,,57.14285714285715,66.66666666666667,,58.8235294117647,,,58.8235294117647,"MA Chidambaram Stadium, Chepauk",10,58.8235294117647,3.393386376971573,,,,9.523809523809526,caught and bowled,1
Mukesh Kumar,5,5,10,18,10.0,55.55555555555556,0,0,0.0,,44.44444444444444,6,0,0,0,,,,55.55555555555556,55.55555555555556,,,,55.55555555555556,"Arun Jaitley Stadium, Delhi",6,66.66666666666667,0.6147301176454392,43.96078055602904,10.6738819859054,,,caught,1
RK Bhui,4,4,10,26,2.5,38.46153846153846,0,0,0.0,,69.23076923076923,7,0,0,0,,0.0,55.55555555555556,0.0,36.8421052631579,42.85714285714285,0.0,47.61904761904762,,Rajiv Gandhi International Stadium,7,41.1764705882353,0.5276226110964902,42.9802521337713,2.771177246688883,55.55555555555556,-55.55555555555556,caught,4
TD Paine,2,2,10,26,5.0,38.46153846153846,0,0,0.0,,61.53846153846154,8,0,0,0,,38.46153846153846,,,47.05882352941177,22.22222222222222,38.46153846153846,,,M Chinnaswamy Stadium,8,47.05882352941177,1.087599438911161,54.09709378216035,,,,bowled,1
L Wood,1,1,9,3,,300.0,0,1,66.66666666666667,3.0,0.0,9,0,0,0,,,,300.0,300.0,,,,300.0,"Arun Jaitley Stadium, Delhi",9,300.0,26.17456132500844,,52.27307518474324,,,,0
AA Kulkarni,2,2,9,8,4.5,112.5,2,0,88.88888888888889,4.0,62.5,9,0,0,0,,112.5,,,112.5,,112.5,,,"Bharat Ratna Shri Atal Bihari Vajpayee Ekana Cricket Stadium, Lucknow",9,112.5,5.536615335898725,41.42135624270152,22.40274650774711,,,caught,1
AA Noffke,1,1,9,10,9.0,90.0,1,0,44.44444444444444,10.0,40.0,9,0,0,0,,,90.0,,90.0,,,,90.0,M Chinnaswamy Stadium,9,90.0,6.781443824130739,,15.68192255542297,,,run out,1
PWA Mulder,1,1,9,11,9.0,81.81818181818181,1,0,44.44444444444444,11.0,45.45454545454545,9,0,0,0,,,0.0,100.0,,81.81818181818181,,,81.81818181818181,"Dr. Y.S. Rajasekhara Reddy ACA-VDCA Cricket Stadium, Visakhapatnam",9,81.81818181818181,6.162007638599018,,,,100.0,caught,1
BB Sran,6,6,9,13,9.0,69.23076923076923,0,0,0.0,,38.46153846153846,3,0,0,0,,,,69.23076923076923,72.72727272727273,50.0,,,69.23076923076923,Eden Gardens,5,100.0,0.5724207573216639,58.85101982003767,9.684847337239562,,,run out,1
D Ferreira,3,3,9,14,3.0,64.28571428571429,0,0,0.0,,50.0,7,0,0,0,,,33.33333333333334,72.72727272727273,33.33333333333334,72.72727272727273,,,64.28571428571429,"Barsapara Cricket Stadium, Guwahati",7,87.5,1.090799306498674,46.41016152206583,1.748418177356247,,39.3939393939394,caught,2
M Prasidh Krishna,7,7,9,24,3.0,37.5,0,0,0.0,,62.5,4,0,0,0,,,,37.5,43.75,25.0,,,37.5,"Dr DY Patil Sports Academy, Mumbai",4,57.14285714285715,0.2484341640860328,46.21977362781022,5.890116451219252,,,run out,2
VG Arora,9,9,9,24,2.25,37.5,0,0,0.0,,66.66666666666667,2,0,0,0,,,0.0,52.94117647058823,11.11111111111111,53.33333333333334,,,37.5,"Brabourne Stadium, Mumbai",5,41.66666666666666,0.1860367461295408,53.58983851109568,2.62262726603437,,52.94117647058823,bowled,2
KT Maphaka,1,1,8,2,,400.0,2,0,100.0,1.0,0.0,8,0,0,0,,,,400.0,400.0,,,,400.0,"Sawai Mansingh Stadium, Jaipur",8,400.0,37.23970344262634,,48.71641545138269,,,,0
OC McCoy,1,1,8,5,8.0,160.0,0,1,75.0,5.0,40.0,8,0,0,0,,,,160.0,,160.0,,,160.0,"Narendra Modi Stadium, Ahmedabad",8,160.0,13.0128659640524,,,,,run out,1
JPR Scantlebury-Searles,2,2,8,6,8.0,133.3333333333333,0,1,75.0,6.0,50.0,6,0,0,0,,,,133.3333333333333,,133.3333333333333,,,133.3333333333333,Holkar Cricket Stadium,6,600.0,5.403154191936228,58.57864376875651,,,,caught,1
P Chopra,1,1,8,6,8.0,133.3333333333333,2,0,100.0,3.0,66.66666666666667,8,0,0,0,,,133.3333333333333,,133.3333333333333,,,133.3333333333333,,Sawai Mansingh Stadium,8,133.3333333333333,12.39166500306333,,,,,caught,1
CK Langeveldt,2,2,8,9,4.0,88.88888888888889,0,1,75.0,9.0,66.66666666666667,8,0,0,0,,,25.0,140.0,88.88888888888889,,,,88.88888888888889,Himachal Pradesh Cricket Association Stadium,8,100.0,3.591318055718092,41.42135624337552,16.6270634801333,,115.0,bowled,2
Jaskaran Singh,4,4,8,11,8.0,72.72727272727273,0,0,0.0,,45.45454545454545,4,0,0,0,,,50.0,77.77777777777777,62.5,100.0,,,72.72727272727273,Dr DY Patil Sports Academy,5,83.33333333333333,0.8147380028123763,52.27744250730796,6.959487921626098,,27.77777777777777,caught,1
SH Johnson,5,5,8,11,,72.72727272727273,1,0,50.0,11.0,54.54545454545455,5,0,0,0,,,50.0,77.77777777777777,83.33333333333333,60.0,,,72.72727272727273,"MA Chidambaram Stadium, Chepauk, Chennai",5,100.0,0.9841564467184878,45.07856375247915,11.29898856011282,,27.77777777777777,,0
TM Srivastava,3,3,8,11,8.0,72.72727272727273,0,0,0.0,,45.45454545454545,7,0,0,0,,,50.0,85.71428571428571,70.0,100.0,,,72.72727272727273,"Punjab Cricket Association Stadium, Mohali",7,77.77777777777777,1.097102075989229,41.32697467494581,,,35.71428571428571,caught,1
SM Harwood,2,2,8,13,,61.53846153846154,0,0,0.0,,53.84615384615385,5,0,0,0,,,,61.53846153846154,42.85714285714285,83.33333333333333,,,61.53846153846154,De Beers Diamond Oval,5,83.33333333333333,1.401186462487378,73.87961250845026,,,,,0
Akash Madhwal,2,2,8,14,,57.14285714285715,0,0,0.0,,50.0,4,0,0,0,,,40.0,66.66666666666667,44.44444444444444,80.0,,,57.14285714285715,"Sawai Mansingh Stadium, Jaipur",4,44.44444444444444,1.298790699686981,100.0,5.412935050153632,,26.66666666666667,,0
TS Mills,5,5,8,14,2.0,57.14285714285715,0,1,75.0,14.0,78.57142857142857,6,0,0,0,,,40.0,66.66666666666667,72.72727272727273,0.0,,,57.14285714285715,"Rajiv Gandhi International Stadium, Uppal",6,200.0,0.8994472247654323,38.02569669703298,22.08793669207219,,26.66666666666667,caught,3
CJ McKay,1,1,8,15,8.0,53.33333333333334,0,0,0.0,,53.33333333333334,8,0,0,0,,,53.33333333333334,,,53.33333333333334,,,53.33333333333334,Wankhede Stadium,8,53.33333333333334,2.452449627238121,,,,,caught,1
I Malhotra,1,1,7,4,,175.0,1,0,57.14285714285715,4.0,0.0,7,0,0,0,,,,175.0,,175.0,,,175.0,"Rajiv Gandhi International Stadium, Uppal",7,175.0,11.17838187613154,,,,,,0
V Viyaskanth,1,1,7,5,,140.0,0,0,0.0,,0.0,7,0,0,0,,,,140.0,,140.0,,,140.0,"Narendra Modi Stadium, Ahmedabad",7,140.0,5.674929612368948,,,,,,0
VS Malik,2,2,7,7,7.0,100.0,1,0,57.14285714285715,7.0,42.85714285714285,6,0,0,0,,,,100.0,50.0,120.0,,,100.0,Brabourne Stadium,6,120.0,3.17071323838174,49.74746831297535,0.0,,,bowled,1
AN Ghosh,2,2,7,8,3.5,87.5,1,0,57.14285714285715,8.0,62.5,7,0,0,0,,100.0,0.0,,0.0,100.0,,100.0,0.0,SuperSport Park,7,100.0,2.77032980649425,41.42135624424209,0.0,-100.0,,caught,2
Ankit Soni,3,3,7,9,3.5,77.77777777777777,0,1,85.71428571428571,9.0,77.77777777777777,7,0,0,0,,,,77.77777777777777,,77.77777777777777,,,77.77777777777777,Saurashtra Cricket Association Stadium,7,350.0,1.9304682641848,36.6025403883889,,,,bowled,2
Suryansh Shedge,3,3,7,11,2.333333333333333,63.63636363636363,0,0,0.0,,45.45454545454545,4,0,0,0,,,100.0,42.85714285714285,42.85714285714285,100.0,,,63.63636363636363,"Maharaja Yadavindra Singh International Cricket Stadium, Mullanpur",6,75.0,0.8323857573859296,60.43560763635156,4.156765870033325,,-57.14285714285715,caught,3
Pankaj Singh,5,5,7,12,3.5,58.33333333333334,0,0,0.0,,50.0,4,0,0,0,,,,58.33333333333334,60.0,50.0,,,58.33333333333334,"Rajiv Gandhi International Stadium, Uppal",4,133.3333333333333,0.4432527690390798,48.00150717501513,9.816860752032088,,,bowled,1
UA Birla,1,1,7,14,7.0,50.0,1,0,57.14285714285715,14.0,71.42857142857143,7,0,0,0,,66.66666666666667,20.0,,50.0,,,50.0,,Subrata Roy Sahara Stadium,7,50.0,3.17071323838174,,,-46.66666666666667,,bowled,1
IS Sodhi,2,2,7,17,3.5,41.1764705882353,0,0,0.0,,58.8235294117647,6,0,0,0,,,28.57142857142857,50.0,,41.1764705882353,,,41.1764705882353,Arun Jaitley Stadium,6,54.54545454545455,0.8069522287358089,49.74746831297535,,,21.42857142857143,caught,2
DM Bravo,1,1,6,5,,120.0,1,0,66.66666666666667,5.0,40.0,6,0,0,0,,,,120.0,120.0,,,120.0,,Maharashtra Cricket Association Stadium,6,120.0,6.956156594408918,,,,,,0
Mukesh Choudhary,2,2,6,6,6.0,100.0,1,0,66.66666666666667,6.0,50.0,4,0,0,0,,,100.0,100.0,100.0,100.0,,,100.0,"Wankhede Stadium, Mumbai",4,100.0,2.87952528791811,67.96227590555378,8.313531740066649,,0.0,run out,1
BA Bhatt,2,2,6,7,6.0,85.71428571428571,0,1,100.0,7.0,85.71428571428571,6,0,0,0,,,,85.71428571428571,0.0,300.0,,,85.71428571428571,Eden Gardens,6,300.0,2.962721845193432,41.42135624539753,0.0,,,run out,1
SS Shaikh,1,1,6,7,6.0,85.71428571428571,1,0,66.66666666666667,7.0,57.14285714285715,6,0,0,0,,,85.71428571428571,,85.71428571428571,,,,85.71428571428571,Kingsmead,6,85.71428571428571,4.959439219801174,,,,,run out,1
JP Behrendorff,2,2,6,9,,66.66666666666667,0,0,0.0,,33.33333333333334,3,0,0,0,,,,66.66666666666667,66.66666666666667,,,,66.66666666666667,"Narendra Modi Stadium, Ahmedabad",6,66.66666666666667,1.132397585136335,100.0,9.816860752032088,,,,0
PSP Handscomb,1,1,6,12,6.0,50.0,0,0,0.0,,50.0,6,0,0,0,,,50.0,,,50.0,,50.0,,Maharashtra Cricket Association Stadium,6,50.0,1.714773486063593,,,,,caught,1
SB Joshi,2,2,6,14,3.0,42.85714285714285,0,0,0.0,,57.14285714285715,3,0,0,0,,,46.15384615384615,0.0,50.0,37.5,,,42.85714285714285,M Chinnaswamy Stadium,6,42.85714285714285,0.7164147987597222,100.0,5.24525453206874,,-46.15384615384615,caught,1
R Minz,2,2,6,15,3.0,40.0,0,0,0.0,,66.66666666666667,3,0,0,0,,,40.0,,50.0,33.33333333333334,,50.0,33.33333333333334,"MA Chidambaram Stadium, Chepauk, Chennai",3,33.33333333333334,0.6664968643945288,100.0,5.24525453206874,,,caught,2
B Stanlake,1,1,5,2,,250.0,1,0,80.0,2.0,0.0,5,0,0,0,,,,250.0,250.0,,,,250.0,Rajiv Gandhi International Stadium,5,250.0,13.07110355414513,,,,,,0
KMDN Kulasekara,1,1,5,3,,166.6666666666667,1,0,80.0,3.0,33.33333333333334,5,0,0,0,,,,166.6666666666667,166.6666666666667,,,,166.6666666666667,"MA Chidambaram Stadium, Chepauk",5,166.6666666666667,8.703284297190692,,22.59797712022565,,,,0
Shivam Sharma,2,2,5,3,5.0,166.6666666666667,1,0,80.0,3.0,33.33333333333334,4,0,0,0,,,,166.6666666666667,,166.6666666666667,,,166.6666666666667,M Chinnaswamy Stadium,4,200.0,4.335465040236254,54.09709378712678,,,,bowled,1
Arshad Khan (2),1,1,5,4,5.0,125.0,1,0,80.0,4.0,50.0,5,0,0,0,,,,125.0,,125.0,,,125.0,"Eden Gardens, Kolkata",5,125.0,6.519374668713474,,,,,bowled,1
SJ Srivastava,4,4,5,5,5.0,100.0,0,0,0.0,,20.0,3,0,0,0,,,,100.0,0.0,125.0,,,100.0,"Punjab Cricket Association Stadium, Mohali",4,100.0,0.6956156594408917,49.83443529074948,0.0,,,bowled,1
Prince Yadav,2,2,5,10,,50.0,0,0,0.0,,50.0,4,0,0,0,,,,50.0,50.0,,,,50.0,"Wankhede Stadium, Mumbai",4,44.44444444444444,0.6956156594408917,54.09709378712678,6.779393136067695,,,,0
B Laughlin,4,4,5,13,2.5,38.46153846153846,0,0,0.0,,61.53846153846154,4,0,0,0,,,42.85714285714285,33.33333333333334,40.0,33.33333333333334,,,38.46153846153846,Wankhede Stadium,4,50.0,0.2476341971891546,39.77130611813772,4.871641545138269,,-9.523809523809518,bowled,1
P Awana,5,5,5,14,2.5,35.71428571428572,0,0,0.0,,64.28571428571429,4,0,0,0,,,,35.71428571428572,0.0,45.45454545454545,,,35.71428571428572,Feroz Shah Kotla,4,80.0,0.1756371764701255,36.60254040164895,0.0,,,caught,2
Fazalhaq Farooqi,3,3,5,15,,33.33333333333334,0,0,0.0,,66.66666666666667,2,0,0,0,,,,33.33333333333334,33.33333333333334,,,,33.33333333333334,"M Chinnaswamy Stadium, Bengaluru",2,100.0,0.2911879504636292,74.27157256671813,3.747416573183284,,,,0
RS Sodhi,1,1,4,2,,200.0,1,0,100.0,2.0,50.0,4,0,0,0,,,,200.0,200.0,,,,200.0,"Punjab Cricket Association Stadium, Mohali",4,200.0,9.28566019811795,,,,,,0
CRD Fernando,2,2,4,3,,133.3333333333333,0,0,0.0,,0.0,2,0,0,0,,,,133.3333333333333,133.3333333333333,,,,133.3333333333333,Dr DY Patil Sports Academy,2,100.0,1.520648185754508,100.0,15.73576359620622,,,,0
VRV Singh,2,2,4,3,2.0,133.3333333333333,1,0,100.0,3.0,66.66666666666667,4,0,0,0,,,,133.3333333333333,0.0,200.0,,,133.3333333333333,"Punjab Cricket Association Stadium, Mohali",4,200.0,3.073650588227196,41.42135624944154,0.0,,,caught,1
Liton Das,1,1,4,4,4.0,100.0,1,0,100.0,4.0,75.0,4,0,0,0,,100.0,,,,100.0,100.0,,,"Arun Jaitley Stadium, Delhi",4,100.0,4.626652990699885,,,,,caught,1
A Dananjaya,1,1,4,5,,80.0,0,0,0.0,,40.0,4,0,0,0,,,,80.0,,80.0,,,80.0,Wankhede Stadium,4,80.0,1.831248666249045,,,,,,0
FH Edwards,2,2,4,5,4.0,80.0,0,0,0.0,,60.0,3,0,0,0,,,,80.0,,80.0,,,80.0,Newlands,3,150.0,0.8994472247654322,58.57864377482252,,,,bowled,1
GD McGrath,2,2,4,5,4.0,80.0,1,0,100.0,5.0,80.0,4,0,0,0,,,,80.0,80.0,,,,80.0,Wankhede Stadium,4,133.3333333333333,1.831248666249045,41.42135624944154,9.743283090276538,,,caught,1
A Chandila,2,2,4,7,,57.14285714285715,0,0,0.0,,42.85714285714285,4,0,0,0,,,,57.14285714285715,,57.14285714285715,,,57.14285714285715,M Chinnaswamy Stadium,4,66.66666666666667,0.6332182414843999,41.42135624944154,,,,,0
A Uniyal,2,2,4,7,4.0,57.14285714285715,0,0,0.0,,42.85714285714285,4,0,0,0,,,,57.14285714285715,0.0,66.66666666666667,,,57.14285714285715,"Sardar Patel Stadium, Motera",4,66.66666666666667,0.6332182414843999,41.42135624944154,0.0,,,bowled,1
A Tomar,1,1,4,8,4.0,50.0,1,0,100.0,8.0,87.5,4,0,0,0,,50.0,,,50.0,,50.0,,,"Dr DY Patil Sports Academy, Mumbai",4,50.0,2.297149386990852,,6.089551931422836,,,caught,1
Yash Dayal,4,4,4,9,1.333333333333333,44.44444444444444,0,0,0.0,,66.66666666666667,3,0,0,0,,,0.0,50.0,50.0,33.33333333333334,,,44.44444444444444,"Bharat Ratna Shri Atal Bihari Vajpayee Ekana Cricket Stadium, Lucknow",3,50.0,0.226479517027267,41.42135626157358,5.24525453206874,,50.0,caught,1
DP Nannes,2,2,4,13,4.0,30.76923076923077,0,0,0.0,,69.23076923076923,3,0,0,0,,,50.0,22.22222222222222,30.76923076923077,,,,30.76923076923077,Feroz Shah Kotla,3,27.27272727272727,0.3260309530832086,58.57864377482252,3.747416573183284,,-27.77777777777778,bowled,1
JE Taylor,2,2,3,3,3.0,100.0,0,0,0.0,,33.33333333333334,2,0,0,0,,,,100.0,200.0,50.0,,,100.0,"MA Chidambaram Stadium, Chepauk",2,200.0,0.8412096346727062,67.96227591281163,16.6270634801333,,,run out,1
M Tiwari,1,1,3,4,3.0,75.0,0,0,0.0,,50.0,3,0,0,0,,,50.0,100.0,75.0,,,,75.0,"Wankhede Stadium, Mumbai",3,75.0,1.27799156036815,,7.86788179810311,,50.0,bowled,1
S Tyagi,1,1,3,4,3.0,75.0,0,0,0.0,,25.0,3,0,0,0,,,,75.0,75.0,,,,75.0,"MA Chidambaram Stadium, Chepauk",3,75.0,1.27799156036815,,7.86788179810311,,,run out,1
Kamran Khan,1,1,3,5,3.0,60.0,0,0,0.0,,60.0,3,0,0,0,,,75.0,0.0,60.0,,,,60.0,Newlands,3,60.0,1.015922404950884,,6.294305438482486,,-75.0,caught,1
R Ninan,1,1,3,5,3.0,60.0,0,0,0.0,,40.0,3,0,0,0,,,,60.0,60.0,,,,60.0,"Rajiv Gandhi International Stadium, Uppal",3,60.0,1.015922404950884,,6.294305438482486,,,caught,1
T Natarajan,2,2,3,5,,60.0,0,0,0.0,,40.0,3,0,0,0,,,,60.0,60.0,,,,60.0,Dubai International Cricket Stadium,3,60.0,0.4917840941163513,41.42135625348556,7.86788179810311,,,,0
BAW Mendis,3,3,3,6,1.5,50.0,0,0,0.0,,50.0,2,0,0,0,,,,50.0,40.0,100.0,,,50.0,Subrata Roy Sahara Stadium,2,50.0,0.258833733745448,50.00000002500001,3.325412696026659,,,bowled,1
Mohammad Asif,2,2,3,6,1.5,50.0,0,0,0.0,,50.0,3,0,0,0,,,66.66666666666667,33.33333333333334,50.0,,,,50.0,Wankhede Stadium,3,60.0,0.4044277089772626,41.42135625348556,5.24525453206874,,-33.33333333333334,caught,1
RJW Topley,1,1,3,6,,50.0,0,0,0.0,,50.0,3,0,0,0,,,,50.0,50.0,,,,50.0,"M Chinnaswamy Stadium, Bengaluru",3,50.0,0.8412096346727062,,5.24525453206874,,,,0
GC Viljoen,3,3,3,7,1.5,42.85714285714285,0,0,0.0,,71.42857142857143,2,0,0,0,,,,42.85714285714285,0.0,50.0,,,42.85714285714285,Arun Jaitley Stadium,2,66.66666666666667,0.2172354551077867,50.00000002500001,0.0,,,caught,2
Kumar Kushagra,3,3,3,7,1.0,42.85714285714285,0,0,0.0,,71.42857142857143,2,0,0,0,,66.66666666666667,33.33333333333334,0.0,50.0,33.33333333333334,,66.66666666666667,25.0,"M Chinnaswamy Stadium, Bengaluru",2,66.66666666666667,0.2172354551077867,50.00000002500001,0.0,-33.33333333333334,-33.33333333333334,caught,2
Younis Khan,1,1,3,7,3.0,42.85714285714285,0,0,0.0,,57.14285714285715,3,0,0,0,,42.85714285714285,,,42.85714285714285,,,42.85714285714285,,"Punjab Cricket Association Stadium, Mohali",3,42.85714285714285,0.7164147987597222,,4.495932456058919,,,bowled,1
D Kalyankrishna,1,1,3,8,3.0,37.5,0,0,0.0,,62.5,3,0,0,0,,,,37.5,,37.5,,,37.5,"Rajiv Gandhi International Stadium, Uppal",3,37.5,0.6228186718249844,,,,,caught,1
Mashrafe Mortaza,1,1,2,2,,100.0,0,0,0.0,,50.0,2,0,0,0,,,,100.0,,100.0,,,100.0,New Wanderers Stadium,2,100.0,1.132397585136335,,,,,,0
RG More,1,1,2,2,,100.0,0,0,0.0,,0.0,2,0,0,0,,,,100.0,,100.0,,,100.0,Eden Gardens,2,100.0,1.132397585136335,,,,,,0
RJ Gleeson,1,1,2,2,,100.0,0,0,0.0,,50.0,2,0,0,0,,,,100.0,,100.0,,,100.0,"Himachal Pradesh Cricket Association Stadium, Dharamsala",2,100.0,1.132397585136335,,,,,,0
VS Yeligati,1,1,2,2,2.0,100.0,0,0,0.0,,50.0,2,0,0,0,,,,100.0,100.0,,,,100.0,Wankhede Stadium,2,100.0,1.132397585136335,,16.6270634801333,,,run out,1
SB Wagh,2,2,2,3,1.0,66.66666666666667,0,0,0.0,,66.66666666666667,2,0,0,0,,,,66.66666666666667,0.0,100.0,,,66.66666666666667,Wankhede Stadium,2,100.0,0.3558963838999911,41.42135626157358,0.0,,,caught,1
Shivam Singh,1,1,2,3,,66.66666666666667,0,0,0.0,,33.33333333333334,2,0,0,0,,,,66.66666666666667,,66.66666666666667,,,66.66666666666667,"Rajiv Gandhi International Stadium, Uppal, Hyderabad",2,66.66666666666667,0.7441469845181633,,,,,,0
GHS Garton,2,2,2,4,2.0,50.0,0,0,0.0,,50.0,2,0,0,0,,,,50.0,66.66666666666667,0.0,,,50.0,"Zayed Cricket Stadium, Abu Dhabi",2,66.66666666666667,0.258833733745448,41.42135626157358,5.542354493377767,,,bowled,1
KP Appanna,3,3,2,4,2.0,50.0,0,0,0.0,,50.0,1,0,0,0,,,,50.0,66.66666666666667,0.0,,,50.0,Feroz Shah Kotla,1,50.0,0.161771083590905,53.58983852353123,8.313531740066649,,,run out,1
S Randiv,1,1,2,4,2.0,50.0,0,0,0.0,,75.0,2,0,0,0,,,,50.0,50.0,,,,50.0,Wankhede Stadium,2,50.0,0.5500216842090772,,4.156765870033325,,,caught,1
T Shamsi,1,1,2,4,,50.0,0,0,0.0,,50.0,2,0,0,0,,,,50.0,50.0,,,,50.0,"Zayed Cricket Stadium, Abu Dhabi",2,50.0,0.5500216842090772,,4.156765870033325,,,,0
BR Sharath,1,1,2,5,2.0,40.0,0,0,0.0,,60.0,2,0,0,0,,,40.0,,40.0,,,40.0,,"Bharat Ratna Shri Atal Bihari Vajpayee Ekana Cricket Stadium, Lucknow",2,40.0,0.4335465040236255,,,,,caught,1
H Das,1,1,2,5,2.0,40.0,0,0,0.0,,60.0,2,0,0,0,,,,40.0,40.0,,,,40.0,"Rajiv Gandhi International Stadium, Uppal",2,40.0,0.4335465040236255,,3.325412696026659,,,run out,1
Shoaib Akhtar,1,1,2,7,2.0,28.57142857142857,0,0,0.0,,71.42857142857143,2,0,0,0,,,40.0,0.0,,28.57142857142857,,,28.57142857142857,Wankhede Stadium,2,28.57142857142857,0.3004320123831094,,,,-40.0,caught,1
RS Gavaskar,1,1,2,8,2.0,25.0,0,0,0.0,,75.0,2,0,0,0,,,25.0,,25.0,,,,25.0,Eden Gardens,2,25.0,0.258833733745448,,2.078382935016662,,,caught,1
A Singh,5,5,2,9,0.5,22.22222222222222,0,0,0.0,,77.77777777777777,1,0,0,0,,,0.0,28.57142857142857,20.0,25.0,,,22.22222222222222,Kingsmead,1,50.0,0.01941253003090861,42.20644506245755,1.049050906413748,,28.57142857142857,bowled,2
KK Ahmed,6,6,2,9,0.4,22.22222222222222,0,0,0.0,,77.77777777777777,1,0,0,0,,,,22.22222222222222,14.28571428571429,50.0,,,22.22222222222222,"MA Chidambaram Stadium, Chepauk, Chennai",2,50.0,0.01078473890606033,39.22809567744518,0.7493220760098199,,,bowled,3
Mohammad Ashraful,1,1,2,10,2.0,20.0,0,0,0.0,,80.0,2,0,0,0,,20.0,,,,20.0,,20.0,,SuperSport Park,2,20.0,0.2005961436527222,,,,,caught,1
Abdul Basith,1,1,1,1,,100.0,0,0,0.0,,0.0,1,0,0,0,,,,100.0,100.0,,,,100.0,"M Chinnaswamy Stadium, Bengaluru",1,100.0,0.5500216842090772,,5.24525453206874,,,,0
DP Vijaykumar,1,1,1,1,,100.0,0,0,0.0,,0.0,1,0,0,0,,,,100.0,100.0,,,,100.0,Feroz Shah Kotla,1,100.0,0.5500216842090772,,,,,,0
NJ Rimmington,1,1,1,1,,100.0,0,0,0.0,,0.0,1,0,0,0,,,,100.0,,100.0,,,100.0,Dr DY Patil Sports Academy,1,100.0,0.5500216842090772,,,,,,0
PVSN Raju,1,1,1,1,,100.0,0,0,0.0,,0.0,1,0,0,0,,,,100.0,,100.0,,,100.0,"MA Chidambaram Stadium, Chepauk, Chennai",1,100.0,0.5500216842090772,,,,,,0
SZ Mulani,1,1,1,1,,100.0,0,0,0.0,,0.0,1,0,0,0,,,,100.0,100.0,,,,100.0,"Narendra Modi Stadium, Ahmedabad",1,100.0,0.5500216842090772,,,,,,0
KA Maharaj,1,1,1,2,1.0,50.0,0,0,0.0,,50.0,1,0,0,0,,,,50.0,50.0,,,,50.0,"Maharaja Yadavindra Singh International Cricket Stadium, Mullanpur",1,50.0,0.258833733745448,,0.0,,,caught,1
LB Williams,1,1,1,2,,50.0,0,0,0.0,,50.0,1,0,0,0,,,,50.0,,50.0,,,50.0,"Eden Gardens, Kolkata",1,50.0,0.258833733745448,,,,,,0
M de Lange,1,1,1,2,1.0,50.0,0,0,0.0,,50.0,1,0,0,0,,,,50.0,,50.0,,,50.0,Wankhede Stadium,1,50.0,0.258833733745448,,,,,caught,1
MJ Suthar,1,1,1,2,1.0,50.0,0,0,0.0,,50.0,1,0,0,0,,,,50.0,,50.0,,,50.0,"M Chinnaswamy Stadium, Bengaluru",1,50.0,0.258833733745448,,,,,caught,1
Mohit Rathee,1,1,1,2,,50.0,0,0,0.0,,50.0,1,0,0,0,,,,50.0,,50.0,,,50.0,"Rajiv Gandhi International Stadium, Uppal, Hyderabad",1,50.0,0.258833733745448,,,,,,0
P Parameswaran,2,2,1,2,,50.0,0,0,0.0,,50.0,1,0,0,0,,,,50.0,0.0,100.0,,,50.0,M Chinnaswamy Stadium,1,100.0,0.1132397585136335,41.42135628583764,,,,,0
PM Sarvesh Kumar,1,1,1,2,,50.0,0,0,0.0,,50.0,1,0,0,0,,,,50.0,50.0,,,,50.0,Feroz Shah Kotla,1,50.0,0.258833733745448,,2.62262726603437,,,,0
SE Bond,1,1,1,2,1.0,50.0,0,0,0.0,,50.0,1,0,0,0,,,50.0,,50.0,,,,50.0,Eden Gardens,1,50.0,0.258833733745448,,2.62262726603437,,,bowled,1
BE Hendricks,2,2,1,3,1.0,33.33333333333334,0,0,0.0,,66.66666666666667,1,0,0,0,,,,33.33333333333334,,33.33333333333334,,,33.33333333333334,"Punjab Cricket Association Stadium, Mohali",1,33.33333333333334,0.06470843343636203,41.42135628583764,,,,bowled,1
DJ Muthuswami,1,1,1,3,1.0,33.33333333333334,0,0,0.0,,66.66666666666667,1,0,0,0,,,,33.33333333333334,,33.33333333333334,,,33.33333333333334,Feroz Shah Kotla,1,33.33333333333334,0.1617710835909051,,,,,run out,1
DS Rathi,1,1,1,3,1.0,33.33333333333334,0,0,0.0,,66.66666666666667,1,0,0,0,,,,33.33333333333334,33.33333333333334,,,,33.33333333333334,"Wankhede Stadium, Mumbai",1,33.33333333333334,0.1617710835909051,,2.62262726603437,,,bowled,1
LE Plunkett,2,2,1,3,1.0,33.33333333333334,0,0,0.0,,66.66666666666667,1,0,0,0,,,,33.33333333333334,0.0,50.0,,,33.33333333333334,Arun Jaitley Stadium,1,33.33333333333334,0.06470843343636203,41.42135628583764,0.0,,,caught,1
MS Bhandage,1,1,1,4,1.0,25.0,0,0,0.0,,75.0,1,0,0,0,,,25.0,,,25.0,,,25.0,"M Chinnaswamy Stadium, Bengaluru",1,25.0,0.1132397585136335,,,,,lbw,1
HF Gurney,1,1,1,5,,20.0,0,0,0.0,,80.0,1,0,0,0,,,,20.0,,20.0,,,20.0,MA Chidambaram Stadium,1,20.0,0.08412096346727063,,,,,,0
Shoaib Ahmed,3,3,1,6,0.5,16.66666666666667,0,0,0.0,,83.33333333333333,1,0,0,0,,,50.0,0.0,33.33333333333334,0.0,,,16.66666666666667,Buffalo Park,1,50.0,0.0,36.60254044805911,1.748418177356247,,-50.0,caught,1
Abdur Razzak,1,1,0,2,,0.0,0,0,,,100.0,0,0,0,0,,,,0.0,0.0,,,,0.0,Sawai Mansingh Stadium,0,0.0,,,0.0,,,,0
C Nanda,1,1,0,1,0.0,0.0,0,0,,,100.0,0,0,0,0,,,,0.0,0.0,,,,0.0,Kingsmead,0,0.0,,,,,,run out,1
IC Pandey,1,1,0,2,0.0,0.0,0,0,,,100.0,0,0,0,0,,,,0.0,0.0,,,,0.0,M Chinnaswamy Stadium,0,0.0,,,0.0,,,bowled,1
JL Denly,1,1,0,1,0.0,0.0,0,0,,,100.0,0,0,0,0,,0.0,,,,0.0,0.0,,,Eden Gardens,0,0.0,,,,,,bowled,1
K Yadav,1,1,0,4,,0.0,0,0,,,100.0,0,0,0,0,,,,0.0,,0.0,,,0.0,Sharjah Cricket Stadium,0,0.0,,,,,,,0
KM Asif,1,1,0,2,0.0,0.0,0,0,,,100.0,0,0,0,0,,,0.0,,0.0,,,,0.0,"Sawai Mansingh Stadium, Jaipur",0,0.0,,,0.0,,,caught,1
KR Sen,1,1,0,3,,0.0,0,0,,,100.0,0,0,0,0,,,,0.0,0.0,,,,0.0,"Dr DY Patil Sports Academy, Mumbai",0,0.0,,,0.0,,,,0
KS Rathore,1,1,0,5,0.0,0.0,0,0,,,100.0,0,0,0,0,,0.0,,,0.0,,,0.0,,"Eden Gardens, Kolkata",0,0.0,,,0.0,,,caught,1
L Ablish,1,1,0,2,,0.0,0,0,,,100.0,0,0,0,0,,,,0.0,0.0,,,,0.0,M Chinnaswamy Stadium,0,0.0,,,0.0,,,,0
L Ngidi,1,1,0,2,,0.0,0,0,,,100.0,0,0,0,0,,,,0.0,0.0,,,,0.0,"Bharat Ratna Shri Atal Bihari Vajpayee Ekana Cricket Stadium, Lucknow",0,0.0,,,0.0,,,,0
MJ Owen,1,1,0,2,0.0,0.0,0,0,,,100.0,0,0,0,0,,0.0,,,,0.0,,0.0,,"Sawai Mansingh Stadium, Jaipur",0,0.0,,,,,,caught,1
Mayank Dagar,1,1,0,1,0.0,0.0,0,0,,,100.0,0,0,0,0,,,,0.0,0.0,,,,0.0,"M Chinnaswamy Stadium, Bengaluru",0,0.0,,,0.0,,,run out,1
Musheer Khan,1,1,0,3,0.0,0.0,0,0,,,100.0,0,0,0,0,,,0.0,,,0.0,,,0.0,"Maharaja Yadavindra Singh International Cricket Stadium, Mullanpur",0,0.0,,,,,,lbw,1
ND Doshi,1,1,0,13,0.0,0.0,0,0,,,100.0,0,0,0,0,,,,0.0,,0.0,,,0.0,Holkar Cricket Stadium,0,0.0,,,,,,caught,1
R Sanjay Yadav,1,1,0,2,0.0,0.0,0,0,,,100.0,0,0,0,0,,,,0.0,0.0,,,,0.0,"Wankhede Stadium, Mumbai",0,0.0,,,0.0,,,caught,1
RP Meredith,2,2,0,3,,0.0,0,0,,,100.0,0,0,0,0,,,,0.0,0.0,,,,0.0,"Dr DY Patil Sports Academy, Mumbai",0,0.0,,100.0,0.0,,,,0
RR Bhatkal,1,1,0,2,0.0,0.0,0,0,,,100.0,0,0,0,0,,,,0.0,,0.0,,,0.0,"MA Chidambaram Stadium, Chepauk",0,0.0,,,,,,caught,1
S Kaushik,1,1,0,1,0.0,0.0,0,0,,,100.0,0,0,0,0,,,,0.0,0.0,,,,0.0,M Chinnaswamy Stadium,0,0.0,,,0.0,,,caught,1
S Ladda,2,2,0,9,0.0,0.0,0,0,,,100.0,0,0,0,0,,,0.0,0.0,0.0,,,,0.0,Barabati Stadium,0,0.0,,100.0,0.0,,0.0,run out,1
S Lamichhane,1,1,0,1,0.0,0.0,0,0,,,100.0,0,0,0,0,,,,0.0,0.0,,,,0.0,Punjab Cricket Association IS Bindra Stadium,0,0.0,,,0.0,,,bowled,1
SS Cottrell,1,1,0,2,0.0,0.0,0,0,,,100.0,0,0,0,0,,,,0.0,0.0,,,,0.0,Dubai International Cricket Stadium,0,0.0,,,0.0,,,bowled,1
Sunny Gupta,1,1,0,1,0.0,0.0,0,0,,,100.0,0,0,0,0,,,,0.0,0.0,,,,0.0,"MA Chidambaram Stadium, Chepauk",0,0.0,,,0.0,,,stumped,1
U Kaul,1,1,0,1,,0.0,0,0,,,100.0,0,0,0,0,,,,0.0,0.0,,,,0.0,"MA Chidambaram Stadium, Chepauk",0,0.0,,,,,,,0
V Pratap Singh,1,1,0,1,0.0,0.0,0,0,,,100.0,0,0,0,0,,,,0.0,,0.0,,,0.0,Wankhede Stadium,0,0.0,,,,,,caught,1
Y Prithvi Raj,1,1,0,1,,0.0,0,0,,,100.0,0,0,0,0,,,,0.0,,0.0,,,0.0,Rajiv Gandhi International Stadium,0,0.0,,,,,,,0
YA Abdulla,1,1,0,1,,0.0,0,0,,,100.0,0,0,0,0,,,,0.0,,0.0,,,0.0,"Punjab Cricket Association Stadium, Mohali",0,0.0,,,,,,,0
