venue,umpire2,winner_runs,date,method,reserve_umpire,winner,city,balls_per_over,outcome,match_number,match_referee,team1,eliminator,date1,gender,team2,winner_wickets,toss_winner,toss_decision,date2,tv_umpire,season,umpire1,event,neutralvenue,player_of_match,matchId
M Chinnaswamy Stadium,RE Koertzen,140.0,2008-04-18,,VN Kulkarni,Kolkata Knight Riders,Bangalore,6,,1.0,J Srinath,Royal Challengers Bengaluru,,,male,Kolkata Knight Riders,,Royal Challengers Bengaluru,field,,AM Saheba,2007/08,Asad Rauf,Indian Premier League,,BB McCullum,335982
"Punjab Cricket Association Stadium, Mohali",SL Shastri,33.0,2008-04-19,,MSS Ranawat,Chennai Super Kings,Chandigarh,6,,2.0,S Venkataraghavan,Punjab Kings,,,male,Chennai Super Kings,,Chennai Super Kings,bat,,RB Tiffin,2007/08,MR Benson,Indian Premier League,,MEK Hussey,335983
Feroz Shah Kotla,GA Pratapkumar,,2008-04-19,,,Delhi Capitals,Delhi,6,,3.0,GR Viswanath,Delhi Capitals,,,male,Rajasthan Royals,9.0,Rajasthan Royals,bat,,IL Howell,2007/08,Aleem Dar,Indian Premier League,,MF Maharoof,335984
Wankhede Stadium,DJ Harper,,2008-04-20,,SN Bandekar,Royal Challengers Bengaluru,Mumbai,6,,5.0,J Srinath,Mumbai Indians,,,male,Royal Challengers Bengaluru,5.0,Mumbai Indians,bat,,AV Jayaprakash,2007/08,SJ Davis,Indian Premier League,,MV Boucher,335985
Eden Gardens,K Hariharan,,2008-04-20,,F Gomes,Kolkata Knight Riders,Kolkata,6,,4.0,FM Engineer,Kolkata Knight Riders,,,male,Sunrisers Hyderabad,5.0,Sunrisers Hyderabad,bat,,Asad Rauf,2007/08,BF Bowden,Indian Premier League,,DJ Hussey,335986
Sawai Mansingh Stadium,RB Tiffin,,2008-04-21,,MSS Ranawat,Rajasthan Royals,Jaipur,6,,6.0,S Venkataraghavan,Rajasthan Royals,,,male,Punjab Kings,6.0,Punjab Kings,bat,,I Shivram,2007/08,Aleem Dar,Indian Premier League,,SR Watson,335987
"Rajiv Gandhi International Stadium, Uppal",AM Saheba,,2008-04-22,,C Shamshuddin,Delhi Capitals,Hyderabad,6,,7.0,Talat Ali,Sunrisers Hyderabad,,,male,Delhi Capitals,9.0,Sunrisers Hyderabad,bat,,MR Benson,2007/08,IL Howell,Indian Premier League,,V Sehwag,335988
"MA Chidambaram Stadium, Chepauk",GA Pratapkumar,6.0,2008-04-23,,S Ravi,Chennai Super Kings,Chennai,6,,8.0,FM Engineer,Chennai Super Kings,,,male,Mumbai Indians,,Mumbai Indians,field,,BF Bowden,2007/08,DJ Harper,Indian Premier League,,ML Hayden,335989
"Rajiv Gandhi International Stadium, Uppal",MR Benson,,2008-04-24,,C Shamshuddin,Rajasthan Royals,Hyderabad,6,,9.0,S Venkataraghavan,Sunrisers Hyderabad,,,male,Rajasthan Royals,3.0,Rajasthan Royals,field,,SL Shastri,2007/08,Asad Rauf,Indian Premier League,,YK Pathan,335990
"Punjab Cricket Association Stadium, Mohali",AM Saheba,66.0,2008-04-25,,HS Sekhon,Punjab Kings,Chandigarh,6,,10.0,FM Engineer,Punjab Kings,,,male,Mumbai Indians,,Mumbai Indians,field,,RE Koertzen,2007/08,Aleem Dar,Indian Premier League,,KC Sangakkara,335991
M Chinnaswamy Stadium,IL Howell,,2008-04-26,,SK Tarapore,Rajasthan Royals,Bangalore,6,,12.0,J Srinath,Royal Challengers Bengaluru,,,male,Rajasthan Royals,7.0,Rajasthan Royals,field,,GA Pratapkumar,2007/08,MR Benson,Indian Premier League,,SR Watson,335992
"MA Chidambaram Stadium, Chepauk",AV Jayaprakash,,2008-04-26,,S Ravi,Chennai Super Kings,Chennai,6,,11.0,Talat Ali,Chennai Super Kings,,,male,Kolkata Knight Riders,9.0,Kolkata Knight Riders,bat,,SJ Davis,2007/08,BF Bowden,Indian Premier League,,JDP Oram,335993
Dr DY Patil Sports Academy,SL Shastri,,2008-04-27,,VD Nerurkar,Sunrisers Hyderabad,Mumbai,6,,14.0,S Venkataraghavan,Mumbai Indians,,,male,Sunrisers Hyderabad,10.0,Sunrisers Hyderabad,field,,DJ Harper,2007/08,Asad Rauf,Indian Premier League,,AC Gilchrist,335994
"Punjab Cricket Association Stadium, Mohali",I Shivram,,2008-04-27,,MS Mahal,Punjab Kings,Chandigarh,6,,13.0,FM Engineer,Punjab Kings,,,male,Delhi Capitals,4.0,Delhi Capitals,bat,,Aleem Dar,2007/08,RE Koertzen,Indian Premier League,,SM Katich,335995
M Chinnaswamy Stadium,RB Tiffin,13.0,2008-04-28,,,Chennai Super Kings,Bangalore,6,,15.0,J Srinath,Royal Challengers Bengaluru,,,male,Chennai Super Kings,,Chennai Super Kings,bat,,K Hariharan,2007/08,BR Doctrove,Indian Premier League,,MS Dhoni,335996
Eden Gardens,AV Jayaprakash,,2008-04-29,,SK Porel,Mumbai Indians,Kolkata,6,,16.0,S Venkataraghavan,Kolkata Knight Riders,,,male,Mumbai Indians,7.0,Kolkata Knight Riders,bat,,MR Benson,2007/08,BF Bowden,Indian Premier League,,ST Jayasuriya,335997
Feroz Shah Kotla,I Shivram,10.0,2008-04-30,,AK Chaudhary,Delhi Capitals,Delhi,6,,17.0,CH Lloyd,Delhi Capitals,,,male,Royal Challengers Bengaluru,,Royal Challengers Bengaluru,field,,IL Howell,2007/08,Aleem Dar,Indian Premier League,,GD McGrath,335998
"Rajiv Gandhi International Stadium, Uppal",RB Tiffin,,2008-05-01,,C Shamshuddin,Punjab Kings,Hyderabad,6,,19.0,Talat Ali,Sunrisers Hyderabad,,,male,Punjab Kings,7.0,Punjab Kings,field,,SJ Davis,2007/08,BR Doctrove,Indian Premier League,,SE Marsh,335999
Sawai Mansingh Stadium,GA Pratapkumar,45.0,2008-05-01,,MSS Ranawat,Rajasthan Royals,Jaipur,6,,18.0,FM Engineer,Rajasthan Royals,,,male,Kolkata Knight Riders,,Rajasthan Royals,bat,,Asad Rauf,2007/08,RE Koertzen,Indian Premier League,,SA Asnodkar,336000
"MA Chidambaram Stadium, Chepauk",K Hariharan,,2008-05-02,,S Ravi,Delhi Capitals,Chennai,6,,20.0,S Venkataraghavan,Chennai Super Kings,,,male,Delhi Capitals,8.0,Chennai Super Kings,bat,,MR Benson,2007/08,BF Bowden,Indian Premier League,,V Sehwag,336001
M Chinnaswamy Stadium,SL Shastri,3.0,2008-05-03,,CK Nandan,Royal Challengers Bengaluru,Bangalore,6,,21.0,Talat Ali,Royal Challengers Bengaluru,,,male,Sunrisers Hyderabad,,Sunrisers Hyderabad,field,,SK Tarapore,2007/08,BR Doctrove,Indian Premier League,,P Kumar,336034
"Punjab Cricket Association Stadium, Mohali",I Shivram,9.0,2008-05-03,,MS Mahal,Punjab Kings,Chandigarh,6,,22.0,CH Lloyd,Punjab Kings,,,male,Kolkata Knight Riders,,Punjab Kings,bat,,SJ Davis,2007/08,DJ Harper,Indian Premier League,,IK Pathan,336003
Dr DY Patil Sports Academy,RE Koertzen,29.0,2008-05-04,,UL Dubey,Mumbai Indians,Mumbai,6,,23.0,J Srinath,Mumbai Indians,,,male,Delhi Capitals,,Delhi Capitals,field,,BF Bowden,2007/08,IL Howell,Indian Premier League,,SM Pollock,336004
Sawai Mansingh Stadium,AV Jayaprakash,,2008-05-04,,MSS Ranawat,Rajasthan Royals,Jaipur,6,,24.0,FM Engineer,Rajasthan Royals,,,male,Chennai Super Kings,8.0,Chennai Super Kings,bat,,Aleem Dar,2007/08,Asad Rauf,Indian Premier League,,Sohail Tanvir,336005
M Chinnaswamy Stadium,BR Doctrove,,2008-05-05,,SK Tarapore,Punjab Kings,Bangalore,6,,25.0,CH Lloyd,Royal Challengers Bengaluru,,,male,Punjab Kings,6.0,Punjab Kings,field,,SL Shastri,2007/08,SJ Davis,Indian Premier League,,S Sreesanth,336006
"MA Chidambaram Stadium, Chepauk",RB Tiffin,,2008-05-06,,K Srinivasan,Sunrisers Hyderabad,Chennai,6,,26.0,J Srinath,Chennai Super Kings,,,male,Sunrisers Hyderabad,7.0,Sunrisers Hyderabad,field,,S Ravi,2007/08,MR Benson,Indian Premier League,,AC Gilchrist,336007
Dr DY Patil Sports Academy,RE Koertzen,,2008-05-07,,UL Dubey,Mumbai Indians,Mumbai,6,,27.0,Talat Ali,Mumbai Indians,,,male,Rajasthan Royals,7.0,Mumbai Indians,field,,BF Bowden,2007/08,DJ Harper,Indian Premier League,,A Nehra,336008
Feroz Shah Kotla,RB Tiffin,,2008-05-08,,,Chennai Super Kings,Delhi,6,,28.0,CH Lloyd,Delhi Capitals,,,male,Chennai Super Kings,4.0,Chennai Super Kings,field,,K Hariharan,2007/08,Aleem Dar,Indian Premier League,,MS Dhoni,336009
Eden Gardens,IL Howell,5.0,2008-05-08,,,Kolkata Knight Riders,Kolkata,6,,29.0,FM Engineer,Kolkata Knight Riders,,,male,Royal Challengers Bengaluru,,Kolkata Knight Riders,bat,,BR Doctrove,2007/08,Asad Rauf,Indian Premier League,,SC Ganguly,336010
Sawai Mansingh Stadium,AM Saheba,,2008-05-09,,,Rajasthan Royals,Jaipur,6,,30.0,S Venkataraghavan,Rajasthan Royals,,,male,Sunrisers Hyderabad,8.0,Rajasthan Royals,field,,SJ Davis,2007/08,MR Benson,Indian Premier League,,YK Pathan,336011
"MA Chidambaram Stadium, Chepauk",BG Jerling,18.0,2008-05-10,,S Ravi,Chennai Super Kings,Chennai,6,,31.0,J Srinath,Chennai Super Kings,,,male,Punjab Kings,,Punjab Kings,field,,I Shivram,2007/08,AV Jayaprakash,Indian Premier League,,L Balaji,336013
"Rajiv Gandhi International Stadium, Uppal",AM Saheba,23.0,2008-05-11,,,Kolkata Knight Riders,Hyderabad,6,,32.0,Talat Ali,Sunrisers Hyderabad,,,male,Kolkata Knight Riders,,Kolkata Knight Riders,bat,,BF Bowden,2007/08,IL Howell,Indian Premier League,,SC Ganguly,336014
Sawai Mansingh Stadium,RE Koertzen,,2008-05-11,,,Rajasthan Royals,Jaipur,6,,33.0,FM Engineer,Rajasthan Royals,,,male,Delhi Capitals,3.0,Rajasthan Royals,field,,MSS Ranawat,2007/08,SJ Davis,Indian Premier League,,SR Watson,336015
"Punjab Cricket Association Stadium, Mohali",I Shivram,,2008-05-12,,HS Sekhon,Punjab Kings,Chandigarh,6,,34.0,CH Lloyd,Punjab Kings,,,male,Royal Challengers Bengaluru,9.0,Royal Challengers Bengaluru,bat,,Jasbir Singh,2007/08,BR Doctrove,Indian Premier League,,SE Marsh,336016
Eden Gardens,IL Howell,23.0,2008-05-13,,,Kolkata Knight Riders,Kolkata,6,,35.0,Talat Ali,Kolkata Knight Riders,,,male,Delhi Capitals,,Kolkata Knight Riders,bat,,AV Jayaprakash,2007/08,Asad Rauf,Indian Premier League,,Shoaib Akhtar,336017
Wankhede Stadium,AM Saheba,,2008-05-14,,RM Deshpande,Mumbai Indians,Mumbai,6,,36.0,J Srinath,Mumbai Indians,,,male,Chennai Super Kings,9.0,Mumbai Indians,field,,RE Koertzen,2007/08,BR Doctrove,Indian Premier League,,ST Jayasuriya,336018
Feroz Shah Kotla,GA Pratapkumar,12.0,2008-05-15,,,Delhi Capitals,Delhi,6,,37.0,CH Lloyd,Delhi Capitals,,,male,Sunrisers Hyderabad,,Sunrisers Hyderabad,field,,Asad Rauf,2007/08,BG Jerling,Indian Premier League,,A Mishra,336020
Wankhede Stadium,DJ Harper,,2008-05-16,,SN Bandekar,Mumbai Indians,Mumbai,6,,38.0,FM Engineer,Mumbai Indians,,,male,Kolkata Knight Riders,8.0,Mumbai Indians,field,,I Shivram,2007/08,BR Doctrove,Indian Premier League,,SM Pollock,336021
Feroz Shah Kotla,RE Koertzen,6.0,2008-05-17,D/L,AK Chaudhary,Punjab Kings,Delhi,6,,40.0,CH Lloyd,Delhi Capitals,,,male,Punjab Kings,,Delhi Capitals,bat,,BG Jerling,2007/08,AV Jayaprakash,Indian Premier League,,DPMD Jayawardene,336022
Sawai Mansingh Stadium,SL Shastri,65.0,2008-05-17,,MSS Ranawat,Rajasthan Royals,Jaipur,6,,39.0,Talat Ali,Rajasthan Royals,,,male,Royal Challengers Bengaluru,,Royal Challengers Bengaluru,field,,SJ Davis,2007/08,BF Bowden,Indian Premier League,,GC Smith,336023
"Rajiv Gandhi International Stadium, Uppal",DJ Harper,25.0,2008-05-18,,C Shamshuddin,Mumbai Indians,Hyderabad,6,,42.0,S Venkataraghavan,Sunrisers Hyderabad,,,male,Mumbai Indians,,Sunrisers Hyderabad,field,,I Shivram,2007/08,BR Doctrove,Indian Premier League,,DJ Bravo,336024
Eden Gardens,K Hariharan,3.0,2008-05-18,D/L,S Banerjee,Chennai Super Kings,Kolkata,6,,41.0,FM Engineer,Kolkata Knight Riders,,,male,Chennai Super Kings,,Kolkata Knight Riders,bat,,AM Saheba,2007/08,Asad Rauf,Indian Premier League,,M Ntini,336025
M Chinnaswamy Stadium,GA Pratapkumar,,2008-05-19,,VN Kulkarni,Delhi Capitals,Bangalore,6,,43.0,Talat Ali,Royal Challengers Bengaluru,,,male,Delhi Capitals,5.0,Delhi Capitals,field,,SL Shastri,2007/08,SJ Davis,Indian Premier League,,SP Goswami,336026
Eden Gardens,RE Koertzen,,2008-05-20,,AK Mitra,Rajasthan Royals,Kolkata,6,,44.0,FM Engineer,Kolkata Knight Riders,,,male,Rajasthan Royals,6.0,Rajasthan Royals,field,,K Hariharan,2007/08,BG Jerling,Indian Premier League,,YK Pathan,336027
"MA Chidambaram Stadium, Chepauk",I Shivram,14.0,2008-05-21,,S Ravi,Royal Challengers Bengaluru,Chennai,6,,46.0,J Srinath,Chennai Super Kings,,,male,Royal Challengers Bengaluru,,Royal Challengers Bengaluru,bat,,BR Doctrove,2007/08,DJ Harper,Indian Premier League,,A Kumble,336029
Wankhede Stadium,GA Pratapkumar,1.0,2008-05-21,,,Punjab Kings,Mumbai,6,,45.0,Talat Ali,Mumbai Indians,,,male,Punjab Kings,,Mumbai Indians,field,,SL Shastri,2007/08,BF Bowden,Indian Premier League,,SE Marsh,336028
"Punjab Cricket Association Stadium, Mohali",SJ Davis,,2008-05-23,,HS Sekhon,Punjab Kings,Chandigarh,6,,48.0,Talat Ali,Punjab Kings,,,male,Sunrisers Hyderabad,6.0,Punjab Kings,field,,AM Saheba,2007/08,Asad Rauf,Indian Premier League,,SE Marsh,336031
Feroz Shah Kotla,K Hariharan,,2008-05-24,,,Delhi Capitals,Delhi,6,,50.0,CH Lloyd,Delhi Capitals,,,male,Mumbai Indians,5.0,Delhi Capitals,field,,BG Jerling,2007/08,BF Bowden,Indian Premier League,,KD Karthik,336032
"MA Chidambaram Stadium, Chepauk",SL Shastri,10.0,2008-05-24,,,Rajasthan Royals,Chennai,6,,49.0,J Srinath,Chennai Super Kings,,,male,Rajasthan Royals,,Rajasthan Royals,bat,,AV Jayaprakash,2007/08,DJ Harper,Indian Premier League,,JA Morkel,336033
"Rajiv Gandhi International Stadium, Uppal",RE Koertzen,,2008-05-25,,,Royal Challengers Bengaluru,Hyderabad,6,,51.0,Talat Ali,Sunrisers Hyderabad,,,male,Royal Challengers Bengaluru,5.0,Sunrisers Hyderabad,bat,,GA Pratapkumar,2007/08,Asad Rauf,Indian Premier League,,R Vinay Kumar,336002
Eden Gardens,I Shivram,,2008-05-25,,,Kolkata Knight Riders,Kolkata,6,,52.0,S Venkataraghavan,Kolkata Knight Riders,,,male,Punjab Kings,3.0,Punjab Kings,bat,,BR Doctrove,2007/08,SJ Davis,Indian Premier League,,Umar Gul,336035
Sawai Mansingh Stadium,K Hariharan,,2008-05-26,,MSS Ranawat,Rajasthan Royals,Jaipur,6,,53.0,CH Lloyd,Rajasthan Royals,,,male,Mumbai Indians,5.0,Rajasthan Royals,field,,SL Shastri,2007/08,BF Bowden,Indian Premier League,,Sohail Tanvir,336036
"Rajiv Gandhi International Stadium, Uppal",AM Saheba,,2008-05-27,,,Chennai Super Kings,Hyderabad,6,,54.0,Talat Ali,Sunrisers Hyderabad,,,male,Chennai Super Kings,7.0,Sunrisers Hyderabad,bat,,GA Pratapkumar,2007/08,BG Jerling,Indian Premier League,,SK Raina,336037
M Chinnaswamy Stadium,AV Jayaprakash,,2008-05-28,,,Mumbai Indians,Bangalore,6,,55.0,CH Lloyd,Royal Challengers Bengaluru,,,male,Mumbai Indians,9.0,Mumbai Indians,field,,BR Doctrove,2007/08,BF Bowden,Indian Premier League,,CRD Fernando,336012
"Punjab Cricket Association Stadium, Mohali",K Hariharan,41.0,2008-05-28,,MS Mahal,Punjab Kings,Chandigarh,6,,56.0,S Venkataraghavan,Punjab Kings,,,male,Rajasthan Royals,,Rajasthan Royals,field,,DJ Harper,2007/08,SJ Davis,Indian Premier League,,SE Marsh,336019
Wankhede Stadium,RE Koertzen,105.0,2008-05-30,,,Rajasthan Royals,Mumbai,6,,,J Srinath,Delhi Capitals,,,male,Rajasthan Royals,,Delhi Capitals,field,,BR Doctrove,2007/08,BF Bowden,Indian Premier League,,SR Watson,336038
Wankhede Stadium,DJ Harper,,2008-05-31,,,Chennai Super Kings,Mumbai,6,,,S Venkataraghavan,Chennai Super Kings,,,male,Punjab Kings,9.0,Punjab Kings,bat,,K Hariharan,2007/08,Asad Rauf,Indian Premier League,,M Ntini,336039
Dr DY Patil Sports Academy,RE Koertzen,,2008-06-01,,MR Singh,Rajasthan Royals,Mumbai,6,,,J Srinath,Chennai Super Kings,,,male,Rajasthan Royals,3.0,Rajasthan Royals,field,,DJ Harper,2007/08,BF Bowden,Indian Premier League,,YK Pathan,336040
Newlands,K Hariharan,19.0,2009-04-18,,EC Hendrikse,Mumbai Indians,Cape Town,6,,1.0,GR Viswanath,Chennai Super Kings,,,male,Mumbai Indians,,Chennai Super Kings,field,,RB Tiffin,2009,BR Doctrove,Indian Premier League,True,SR Tendulkar,392181
Newlands,RB Tiffin,75.0,2009-04-18,,EC Hendrikse,Royal Challengers Bengaluru,Cape Town,6,,2.0,GR Viswanath,Royal Challengers Bengaluru,,,male,Rajasthan Royals,,Royal Challengers Bengaluru,bat,,K Hariharan,2009,BR Doctrove,Indian Premier League,True,R Dravid,392182
Newlands,SD Ranade,,2009-04-19,,MW Brown,Delhi Capitals,Cape Town,6,,3.0,Yashpal Sharma,Delhi Capitals,,,male,Punjab Kings,10.0,Delhi Capitals,field,,AL Hill,2009,MR Benson,Indian Premier League,True,DL Vettori,392183
Newlands,BR Doctrove,,2009-04-19,,MW Brown,Sunrisers Hyderabad,Cape Town,6,,4.0,Yashpal Sharma,Sunrisers Hyderabad,,,male,Kolkata Knight Riders,8.0,Kolkata Knight Riders,bat,,SD Ranade,2009,MR Benson,Indian Premier League,True,RP Singh,392184
St George's Park,SJA Taufel,92.0,2009-04-20,,S George,Chennai Super Kings,Port Elizabeth,6,,5.0,GR Viswanath,Royal Challengers Bengaluru,,,male,Chennai Super Kings,,Chennai Super Kings,bat,,RB Tiffin,2009,BG Jerling,Indian Premier League,True,M Muralitharan,392185
Kingsmead,SD Ranade,11.0,2009-04-21,,EC Hendrikse,Kolkata Knight Riders,Durban,6,,6.0,D Govindjee,Punjab Kings,,,male,Kolkata Knight Riders,,Kolkata Knight Riders,field,,TH Wijewardene,2009,DJ Harper,Indian Premier League,True,CH Gayle,392186
Newlands,AM Saheba,24.0,2009-04-22,,,Sunrisers Hyderabad,Cape Town,6,,8.0,Yashpal Sharma,Royal Challengers Bengaluru,,,male,Sunrisers Hyderabad,,Sunrisers Hyderabad,bat,,MR Benson,2009,M Erasmus,Indian Premier League,True,AC Gilchrist,392188
Newlands,M Erasmus,,2009-04-23,,EC Hendrikse,,Cape Town,6,tie,10.0,GR Viswanath,Kolkata Knight Riders,Rajasthan Royals,,male,Rajasthan Royals,,Kolkata Knight Riders,field,,AM Saheba,2009,MR Benson,Indian Premier League,True,YK Pathan,392190
Kingsmead,SJA Taufel,9.0,2009-04-23,,ZTA Ndamane,Delhi Capitals,Durban,6,,9.0,D Govindjee,Chennai Super Kings,,,male,Delhi Capitals,,Delhi Capitals,bat,,SD Ranade,2009,BR Doctrove,Indian Premier League,True,AB de Villiers,392189
Kingsmead,TH Wijewardene,,2009-04-24,,ZTA Ndamane,Punjab Kings,Durban,6,,11.0,D Govindjee,Royal Challengers Bengaluru,,,male,Punjab Kings,7.0,Royal Challengers Bengaluru,bat,,SJA Taufel,2009,BR Doctrove,Indian Premier League,True,RS Bopara,392191
Kingsmead,SJA Taufel,12.0,2009-04-25,,ZTA Ndamane,Sunrisers Hyderabad,Durban,6,,12.0,D Govindjee,Sunrisers Hyderabad,,,male,Mumbai Indians,,Sunrisers Hyderabad,bat,,SD Ranade,2009,HDPK Dharmasena,Indian Premier League,True,PP Ojha,392192
St George's Park,BG Jerling,,2009-04-26,,S George,Delhi Capitals,Port Elizabeth,6,,14.0,Yashpal Sharma,Royal Challengers Bengaluru,,,male,Delhi Capitals,6.0,Royal Challengers Bengaluru,bat,,BR Doctrove,2009,S Asnani,Indian Premier League,True,TM Dilshan,392194
Newlands,K Hariharan,27.0,2009-04-26,,EC Hendrikse,Punjab Kings,Cape Town,6,,15.0,GR Viswanath,Punjab Kings,,,male,Rajasthan Royals,,Punjab Kings,bat,,MR Benson,2009,M Erasmus,Indian Premier League,True,KC Sangakkara,392195
Kingsmead,TH Wijewardene,,2009-04-27,,MW Brown,Sunrisers Hyderabad,Durban,6,,16.0,D Govindjee,Chennai Super Kings,,,male,Sunrisers Hyderabad,6.0,Sunrisers Hyderabad,field,,SD Ranade,2009,IL Howell,Indian Premier League,True,HH Gibbs,392196
St George's Park,RB Tiffin,92.0,2009-04-27,,S George,Mumbai Indians,Port Elizabeth,6,,17.0,Yashpal Sharma,Kolkata Knight Riders,,,male,Mumbai Indians,,Mumbai Indians,bat,,S Asnani,2009,BG Jerling,Indian Premier League,True,SR Tendulkar,392197
SuperSport Park,RE Koertzen,,2009-04-28,,JD Cloete,Rajasthan Royals,Centurion,6,,18.0,J Srinath,Delhi Capitals,,,male,Rajasthan Royals,5.0,Delhi Capitals,bat,,DJ Harper,2009,GAV Baxter,Indian Premier League,True,YK Pathan,392198
Kingsmead,TH Wijewardene,,2009-04-29,,ZTA Ndamane,Royal Challengers Bengaluru,Durban,6,,19.0,D Govindjee,Royal Challengers Bengaluru,,,male,Kolkata Knight Riders,5.0,Kolkata Knight Riders,bat,,SL Shastri,2009,MR Benson,Indian Premier League,True,MV Boucher,392199
Kingsmead,SL Shastri,3.0,2009-04-29,,ZTA Ndamane,Punjab Kings,Durban,6,,20.0,D Govindjee,Punjab Kings,,,male,Mumbai Indians,,Punjab Kings,bat,,TH Wijewardene,2009,MR Benson,Indian Premier League,True,KC Sangakkara,392200
SuperSport Park,AM Saheba,,2009-04-30,,JD Cloete,Delhi Capitals,Centurion,6,,21.0,GR Viswanath,Sunrisers Hyderabad,,,male,Delhi Capitals,6.0,Delhi Capitals,field,,RE Koertzen,2009,GAV Baxter,Indian Premier League,True,DP Nannes,392201
SuperSport Park,RE Koertzen,38.0,2009-04-30,,JD Cloete,Chennai Super Kings,Centurion,6,,22.0,GR Viswanath,Chennai Super Kings,,,male,Rajasthan Royals,,Rajasthan Royals,field,,AM Saheba,2009,GAV Baxter,Indian Premier League,True,SK Raina,392202
Buffalo Park,SK Tarapore,9.0,2009-05-01,,S George,Mumbai Indians,East London,6,,23.0,Yashpal Sharma,Kolkata Knight Riders,,,male,Mumbai Indians,,Mumbai Indians,bat,,BR Doctrove,2009,M Erasmus,Indian Premier League,True,JP Duminy,392203
Kingsmead,S Ravi,8.0,2009-05-01,,EC Hendrikse,Royal Challengers Bengaluru,Durban,6,,24.0,D Govindjee,Royal Challengers Bengaluru,,,male,Punjab Kings,,Royal Challengers Bengaluru,bat,,SJA Taufel,2009,HDPK Dharmasena,Indian Premier League,True,Yuvraj Singh,392204
New Wanderers Stadium,RE Koertzen,18.0,2009-05-02,,KH Hurter,Chennai Super Kings,Johannesburg,6,,26.0,GR Viswanath,Chennai Super Kings,,,male,Delhi Capitals,,Delhi Capitals,field,,SS Hazare,2009,DJ Harper,Indian Premier League,True,SB Jakati,392206
St George's Park,BG Jerling,,2009-05-02,,S George,Rajasthan Royals,Port Elizabeth,6,,25.0,S Venkataraghavan,Sunrisers Hyderabad,,,male,Rajasthan Royals,3.0,Sunrisers Hyderabad,bat,,MR Benson,2009,S Asnani,Indian Premier League,True,YK Pathan,392205
New Wanderers Stadium,TH Wijewardene,,2009-05-03,,ZTA Ndamane,Royal Challengers Bengaluru,Johannesburg,6,,28.0,GR Viswanath,Royal Challengers Bengaluru,,,male,Mumbai Indians,9.0,Mumbai Indians,bat,,K Hariharan,2009,RE Koertzen,Indian Premier League,True,JH Kallis,392208
St George's Park,MR Benson,,2009-05-03,,S George,Punjab Kings,Port Elizabeth,6,,27.0,S Venkataraghavan,Punjab Kings,,,male,Kolkata Knight Riders,6.0,Kolkata Knight Riders,bat,,BG Jerling,2009,S Asnani,Indian Premier League,True,DPMD Jayawardene,392207
Buffalo Park,M Erasmus,78.0,2009-05-04,,S George,Chennai Super Kings,East London,6,,29.0,Yashpal Sharma,Chennai Super Kings,,,male,Sunrisers Hyderabad,,Chennai Super Kings,bat,,SK Tarapore,2009,BR Doctrove,Indian Premier League,True,MS Dhoni,392209
Kingsmead,IL Howell,78.0,2009-05-05,,KH Hurter,Rajasthan Royals,Durban,6,,30.0,J Srinath,Punjab Kings,,,male,Rajasthan Royals,,Punjab Kings,field,,GAV Baxter,2009,SS Hazare,Indian Premier League,True,GC Smith,392210
Kingsmead,IL Howell,,2009-05-05,,KH Hurter,Delhi Capitals,Durban,6,,31.0,J Srinath,Delhi Capitals,,,male,Kolkata Knight Riders,9.0,Kolkata Knight Riders,bat,,S Ravi,2009,GAV Baxter,Indian Premier League,True,G Gambhir,392211
SuperSport Park,HDPK Dharmasena,19.0,2009-05-06,,JD Cloete,Sunrisers Hyderabad,Centurion,6,,32.0,GR Viswanath,Sunrisers Hyderabad,,,male,Mumbai Indians,,Sunrisers Hyderabad,bat,,K Hariharan,2009,MR Benson,Indian Premier League,True,RG Sharma,392212
SuperSport Park,DJ Harper,,2009-05-07,,JD Cloete,Rajasthan Royals,Centurion,6,,33.0,S Venkataraghavan,Royal Challengers Bengaluru,,,male,Rajasthan Royals,7.0,Rajasthan Royals,field,,TH Wijewardene,2009,K Hariharan,Indian Premier League,True,A Singh,392213
SuperSport Park,TH Wijewardene,12.0,2009-05-07,,JD Cloete,Chennai Super Kings,Centurion,6,,34.0,S Venkataraghavan,Chennai Super Kings,,,male,Punjab Kings,,Chennai Super Kings,bat,,K Hariharan,2009,DJ Harper,Indian Premier League,True,ML Hayden,392214
Buffalo Park,SK Tarapore,,2009-05-08,,S George,Delhi Capitals,East London,6,,35.0,Yashpal Sharma,Delhi Capitals,,,male,Mumbai Indians,7.0,Mumbai Indians,bat,,BG Jerling,2009,M Erasmus,Indian Premier League,True,A Nehra,392215
De Beers Diamond Oval,AM Saheba,,2009-05-09,,KH Hurter,Punjab Kings,Kimberley,6,,36.0,J Srinath,Sunrisers Hyderabad,,,male,Punjab Kings,3.0,Punjab Kings,field,,HDPK Dharmasena,2009,GAV Baxter,Indian Premier League,True,DPMD Jayawardene,392216
De Beers Diamond Oval,HDPK Dharmasena,,2009-05-09,,KH Hurter,Chennai Super Kings,Kimberley,6,,37.0,J Srinath,Chennai Super Kings,,,male,Rajasthan Royals,7.0,Rajasthan Royals,bat,,AM Saheba,2009,GAV Baxter,Indian Premier League,True,S Badrinath,392217
St George's Park,BG Jerling,16.0,2009-05-10,,S George,Mumbai Indians,Port Elizabeth,6,,38.0,Yashpal Sharma,Royal Challengers Bengaluru,,,male,Mumbai Indians,,Mumbai Indians,bat,,IL Howell,2009,BR Doctrove,Indian Premier League,True,JP Duminy,392218
New Wanderers Stadium,RB Tiffin,,2009-05-10,,ZTA Ndamane,Delhi Capitals,Johannesburg,6,,39.0,S Venkataraghavan,Delhi Capitals,,,male,Kolkata Knight Riders,7.0,Delhi Capitals,field,,S Ravi,2009,SL Shastri,Indian Premier League,True,A Mishra,392219
De Beers Diamond Oval,HDPK Dharmasena,53.0,2009-05-11,,KH Hurter,Sunrisers Hyderabad,Kimberley,6,,40.0,J Srinath,Sunrisers Hyderabad,,,male,Rajasthan Royals,,Sunrisers Hyderabad,bat,,S Asnani,2009,GAV Baxter,Indian Premier League,True,DR Smith,392220
SuperSport Park,RE Koertzen,,2009-05-12,,JD Cloete,Mumbai Indians,Centurion,6,,42.0,Yashpal Sharma,Punjab Kings,,,male,Mumbai Indians,8.0,Punjab Kings,bat,,M Erasmus,2009,SS Hazare,Indian Premier League,True,Harbhajan Singh,392222
SuperSport Park,SS Hazare,,2009-05-12,,JD Cloete,Royal Challengers Bengaluru,Centurion,6,,41.0,Yashpal Sharma,Royal Challengers Bengaluru,,,male,Kolkata Knight Riders,6.0,Royal Challengers Bengaluru,field,,RE Koertzen,2009,M Erasmus,Indian Premier League,True,LRPL Taylor,392221
Kingsmead,SL Shastri,12.0,2009-05-13,,MW Brown,Delhi Capitals,Durban,6,,43.0,D Govindjee,Sunrisers Hyderabad,,,male,Delhi Capitals,,Sunrisers Hyderabad,field,,RB Tiffin,2009,DJ Harper,Indian Premier League,True,R Bhatia,392223
Kingsmead,DJ Harper,,2009-05-14,,MW Brown,Royal Challengers Bengaluru,Durban,6,,44.0,D Govindjee,Royal Challengers Bengaluru,,,male,Chennai Super Kings,2.0,Chennai Super Kings,bat,,SL Shastri,2009,BR Doctrove,Indian Premier League,True,LRPL Taylor,392224
Kingsmead,DJ Harper,2.0,2009-05-14,,MW Brown,Rajasthan Royals,Durban,6,,45.0,D Govindjee,Mumbai Indians,,,male,Rajasthan Royals,,Rajasthan Royals,bat,,SL Shastri,2009,BR Doctrove,Indian Premier League,True,SK Warne,392225
OUTsurance Oval,IL Howell,,2009-05-15,,ZTA Ndamane,Punjab Kings,Bloemfontein,6,,46.0,J Srinath,Delhi Capitals,,,male,Punjab Kings,6.0,Punjab Kings,field,,S Asnani,2009,HDPK Dharmasena,Indian Premier League,True,B Lee,392226
St George's Park,SJA Taufel,,2009-05-16,,S George,Chennai Super Kings,Port Elizabeth,6,,47.0,Yashpal Sharma,Chennai Super Kings,,,male,Mumbai Indians,7.0,Mumbai Indians,bat,,BG Jerling,2009,SK Tarapore,Indian Premier League,True,ML Hayden,392227
New Wanderers Stadium,S Ravi,,2009-05-16,,KH Hurter,Sunrisers Hyderabad,Johannesburg,6,,48.0,S Venkataraghavan,Sunrisers Hyderabad,,,male,Kolkata Knight Riders,6.0,Sunrisers Hyderabad,field,,SL Shastri,2009,RE Koertzen,Indian Premier League,True,RG Sharma,392228
New Wanderers Stadium,RB Tiffin,1.0,2009-05-17,,KH Hurter,Punjab Kings,Johannesburg,6,,49.0,S Venkataraghavan,Sunrisers Hyderabad,,,male,Punjab Kings,,Sunrisers Hyderabad,field,,GAV Baxter,2009,S Ravi,Indian Premier League,True,Yuvraj Singh,392229
OUTsurance Oval,IL Howell,14.0,2009-05-17,,ZTA Ndamane,Delhi Capitals,Bloemfontein,6,,50.0,J Srinath,Delhi Capitals,,,male,Rajasthan Royals,,Delhi Capitals,bat,,HDPK Dharmasena,2009,SS Hazare,Indian Premier League,True,AB de Villiers,392230
SuperSport Park,RB Tiffin,,2009-05-18,,JD Cloete,Kolkata Knight Riders,Centurion,6,,51.0,S Venkataraghavan,Chennai Super Kings,,,male,Kolkata Knight Riders,7.0,Chennai Super Kings,bat,,SK Tarapore,2009,SJA Taufel,Indian Premier League,True,BJ Hodge,392231
New Wanderers Stadium,RB Tiffin,,2009-05-19,,KH Hurter,Royal Challengers Bengaluru,Johannesburg,6,,52.0,J Srinath,Royal Challengers Bengaluru,,,male,Delhi Capitals,7.0,Delhi Capitals,bat,,S Asnani,2009,IL Howell,Indian Premier League,True,JH Kallis,392232
Kingsmead,SJA Taufel,,2009-05-20,,EC Hendrikse,Kolkata Knight Riders,Durban,6,,53.0,D Govindjee,Kolkata Knight Riders,,,male,Rajasthan Royals,4.0,Kolkata Knight Riders,field,,SS Hazare,2009,BG Jerling,Indian Premier League,True,LR Shukla,392233
Kingsmead,SJA Taufel,24.0,2009-05-20,,EC Hendrikse,Chennai Super Kings,Durban,6,,54.0,D Govindjee,Chennai Super Kings,,,male,Punjab Kings,,Chennai Super Kings,bat,,SS Hazare,2009,BG Jerling,Indian Premier League,True,M Muralitharan,392234
SuperSport Park,S Ravi,,2009-05-21,,MW Brown,Delhi Capitals,Centurion,6,,55.0,S Venkataraghavan,Delhi Capitals,,,male,Mumbai Indians,4.0,Delhi Capitals,field,,SK Tarapore,2009,IL Howell,Indian Premier League,True,V Sehwag,392235
SuperSport Park,S Ravi,12.0,2009-05-21,,MW Brown,Royal Challengers Bengaluru,Centurion,6,,56.0,S Venkataraghavan,Royal Challengers Bengaluru,,,male,Sunrisers Hyderabad,,Royal Challengers Bengaluru,bat,,SK Tarapore,2009,IL Howell,Indian Premier League,True,MK Pandey,392236
SuperSport Park,DJ Harper,,2009-05-22,,JD Cloete,Sunrisers Hyderabad,Centurion,6,,,S Venkataraghavan,Delhi Capitals,,,male,Sunrisers Hyderabad,6.0,Sunrisers Hyderabad,field,,RE Koertzen,2009,BR Doctrove,Indian Premier League,True,AC Gilchrist,392237
New Wanderers Stadium,SJA Taufel,,2009-05-23,,KH Hurter,Royal Challengers Bengaluru,Johannesburg,6,,,J Srinath,Royal Challengers Bengaluru,,,male,Chennai Super Kings,6.0,Royal Challengers Bengaluru,field,,IL Howell,2009,RE Koertzen,Indian Premier League,True,MK Pandey,392238
New Wanderers Stadium,SJA Taufel,6.0,2009-05-24,,ZTA Ndamane,Sunrisers Hyderabad,Johannesburg,6,,,J Srinath,Royal Challengers Bengaluru,,,male,Sunrisers Hyderabad,,Royal Challengers Bengaluru,field,,DJ Harper,2009,RE Koertzen,Indian Premier League,True,A Kumble,392239
Dr DY Patil Sports Academy,RB Tiffin,11.0,2010-03-12,,SN Bandekar,Kolkata Knight Riders,Mumbai,6,,1.0,AJ Pycroft,Sunrisers Hyderabad,,,male,Kolkata Knight Riders,,Sunrisers Hyderabad,field,,BG Jerling,2009/10,RE Koertzen,Indian Premier League,,AD Mathews,419106
Brabourne Stadium,RB Tiffin,4.0,2010-03-13,,VM Bandiwadekar,Mumbai Indians,Mumbai,6,,2.0,AJ Pycroft,Mumbai Indians,,,male,Rajasthan Royals,,Mumbai Indians,bat,,BG Jerling,2009/10,RE Koertzen,Indian Premier League,,YK Pathan,419107
"Punjab Cricket Association Stadium, Mohali",S Ravi,,2010-03-13,,C Shamshuddin,Delhi Capitals,Chandigarh,6,,3.0,S Venkataraghavan,Punjab Kings,,,male,Delhi Capitals,5.0,Delhi Capitals,field,,SK Tarapore,2009/10,BR Doctrove,Indian Premier League,,G Gambhir,419108
Eden Gardens,AM Saheba,,2010-03-14,,R Shankar,Kolkata Knight Riders,Kolkata,6,,4.0,Yashpal Sharma,Kolkata Knight Riders,,,male,Royal Challengers Bengaluru,7.0,Kolkata Knight Riders,field,,M Erasmus,2009/10,HDPK Dharmasena,Indian Premier League,,MK Tiwary,419109
"MA Chidambaram Stadium, Chepauk",DJ Harper,31.0,2010-03-14,,J Madanagopal,Sunrisers Hyderabad,Chennai,6,,5.0,D Govindjee,Chennai Super Kings,,,male,Sunrisers Hyderabad,,Sunrisers Hyderabad,bat,,S Das,2009/10,K Hariharan,Indian Premier League,,WPUJC Vaas,419110
"Sardar Patel Stadium, Motera",RE Koertzen,,2010-03-15,,S Dua,Delhi Capitals,Ahmedabad,6,,6.0,AJ Pycroft,Rajasthan Royals,,,male,Delhi Capitals,6.0,Delhi Capitals,field,,RB Tiffin,2009/10,BG Jerling,Indian Premier League,,V Sehwag,419111
M Chinnaswamy Stadium,DJ Harper,,2010-03-16,,KN Ananthapadmanabhan,Royal Challengers Bengaluru,Bangalore,6,,7.0,D Govindjee,Royal Challengers Bengaluru,,,male,Punjab Kings,8.0,Punjab Kings,bat,,K Hariharan,2009/10,S Das,Indian Premier League,,JH Kallis,419112
Eden Gardens,AM Saheba,55.0,2010-03-16,,R Shankar,Chennai Super Kings,Kolkata,6,,8.0,Yashpal Sharma,Kolkata Knight Riders,,,male,Chennai Super Kings,,Chennai Super Kings,bat,,M Erasmus,2009/10,HDPK Dharmasena,Indian Premier League,,MS Dhoni,419113
Feroz Shah Kotla,SK Tarapore,98.0,2010-03-17,,A Chaudhary,Mumbai Indians,Delhi,6,,9.0,S Venkataraghavan,Delhi Capitals,,,male,Mumbai Indians,,Delhi Capitals,field,,S Ravi,2009/10,BR Doctrove,Indian Premier League,,SR Tendulkar,419114
M Chinnaswamy Stadium,DJ Harper,,2010-03-18,,KN Ananthapadmanabhan,Royal Challengers Bengaluru,Bangalore,6,,10.0,D Govindjee,Royal Challengers Bengaluru,,,male,Rajasthan Royals,10.0,Royal Challengers Bengaluru,field,,S Das,2009/10,K Hariharan,Indian Premier League,,JH Kallis,419115
Feroz Shah Kotla,SK Tarapore,,2010-03-19,,A Chaudhary,Chennai Super Kings,Delhi,6,,11.0,S Venkataraghavan,Delhi Capitals,,,male,Chennai Super Kings,5.0,Delhi Capitals,bat,,S Ravi,2009/10,BR Doctrove,Indian Premier League,,ML Hayden,419116
Barabati Stadium,M Erasmus,6.0,2010-03-19,,BK Ravi,Sunrisers Hyderabad,Cuttack,6,,12.0,GR Viswanath,Sunrisers Hyderabad,,,male,Punjab Kings,,Punjab Kings,field,,AM Saheba,2009/10,BF Bowden,Indian Premier League,,A Symonds,419117
"Sardar Patel Stadium, Motera",RB Tiffin,34.0,2010-03-20,,S Dua,Rajasthan Royals,Ahmedabad,6,,13.0,AJ Pycroft,Rajasthan Royals,,,male,Kolkata Knight Riders,,Rajasthan Royals,bat,,BG Jerling,2009/10,RE Koertzen,Indian Premier League,,AA Jhunjhunwala,419118
Brabourne Stadium,SS Hazare,,2010-03-20,,SN Bandekar,Royal Challengers Bengaluru,Mumbai,6,,14.0,Yashpal Sharma,Mumbai Indians,,,male,Royal Challengers Bengaluru,7.0,Mumbai Indians,bat,,SK Tarapore,2009/10,HDPK Dharmasena,Indian Premier League,,JH Kallis,419119
Barabati Stadium,M Erasmus,10.0,2010-03-21,,BK Ravi,Sunrisers Hyderabad,Cuttack,6,,15.0,GR Viswanath,Sunrisers Hyderabad,,,male,Delhi Capitals,,Sunrisers Hyderabad,bat,,AM Saheba,2009/10,BF Bowden,Indian Premier League,,A Symonds,419120
"MA Chidambaram Stadium, Chepauk",DJ Harper,,2010-03-21,,,,Chennai,6,tie,16.0,S Venkataraghavan,Chennai Super Kings,Kings XI Punjab,,male,Punjab Kings,,Chennai Super Kings,field,,S Das,2009/10,K Hariharan,Indian Premier League,,J Theron,419121
Brabourne Stadium,SJA Taufel,,2010-03-22,,VM Bandiwadekar,Mumbai Indians,Mumbai,6,,17.0,Yashpal Sharma,Mumbai Indians,,,male,Kolkata Knight Riders,7.0,Kolkata Knight Riders,bat,,HDPK Dharmasena,2009/10,SS Hazare,Indian Premier League,,SR Tendulkar,419122
M Chinnaswamy Stadium,RB Tiffin,36.0,2010-03-23,,KN Ananthapadmanabhan,Royal Challengers Bengaluru,Bangalore,6,,18.0,AJ Pycroft,Royal Challengers Bengaluru,,,male,Chennai Super Kings,,Chennai Super Kings,field,,BG Jerling,2009/10,RE Koertzen,Indian Premier League,,RV Uthappa,419123
"Punjab Cricket Association Stadium, Mohali",SK Tarapore,31.0,2010-03-24,,C Shamshuddin,Rajasthan Royals,Chandigarh,6,,19.0,S Venkataraghavan,Punjab Kings,,,male,Rajasthan Royals,,Punjab Kings,field,,S Ravi,2009/10,BR Doctrove,Indian Premier League,,AC Voges,419124
"Brabourne Stadium, Mumbai",BF Bowden,,2010-03-25,,SN Bandekar,Mumbai Indians,Mumbai,6,,21.0,GR Viswanath,Chennai Super Kings,,,male,Mumbai Indians,5.0,Mumbai Indians,field,,M Erasmus,2009/10,AM Saheba,Indian Premier League,,SR Tendulkar,419125
M Chinnaswamy Stadium,RE Koertzen,17.0,2010-03-25,,KN Ananthapadmanabhan,Delhi Capitals,Bangalore,6,,20.0,AJ Pycroft,Royal Challengers Bengaluru,,,male,Delhi Capitals,,Royal Challengers Bengaluru,field,,RB Tiffin,2009/10,BG Jerling,Indian Premier League,,KM Jadhav,419128
"Sardar Patel Stadium, Motera",SJA Taufel,,2010-03-26,,S Dua,Rajasthan Royals,Ahmedabad,6,,22.0,RS Mahanama,Rajasthan Royals,,,male,Sunrisers Hyderabad,8.0,Sunrisers Hyderabad,bat,,SS Hazare,2009/10,HDPK Dharmasena,Indian Premier League,,YK Pathan,419126
"Punjab Cricket Association Stadium, Mohali",S Ravi,39.0,2010-03-27,,C Shamshuddin,Kolkata Knight Riders,Chandigarh,6,,23.0,S Venkataraghavan,Punjab Kings,,,male,Kolkata Knight Riders,,Kolkata Knight Riders,bat,,SK Tarapore,2009/10,BR Doctrove,Indian Premier League,,MK Tiwary,419127
Dr DY Patil Sports Academy,K Hariharan,41.0,2010-03-28,,SN Bandekar,Mumbai Indians,Mumbai,6,,25.0,GR Viswanath,Sunrisers Hyderabad,,,male,Mumbai Indians,,Sunrisers Hyderabad,field,,DJ Harper,2009/10,S Das,Indian Premier League,,Harbhajan Singh,419130
"Sardar Patel Stadium, Motera",SJA Taufel,17.0,2010-03-28,,S Dua,Rajasthan Royals,Ahmedabad,6,,24.0,RS Mahanama,Rajasthan Royals,,,male,Chennai Super Kings,,Rajasthan Royals,bat,,HDPK Dharmasena,2009/10,SS Hazare,Indian Premier League,,NV Ojha,419129
Feroz Shah Kotla,SJA Taufel,40.0,2010-03-29,,A Chaudhary,Delhi Capitals,Delhi,6,,26.0,RS Mahanama,Delhi Capitals,,,male,Kolkata Knight Riders,,Delhi Capitals,bat,,HDPK Dharmasena,2009/10,SS Hazare,Indian Premier League,,DA Warner,419131
Brabourne Stadium,SK Tarapore,,2010-03-30,,VM Bandiwadekar,Mumbai Indians,Mumbai,6,,27.0,S Venkataraghavan,Mumbai Indians,,,male,Punjab Kings,4.0,Mumbai Indians,field,,S Ravi,2009/10,BR Doctrove,Indian Premier League,,SL Malinga,419132
Feroz Shah Kotla,SJA Taufel,67.0,2010-03-31,,A Chaudhary,Delhi Capitals,Delhi,6,,29.0,RS Mahanama,Delhi Capitals,,,male,Rajasthan Royals,,Delhi Capitals,bat,,SS Hazare,2009/10,HDPK Dharmasena,Indian Premier League,,KD Karthik,419134
"MA Chidambaram Stadium, Chepauk",RE Koertzen,,2010-03-31,,J Madanagopal,Chennai Super Kings,Chennai,6,,28.0,AJ Pycroft,Chennai Super Kings,,,male,Royal Challengers Bengaluru,5.0,Royal Challengers Bengaluru,bat,,RB Tiffin,2009/10,BG Jerling,Indian Premier League,,M Vijay,419133
Eden Gardens,DJ Harper,24.0,2010-04-01,,R Shankar,Kolkata Knight Riders,Kolkata,6,,30.0,GR Viswanath,Kolkata Knight Riders,,,male,Sunrisers Hyderabad,,Kolkata Knight Riders,bat,,S Asnani,2009/10,K Hariharan,Indian Premier League,,SC Ganguly,419135
"Punjab Cricket Association Stadium, Mohali",M Erasmus,,2010-04-02,,C Shamshuddin,Royal Challengers Bengaluru,Chandigarh,6,,31.0,D Govindjee,Punjab Kings,,,male,Royal Challengers Bengaluru,6.0,Punjab Kings,bat,,AM Saheba,2009/10,BF Bowden,Indian Premier League,,KP Pietersen,419136
"MA Chidambaram Stadium, Chepauk",RB Tiffin,23.0,2010-04-03,,J Madanagopal,Chennai Super Kings,Chennai,6,,32.0,AJ Pycroft,Chennai Super Kings,,,male,Rajasthan Royals,,Chennai Super Kings,bat,,BG Jerling,2009/10,RE Koertzen,Indian Premier League,,M Vijay,419137
Brabourne Stadium,S Ravi,63.0,2010-04-03,,SN Bandekar,Mumbai Indians,Mumbai,6,,33.0,S Venkataraghavan,Mumbai Indians,,,male,Sunrisers Hyderabad,,Mumbai Indians,bat,,SK Tarapore,2009/10,BR Doctrove,Indian Premier League,,AT Rayudu,419138
Feroz Shah Kotla,M Erasmus,37.0,2010-04-04,,A Chaudhary,Delhi Capitals,Delhi,6,,35.0,D Govindjee,Delhi Capitals,,,male,Royal Challengers Bengaluru,,Delhi Capitals,bat,,AM Saheba,2009/10,BF Bowden,Indian Premier League,,PD Collingwood,419140
Eden Gardens,DJ Harper,,2010-04-04,,R Shankar,Punjab Kings,Kolkata,6,,34.0,J Srinath,Kolkata Knight Riders,,,male,Punjab Kings,8.0,Kolkata Knight Riders,bat,,K Hariharan,2009/10,S Asnani,Indian Premier League,,DPMD Jayawardene,419139
"Vidarbha Cricket Association Stadium, Jamtha",SJA Taufel,2.0,2010-04-05,,VM Bandiwadekar,Rajasthan Royals,Nagpur,6,,36.0,RS Mahanama,Sunrisers Hyderabad,,,male,Rajasthan Royals,,Rajasthan Royals,bat,,SS Hazare,2009/10,HDPK Dharmasena,Indian Premier League,,SK Warne,419141
"MA Chidambaram Stadium, Chepauk",DJ Harper,24.0,2010-04-06,,J Madanagopal,Chennai Super Kings,Chennai,6,,37.0,J Srinath,Chennai Super Kings,,,male,Mumbai Indians,,Chennai Super Kings,bat,,K Hariharan,2009/10,S Asnani,Indian Premier League,,SK Raina,419142
Sawai Mansingh Stadium,SK Tarapore,,2010-04-07,,K Sharma,Rajasthan Royals,Jaipur,6,,38.0,S Venkataraghavan,Rajasthan Royals,,,male,Punjab Kings,9.0,Punjab Kings,bat,,BR Doctrove,2009/10,S Ravi,Indian Premier League,,MJ Lumb,419143
Eden Gardens,RE Koertzen,14.0,2010-04-07,,R Shankar,Kolkata Knight Riders,Kolkata,6,,39.0,AJ Pycroft,Kolkata Knight Riders,,,male,Delhi Capitals,,Kolkata Knight Riders,bat,,RB Tiffin,2009/10,BG Jerling,Indian Premier League,,SC Ganguly,419144
M Chinnaswamy Stadium,DJ Harper,,2010-04-08,,KN Ananthapadmanabhan,Sunrisers Hyderabad,Bangalore,6,,40.0,J Srinath,Royal Challengers Bengaluru,,,male,Sunrisers Hyderabad,7.0,Sunrisers Hyderabad,field,,K Hariharan,2009/10,S Asnani,Indian Premier League,,TL Suman,419145
"Punjab Cricket Association Stadium, Mohali",AM Saheba,,2010-04-09,,C Shamshuddin,Punjab Kings,Chandigarh,6,,41.0,D Govindjee,Punjab Kings,,,male,Mumbai Indians,6.0,Mumbai Indians,bat,,BF Bowden,2009/10,M Erasmus,Indian Premier League,,KC Sangakkara,419146
"Vidarbha Cricket Association Stadium, Jamtha",SJA Taufel,,2010-04-10,,VM Bandiwadekar,Sunrisers Hyderabad,Nagpur,6,,42.0,RS Mahanama,Sunrisers Hyderabad,,,male,Chennai Super Kings,6.0,Chennai Super Kings,bat,,SS Hazare,2009/10,HDPK Dharmasena,Indian Premier League,,RJ Harris,419147
M Chinnaswamy Stadium,DJ Harper,,2010-04-10,,KN Ananthapadmanabhan,Royal Challengers Bengaluru,Bangalore,6,,43.0,J Srinath,Royal Challengers Bengaluru,,,male,Kolkata Knight Riders,7.0,Royal Challengers Bengaluru,field,,S Asnani,2009/10,K Hariharan,Indian Premier League,,R Vinay Kumar,419148
Feroz Shah Kotla,AM Saheba,,2010-04-11,,A Chaudhary,Punjab Kings,Delhi,6,,44.0,D Govindjee,Delhi Capitals,,,male,Punjab Kings,7.0,Delhi Capitals,bat,,M Erasmus,2009/10,BF Bowden,Indian Premier League,,PP Chawla,419149
Sawai Mansingh Stadium,SK Tarapore,37.0,2010-04-11,,K Sharma,Mumbai Indians,Jaipur,6,,45.0,S Venkataraghavan,Rajasthan Royals,,,male,Mumbai Indians,,Rajasthan Royals,field,,S Ravi,2009/10,BR Doctrove,Indian Premier League,,SR Tendulkar,419150
"Vidarbha Cricket Association Stadium, Jamtha",RB Tiffin,13.0,2010-04-12,,VM Bandiwadekar,Sunrisers Hyderabad,Nagpur,6,,46.0,AJ Pycroft,Sunrisers Hyderabad,,,male,Royal Challengers Bengaluru,,Royal Challengers Bengaluru,field,,BG Jerling,2009/10,RE Koertzen,Indian Premier League,,Harmeet Singh,419151
Brabourne Stadium,DJ Harper,39.0,2010-04-13,,SN Bandekar,Mumbai Indians,Mumbai,6,,47.0,J Srinath,Mumbai Indians,,,male,Delhi Capitals,,Mumbai Indians,bat,,K Hariharan,2009/10,S Asnani,Indian Premier League,,KA Pollard,419152
"MA Chidambaram Stadium, Chepauk",SJA Taufel,,2010-04-13,,J Madanagopal,Chennai Super Kings,Chennai,6,,48.0,GR Viswanath,Chennai Super Kings,,,male,Kolkata Knight Riders,9.0,Kolkata Knight Riders,bat,,HDPK Dharmasena,2009/10,SS Hazare,Indian Premier League,,R Ashwin,419153
Sawai Mansingh Stadium,S Ravi,,2010-04-14,,K Sharma,Royal Challengers Bengaluru,Jaipur,6,,49.0,S Venkataraghavan,Rajasthan Royals,,,male,Royal Challengers Bengaluru,5.0,Rajasthan Royals,bat,,SK Tarapore,2009/10,BR Doctrove,Indian Premier League,,KP Pietersen,419154
"MA Chidambaram Stadium, Chepauk",SS Hazare,,2010-04-15,,J Madanagopal,Delhi Capitals,Chennai,6,,50.0,GR Viswanath,Chennai Super Kings,,,male,Delhi Capitals,6.0,Chennai Super Kings,bat,,SJA Taufel,2009/10,HDPK Dharmasena,Indian Premier League,,G Gambhir,419155
Himachal Pradesh Cricket Association Stadium,AM Saheba,,2010-04-16,,C Shamshuddin,Sunrisers Hyderabad,Dharamsala,6,,51.0,D Govindjee,Punjab Kings,,,male,Sunrisers Hyderabad,5.0,Sunrisers Hyderabad,field,,BF Bowden,2009/10,M Erasmus,Indian Premier League,,RG Sharma,419156
Eden Gardens,RB Tiffin,,2010-04-17,,R Shankar,Kolkata Knight Riders,Kolkata,6,,53.0,AJ Pycroft,Kolkata Knight Riders,,,male,Rajasthan Royals,8.0,Rajasthan Royals,bat,,RE Koertzen,2009/10,BG Jerling,Indian Premier League,,JD Unadkat,419158
M Chinnaswamy Stadium,SJA Taufel,57.0,2010-04-17,,KN Ananthapadmanabhan,Mumbai Indians,Bangalore,6,,52.0,GR Viswanath,Royal Challengers Bengaluru,,,male,Mumbai Indians,,Royal Challengers Bengaluru,field,,SS Hazare,2009/10,HDPK Dharmasena,Indian Premier League,,R McLaren,419157
Himachal Pradesh Cricket Association Stadium,AM Saheba,,2010-04-18,,C Shamshuddin,Chennai Super Kings,Dharamsala,6,,54.0,D Govindjee,Punjab Kings,,,male,Chennai Super Kings,6.0,Chennai Super Kings,field,,M Erasmus,2009/10,BF Bowden,Indian Premier League,,MS Dhoni,419159
Feroz Shah Kotla,SK Tarapore,11.0,2010-04-18,,A Chaudhary,Sunrisers Hyderabad,Delhi,6,,55.0,S Venkataraghavan,Delhi Capitals,,,male,Sunrisers Hyderabad,,Sunrisers Hyderabad,bat,,S Ravi,2009/10,BR Doctrove,Indian Premier League,,A Symonds,419160
Eden Gardens,RE Koertzen,,2010-04-19,,R Shankar,Kolkata Knight Riders,Kolkata,6,,56.0,AJ Pycroft,Kolkata Knight Riders,,,male,Mumbai Indians,9.0,Mumbai Indians,bat,,RB Tiffin,2009/10,BG Jerling,Indian Premier League,,M Kartik,419161
Dr DY Patil Sports Academy,RB Tiffin,35.0,2010-04-21,,SN Bandekar,Mumbai Indians,Mumbai,6,,,J Srinath,Royal Challengers Bengaluru,,,male,Mumbai Indians,,Mumbai Indians,bat,,DJ Harper,2009/10,BR Doctrove,Indian Premier League,,KA Pollard,419162
Dr DY Patil Sports Academy,RB Tiffin,38.0,2010-04-22,,SN Bandekar,Chennai Super Kings,Mumbai,6,,,J Srinath,Chennai Super Kings,,,male,Sunrisers Hyderabad,,Chennai Super Kings,bat,,DJ Harper,2009/10,BR Doctrove,Indian Premier League,,DE Bollinger,419163
Dr DY Patil Sports Academy,SJA Taufel,,2010-04-24,,SN Bandekar,Royal Challengers Bengaluru,Mumbai,6,,,S Venkataraghavan,Royal Challengers Bengaluru,,,male,Sunrisers Hyderabad,9.0,Sunrisers Hyderabad,bat,,S Ravi,2009/10,RE Koertzen,Indian Premier League,,A Kumble,419164
Dr DY Patil Sports Academy,SJA Taufel,22.0,2010-04-25,,SN Bandekar,Chennai Super Kings,Mumbai,6,,,S Venkataraghavan,Chennai Super Kings,,,male,Mumbai Indians,,Chennai Super Kings,bat,,S Ravi,2009/10,RE Koertzen,Indian Premier League,,SK Raina,419165
"MA Chidambaram Stadium, Chepauk",PR Reiffel,2.0,2011-04-08,,K Srinath,Chennai Super Kings,Chennai,6,,1.0,J Srinath,Chennai Super Kings,,,male,Kolkata Knight Riders,,Chennai Super Kings,bat,,S Asnani,2011,BR Doctrove,Indian Premier League,,S Anirudha,501198
"Rajiv Gandhi International Stadium, Uppal",SK Tarapore,,2011-04-09,,C Shamshuddin,Rajasthan Royals,Hyderabad,6,,2.0,AJ Pycroft,Sunrisers Hyderabad,,,male,Rajasthan Royals,8.0,Rajasthan Royals,field,,SS Hazare,2011,RE Koertzen,Indian Premier League,,SK Trivedi,501199
Nehru Stadium,K Hariharan,,2011-04-09,,KN Ananthapadmanabhan,Royal Challengers Bengaluru,Kochi,6,,3.0,Raju Mukherjee,Kochi Tuskers Kerala,,,male,Royal Challengers Bengaluru,6.0,Kochi Tuskers Kerala,bat,,AL Hill,2011,HDPK Dharmasena,Indian Premier League,,AB de Villiers,501200
Feroz Shah Kotla,RB Tiffin,,2011-04-10,,A Chaudhary,Mumbai Indians,Delhi,6,,4.0,S Venkataraghavan,Delhi Capitals,,,male,Mumbai Indians,8.0,Delhi Capitals,bat,,SL Shastri,2011,AM Saheba,Indian Premier League,,SL Malinga,501201
Dr DY Patil Sports Academy,PR Reiffel,,2011-04-10,,NA Patwardhan,Rising Pune Supergiant,Mumbai,6,,5.0,J Srinath,Rising Pune Supergiant,,,male,Punjab Kings,7.0,Punjab Kings,bat,,S Asnani,2011,BR Doctrove,Indian Premier League,,SB Wagh,501202
Eden Gardens,SK Tarapore,9.0,2011-04-11,,S Das,Kolkata Knight Riders,Kolkata,6,,6.0,D Govindjee,Kolkata Knight Riders,,,male,Sunrisers Hyderabad,,Kolkata Knight Riders,bat,,S Ravi,2011,RE Koertzen,Indian Premier League,,JH Kallis,501203
Sawai Mansingh Stadium,RB Tiffin,,2011-04-12,,R Subramanian,Rajasthan Royals,Jaipur,6,,7.0,AJ Pycroft,Rajasthan Royals,,,male,Delhi Capitals,6.0,Delhi Capitals,bat,,SS Hazare,2011,Aleem Dar,Indian Premier League,,SK Warne,501204
M Chinnaswamy Stadium,AL Hill,,2011-04-12,,CK Nandan,Mumbai Indians,Bangalore,6,,8.0,Raju Mukherjee,Royal Challengers Bengaluru,,,male,Mumbai Indians,9.0,Mumbai Indians,field,,K Hariharan,2011,HDPK Dharmasena,Indian Premier League,,SR Tendulkar,501205
"Punjab Cricket Association Stadium, Mohali",SL Shastri,,2011-04-13,,K Bharatan,Punjab Kings,Chandigarh,6,,9.0,S Venkataraghavan,Punjab Kings,,,male,Chennai Super Kings,6.0,Punjab Kings,field,,AM Saheba,2011,Asad Rauf,Indian Premier League,,PC Valthaty,501206
Dr DY Patil Sports Academy,PR Reiffel,,2011-04-13,,NA Patwardhan,Rising Pune Supergiant,Mumbai,6,,10.0,J Srinath,Rising Pune Supergiant,,,male,Kochi Tuskers Kerala,4.0,Kochi Tuskers Kerala,bat,,BR Doctrove,2011,S Asnani,Indian Premier League,,MD Mishra,501207
"Rajiv Gandhi International Stadium, Uppal",S Ravi,33.0,2011-04-14,,C Shamshuddin,Sunrisers Hyderabad,Hyderabad,6,,11.0,D Govindjee,Sunrisers Hyderabad,,,male,Royal Challengers Bengaluru,,Royal Challengers Bengaluru,field,,SK Tarapore,2011,RE Koertzen,Indian Premier League,,DW Steyn,501208
Sawai Mansingh Stadium,SS Hazare,,2011-04-15,,R Subramanian,Kolkata Knight Riders,Jaipur,6,,12.0,AJ Pycroft,Rajasthan Royals,,,male,Kolkata Knight Riders,9.0,Kolkata Knight Riders,field,,RB Tiffin,2011,Aleem Dar,Indian Premier League,,G Gambhir,501209
Wankhede Stadium,PR Reiffel,,2011-04-15,,VA Kulkarni,Kochi Tuskers Kerala,Mumbai,6,,13.0,J Srinath,Mumbai Indians,,,male,Kochi Tuskers Kerala,8.0,Kochi Tuskers Kerala,field,,S Asnani,2011,BR Doctrove,Indian Premier League,,BB McCullum,501210
"Rajiv Gandhi International Stadium, Uppal",S Ravi,,2011-04-16,,C Shamshuddin,Punjab Kings,Hyderabad,6,,15.0,D Govindjee,Sunrisers Hyderabad,,,male,Punjab Kings,8.0,Punjab Kings,field,,SK Tarapore,2011,RE Koertzen,Indian Premier League,,PC Valthaty,501212
"MA Chidambaram Stadium, Chepauk",AL Hill,21.0,2011-04-16,,K Srinath,Chennai Super Kings,Chennai,6,,14.0,Raju Mukherjee,Chennai Super Kings,,,male,Royal Challengers Bengaluru,,Chennai Super Kings,bat,,K Hariharan,2011,HDPK Dharmasena,Indian Premier League,,MEK Hussey,501211
Dr DY Patil Sports Academy,AM Saheba,,2011-04-17,,NA Patwardhan,Delhi Capitals,Mumbai,6,,16.0,S Venkataraghavan,Rising Pune Supergiant,,,male,Delhi Capitals,3.0,Delhi Capitals,field,,SL Shastri,2011,Asad Rauf,Indian Premier League,,Yuvraj Singh,501213
Eden Gardens,RB Tiffin,,2011-04-17,,S Das,Kolkata Knight Riders,Kolkata,6,,17.0,AJ Pycroft,Kolkata Knight Riders,,,male,Rajasthan Royals,8.0,Kolkata Knight Riders,field,,SS Hazare,2011,Aleem Dar,Indian Premier League,,L Balaji,501214
Nehru Stadium,AL Hill,,2011-04-18,D/L,KN Ananthapadmanabhan,Kochi Tuskers Kerala,Kochi,6,,18.0,Raju Mukherjee,Kochi Tuskers Kerala,,,male,Chennai Super Kings,7.0,Kochi Tuskers Kerala,field,,HDPK Dharmasena,2011,K Hariharan,Indian Premier League,,BB McCullum,501215
Feroz Shah Kotla,RJ Tucker,16.0,2011-04-19,,A Chaudhary,Sunrisers Hyderabad,Delhi,6,,19.0,J Srinath,Delhi Capitals,,,male,Sunrisers Hyderabad,,Sunrisers Hyderabad,bat,,S Asnani,2011,PR Reiffel,Indian Premier League,,S Sohal,501216
Wankhede Stadium,AM Saheba,,2011-04-20,,VA Kulkarni,Mumbai Indians,Mumbai,6,,21.0,Raju Mukherjee,Mumbai Indians,,,male,Rising Pune Supergiant,7.0,Rising Pune Supergiant,bat,,SL Shastri,2011,Asad Rauf,Indian Premier League,,MM Patel,501218
Eden Gardens,RB Tiffin,6.0,2011-04-20,,S Das,Kochi Tuskers Kerala,Kolkata,6,,22.0,AJ Pycroft,Kolkata Knight Riders,,,male,Kochi Tuskers Kerala,,Kolkata Knight Riders,field,,SS Hazare,2011,Aleem Dar,Indian Premier League,,DPMD Jayawardene,501219
"Punjab Cricket Association Stadium, Mohali",PR Reiffel,48.0,2011-04-21,,K Bharatan,Punjab Kings,Chandigarh,6,,23.0,J Srinath,Punjab Kings,,,male,Rajasthan Royals,,Rajasthan Royals,field,,RJ Tucker,2011,S Asnani,Indian Premier League,,SE Marsh,501220
Wankhede Stadium,AM Saheba,8.0,2011-04-22,,VA Kulkarni,Mumbai Indians,Mumbai,6,,25.0,Raju Mukherjee,Mumbai Indians,,,male,Chennai Super Kings,,Chennai Super Kings,field,,SL Shastri,2011,Asad Rauf,Indian Premier League,,Harbhajan Singh,501221
Eden Gardens,RB Tiffin,,2011-04-22,,S Das,Royal Challengers Bengaluru,Kolkata,6,,24.0,AJ Pycroft,Kolkata Knight Riders,,,male,Royal Challengers Bengaluru,9.0,Royal Challengers Bengaluru,field,,Aleem Dar,2011,SS Hazare,Indian Premier League,,CH Gayle,501222
Feroz Shah Kotla,RE Koertzen,29.0,2011-04-23,,A Chaudhary,Delhi Capitals,Delhi,6,,26.0,J Srinath,Delhi Capitals,,,male,Punjab Kings,,Punjab Kings,field,,PR Reiffel,2011,S Asnani,Indian Premier League,,DA Warner,501223
"Rajiv Gandhi International Stadium, Uppal",AL Hill,37.0,2011-04-24,,C Shamshuddin,Mumbai Indians,Hyderabad,6,,27.0,Raju Mukherjee,Sunrisers Hyderabad,,,male,Mumbai Indians,,Sunrisers Hyderabad,field,,K Hariharan,2011,HDPK Dharmasena,Indian Premier League,,SL Malinga,501224
Sawai Mansingh Stadium,SK Tarapore,,2011-04-24,,R Subramanian,Rajasthan Royals,Jaipur,6,,28.0,D Govindjee,Rajasthan Royals,,,male,Kochi Tuskers Kerala,8.0,Rajasthan Royals,field,,S Ravi,2011,BR Doctrove,Indian Premier League,,SK Warne,501225
"MA Chidambaram Stadium, Chepauk",RB Tiffin,25.0,2011-04-25,,K Srinath,Chennai Super Kings,Chennai,6,,29.0,AJ Pycroft,Chennai Super Kings,,,male,Rising Pune Supergiant,,Rising Pune Supergiant,field,,SS Hazare,2011,Aleem Dar,Indian Premier League,,MEK Hussey,501226
Feroz Shah Kotla,RJ Tucker,,2011-04-26,,A Chaudhary,Royal Challengers Bengaluru,Delhi,6,,30.0,J Srinath,Delhi Capitals,,,male,Royal Challengers Bengaluru,3.0,Royal Challengers Bengaluru,field,,PR Reiffel,2011,S Asnani,Indian Premier League,,V Kohli,501227
Nehru Stadium,AL Hill,55.0,2011-04-27,,KN Ananthapadmanabhan,Sunrisers Hyderabad,Kochi,6,,32.0,Raju Mukherjee,Kochi Tuskers Kerala,,,male,Sunrisers Hyderabad,,Kochi Tuskers Kerala,field,,K Hariharan,2011,HDPK Dharmasena,Indian Premier League,,I Sharma,501229
Dr DY Patil Sports Academy,SL Shastri,,2011-04-27,,NA Patwardhan,Chennai Super Kings,Mumbai,6,,31.0,GF Labrooy,Rising Pune Supergiant,,,male,Chennai Super Kings,8.0,Rising Pune Supergiant,bat,,AM Saheba,2011,Asad Rauf,Indian Premier League,,DE Bollinger,501228
Feroz Shah Kotla,RJ Tucker,17.0,2011-04-28,,A Chaudhary,Kolkata Knight Riders,Delhi,6,,33.0,J Srinath,Delhi Capitals,,,male,Kolkata Knight Riders,,Delhi Capitals,field,,S Asnani,2011,PR Reiffel,Indian Premier League,,MK Tiwary,501230
Sawai Mansingh Stadium,SK Tarapore,,2011-04-29,,R Subramanian,Rajasthan Royals,Jaipur,6,,34.0,D Govindjee,Rajasthan Royals,,,male,Mumbai Indians,7.0,Rajasthan Royals,field,,S Ravi,2011,Asad Rauf,Indian Premier League,,J Botha,501231
M Chinnaswamy Stadium,SS Hazare,26.0,2011-04-29,,CK Nandan,Royal Challengers Bengaluru,Bangalore,6,,35.0,AJ Pycroft,Royal Challengers Bengaluru,,,male,Rising Pune Supergiant,,Rising Pune Supergiant,field,,RB Tiffin,2011,Aleem Dar,Indian Premier League,,V Kohli,501232
Nehru Stadium,AL Hill,38.0,2011-04-30,,KN Ananthapadmanabhan,Delhi Capitals,Kochi,6,,36.0,Raju Mukherjee,Kochi Tuskers Kerala,,,male,Delhi Capitals,,Delhi Capitals,bat,,K Hariharan,2011,HDPK Dharmasena,Indian Premier League,,V Sehwag,501233
Eden Gardens,SL Shastri,,2011-04-30,,S Das,Kolkata Knight Riders,Kolkata,6,,37.0,GF Labrooy,Kolkata Knight Riders,,,male,Punjab Kings,8.0,Kolkata Knight Riders,field,,RJ Tucker,2011,AM Saheba,Indian Premier League,,Iqbal Abdulla,501234
Sawai Mansingh Stadium,SJA Taufel,,2011-05-01,,R Subramanian,Rajasthan Royals,Jaipur,6,,38.0,D Govindjee,Rajasthan Royals,,,male,Rising Pune Supergiant,6.0,Rajasthan Royals,field,,S Ravi,2011,SK Tarapore,Indian Premier League,,LRPL Taylor,501235
"MA Chidambaram Stadium, Chepauk",RB Tiffin,19.0,2011-05-01,,K Srinath,Chennai Super Kings,Chennai,6,,39.0,AJ Pycroft,Chennai Super Kings,,,male,Sunrisers Hyderabad,,Chennai Super Kings,bat,,SS Hazare,2011,Aleem Dar,Indian Premier League,,JA Morkel,501236
Feroz Shah Kotla,SL Shastri,,2011-05-02,,A Chaudhary,Kochi Tuskers Kerala,Delhi,6,,41.0,GF Labrooy,Delhi Capitals,,,male,Kochi Tuskers Kerala,7.0,Kochi Tuskers Kerala,field,,AM Saheba,2011,Asad Rauf,Indian Premier League,,P Parameswaran,501238
Wankhede Stadium,PR Reiffel,23.0,2011-05-02,,VA Kulkarni,Mumbai Indians,Mumbai,6,,40.0,Raju Mukherjee,Mumbai Indians,,,male,Punjab Kings,,Punjab Kings,field,,K Hariharan,2011,HDPK Dharmasena,Indian Premier League,,KA Pollard,501237
"Rajiv Gandhi International Stadium, Uppal",RJ Tucker,20.0,2011-05-03,,C Shamshuddin,Kolkata Knight Riders,Hyderabad,6,,42.0,J Srinath,Sunrisers Hyderabad,,,male,Kolkata Knight Riders,,Sunrisers Hyderabad,field,,PR Reiffel,2011,S Asnani,Indian Premier League,,YK Pathan,501239
"MA Chidambaram Stadium, Chepauk",RB Tiffin,,2011-05-04,,K Srinath,Chennai Super Kings,Chennai,6,,43.0,AJ Pycroft,Chennai Super Kings,,,male,Rajasthan Royals,8.0,Rajasthan Royals,bat,,Aleem Dar,2011,SS Hazare,Indian Premier League,,MEK Hussey,501240
Dr DY Patil Sports Academy,SJA Taufel,21.0,2011-05-04,,NA Patwardhan,Mumbai Indians,Mumbai,6,,44.0,Raju Mukherjee,Rising Pune Supergiant,,,male,Mumbai Indians,,Rising Pune Supergiant,field,,K Hariharan,2011,HDPK Dharmasena,Indian Premier League,,R Sharma,501241
Nehru Stadium,RJ Tucker,17.0,2011-05-05,,KN Ananthapadmanabhan,Kochi Tuskers Kerala,Kochi,6,,45.0,D Govindjee,Kochi Tuskers Kerala,,,male,Kolkata Knight Riders,,Kolkata Knight Riders,field,,SK Tarapore,2011,S Ravi,Indian Premier League,,BJ Hodge,501242
"Rajiv Gandhi International Stadium, Uppal",AM Saheba,,2011-05-05,,C Shamshuddin,Delhi Capitals,Hyderabad,6,,46.0,GF Labrooy,Sunrisers Hyderabad,,,male,Delhi Capitals,4.0,Delhi Capitals,field,,SL Shastri,2011,Asad Rauf,Indian Premier League,,V Sehwag,501243
M Chinnaswamy Stadium,RB Tiffin,85.0,2011-05-06,,CK Nandan,Royal Challengers Bengaluru,Bangalore,6,,47.0,AJ Pycroft,Royal Challengers Bengaluru,,,male,Punjab Kings,,Punjab Kings,field,,SS Hazare,2011,Aleem Dar,Indian Premier League,,CH Gayle,501244
Wankhede Stadium,SJA Taufel,32.0,2011-05-07,,VA Kulkarni,Mumbai Indians,Mumbai,6,,49.0,RS Mahanama,Mumbai Indians,,,male,Delhi Capitals,,Delhi Capitals,field,,HDPK Dharmasena,2011,K Hariharan,Indian Premier League,,AT Rayudu,501246
Eden Gardens,PR Reiffel,10.0,2011-05-07,D/L,S Das,Kolkata Knight Riders,Kolkata,6,,48.0,Raju Mukherjee,Kolkata Knight Riders,,,male,Chennai Super Kings,,Chennai Super Kings,bat,,S Asnani,2011,Asad Rauf,Indian Premier League,,Iqbal Abdulla,501245
"Punjab Cricket Association Stadium, Mohali",RJ Tucker,,2011-05-08,,K Bharatan,Rising Pune Supergiant,Chandigarh,6,,51.0,D Govindjee,Punjab Kings,,,male,Rising Pune Supergiant,5.0,Punjab Kings,bat,,S Ravi,2011,SK Tarapore,Indian Premier League,,R Sharma,501248
M Chinnaswamy Stadium,SS Hazare,,2011-05-08,,CK Nandan,Royal Challengers Bengaluru,Bangalore,6,,50.0,AJ Pycroft,Royal Challengers Bengaluru,,,male,Kochi Tuskers Kerala,9.0,Kochi Tuskers Kerala,bat,,RB Tiffin,2011,Aleem Dar,Indian Premier League,,CH Gayle,501247
Sawai Mansingh Stadium,SJA Taufel,63.0,2011-05-09,,R Subramanian,Chennai Super Kings,Jaipur,6,,52.0,RS Mahanama,Rajasthan Royals,,,male,Chennai Super Kings,,Rajasthan Royals,field,,HDPK Dharmasena,2011,K Hariharan,Indian Premier League,,M Vijay,501249
"Rajiv Gandhi International Stadium, Uppal",AM Saheba,,2011-05-10,,C Shamshuddin,Rising Pune Supergiant,Hyderabad,6,,53.0,GF Labrooy,Sunrisers Hyderabad,,,male,Rising Pune Supergiant,6.0,Sunrisers Hyderabad,bat,,SL Shastri,2011,Asad Rauf,Indian Premier League,,MR Marsh,501250
"Punjab Cricket Association Stadium, Mohali",RJ Tucker,76.0,2011-05-10,,K Bharatan,Punjab Kings,Chandigarh,6,,54.0,D Govindjee,Punjab Kings,,,male,Mumbai Indians,,Mumbai Indians,field,,,2011,SK Tarapore,Indian Premier League,,BA Bhatt,501251
Sawai Mansingh Stadium,K Hariharan,,2011-05-11,,R Subramanian,Royal Challengers Bengaluru,Jaipur,6,,55.0,RS Mahanama,Rajasthan Royals,,,male,Royal Challengers Bengaluru,9.0,Royal Challengers Bengaluru,field,,SJA Taufel,2011,HDPK Dharmasena,Indian Premier League,,S Aravind,501252
"MA Chidambaram Stadium, Chepauk",SL Shastri,18.0,2011-05-12,,K Srinath,Chennai Super Kings,Chennai,6,,56.0,GF Labrooy,Chennai Super Kings,,,male,Delhi Capitals,,Chennai Super Kings,bat,,Asad Rauf,2011,AM Saheba,Indian Premier League,,MS Dhoni,501253
Holkar Cricket Stadium,RJ Tucker,,2011-05-13,,NA Patwardhan,Punjab Kings,Indore,6,,57.0,Raju Mukherjee,Kochi Tuskers Kerala,,,male,Punjab Kings,6.0,Punjab Kings,field,,PR Reiffel,2011,S Asnani,Indian Premier League,,KD Karthik,501254
M Chinnaswamy Stadium,RB Tiffin,,2011-05-14,D/L,CK Nandan,Royal Challengers Bengaluru,Bangalore,6,,58.0,AJ Pycroft,Royal Challengers Bengaluru,,,male,Kolkata Knight Riders,4.0,Royal Challengers Bengaluru,field,,SS Hazare,2011,RE Koertzen,Indian Premier League,,CH Gayle,501255
Wankhede Stadium,SK Tarapore,10.0,2011-05-14,,VA Kulkarni,Sunrisers Hyderabad,Mumbai,6,,59.0,D Govindjee,Mumbai Indians,,,male,Sunrisers Hyderabad,,Sunrisers Hyderabad,bat,,SJA Taufel,2011,S Ravi,Indian Premier League,,A Mishra,501256
Himachal Pradesh Cricket Association Stadium,SL Shastri,29.0,2011-05-15,,K Bharatan,Punjab Kings,Dharamsala,6,,60.0,GF Labrooy,Punjab Kings,,,male,Delhi Capitals,,Delhi Capitals,field,,AM Saheba,2011,Asad Rauf,Indian Premier League,,PP Chawla,501257
Holkar Cricket Stadium,RJ Tucker,,2011-05-15,,NA Patwardhan,Kochi Tuskers Kerala,Indore,6,,61.0,RS Mahanama,Kochi Tuskers Kerala,,,male,Rajasthan Royals,8.0,Kochi Tuskers Kerala,field,,S Asnani,2011,PR Reiffel,Indian Premier League,,BJ Hodge,501258
Dr DY Patil Sports Academy,SK Tarapore,,2011-05-16,,NA Patwardhan,Sunrisers Hyderabad,Mumbai,6,,62.0,D Govindjee,Rising Pune Supergiant,,,male,Sunrisers Hyderabad,6.0,Sunrisers Hyderabad,field,,SJA Taufel,2011,S Ravi,Indian Premier League,,A Mishra,501259
Himachal Pradesh Cricket Association Stadium,AM Saheba,111.0,2011-05-17,,K Bharatan,Punjab Kings,Dharamsala,6,,63.0,GF Labrooy,Punjab Kings,,,male,Royal Challengers Bengaluru,,Punjab Kings,bat,,SL Shastri,2011,Asad Rauf,Indian Premier League,,AC Gilchrist,501260
"MA Chidambaram Stadium, Chepauk",RE Koertzen,11.0,2011-05-18,,K Srinath,Chennai Super Kings,Chennai,6,,64.0,RS Mahanama,Chennai Super Kings,,,male,Kochi Tuskers Kerala,,Chennai Super Kings,bat,,K Hariharan,2011,HDPK Dharmasena,Indian Premier League,,WP Saha,501261
Dr DY Patil Sports Academy,SJA Taufel,,2011-05-19,,NA Patwardhan,Kolkata Knight Riders,Mumbai,6,,65.0,D Govindjee,Rising Pune Supergiant,,,male,Kolkata Knight Riders,7.0,Kolkata Knight Riders,field,,SK Tarapore,2011,S Ravi,Indian Premier League,,YK Pathan,501262
Wankhede Stadium,PR Reiffel,,2011-05-20,,VA Kulkarni,Rajasthan Royals,Mumbai,6,,66.0,J Srinath,Mumbai Indians,,,male,Rajasthan Royals,10.0,Mumbai Indians,bat,,S Asnani,2011,RE Koertzen,Indian Premier League,,SR Watson,501263
Himachal Pradesh Cricket Association Stadium,AM Saheba,82.0,2011-05-21,,K Bharatan,Sunrisers Hyderabad,Dharamsala,6,,67.0,GF Labrooy,Punjab Kings,,,male,Sunrisers Hyderabad,,Punjab Kings,field,,SL Shastri,2011,Asad Rauf,Indian Premier League,,S Dhawan,501264
Feroz Shah Kotla,RJ Tucker,,2011-05-21,,A Chaudhary,,Delhi,6,no result,68.0,AJ Pycroft,Delhi Capitals,,,male,Rising Pune Supergiant,,Delhi Capitals,bat,,RB Tiffin,2011,SS Hazare,Indian Premier League,,,501265
M Chinnaswamy Stadium,RE Koertzen,,2011-05-22,,CK Nandan,Royal Challengers Bengaluru,Bangalore,6,,69.0,RS Mahanama,Royal Challengers Bengaluru,,,male,Chennai Super Kings,8.0,Royal Challengers Bengaluru,field,,HDPK Dharmasena,2011,K Hariharan,Indian Premier League,,CH Gayle,501266
Eden Gardens,SJA Taufel,,2011-05-22,,S Das,Mumbai Indians,Kolkata,6,,70.0,D Govindjee,Kolkata Knight Riders,,,male,Mumbai Indians,5.0,Mumbai Indians,field,,S Ravi,2011,SK Tarapore,Indian Premier League,,JEC Franklin,501267
Wankhede Stadium,SJA Taufel,,2011-05-24,,VA Kulkarni,Chennai Super Kings,Mumbai,6,,,RS Mahanama,Royal Challengers Bengaluru,,,male,Chennai Super Kings,6.0,Chennai Super Kings,field,,PR Reiffel,2011,Asad Rauf,Indian Premier League,,SK Raina,501268
Wankhede Stadium,SJA Taufel,,2011-05-25,,VN Kulkarni,Mumbai Indians,Mumbai,6,,,RS Mahanama,Mumbai Indians,,,male,Kolkata Knight Riders,4.0,Mumbai Indians,field,,PR Reiffel,2011,Asad Rauf,Indian Premier League,,MM Patel,501269
"MA Chidambaram Stadium, Chepauk",SJA Taufel,43.0,2011-05-27,,K Srinath,Royal Challengers Bengaluru,Chennai,6,,,RS Mahanama,Royal Challengers Bengaluru,,,male,Mumbai Indians,,Mumbai Indians,field,,HDPK Dharmasena,2011,Asad Rauf,Indian Premier League,,CH Gayle,501270
"MA Chidambaram Stadium, Chepauk",SJA Taufel,58.0,2011-05-28,,K Srinath,Chennai Super Kings,Chennai,6,,,RS Mahanama,Chennai Super Kings,,,male,Royal Challengers Bengaluru,,Chennai Super Kings,bat,,HDPK Dharmasena,2011,Asad Rauf,Indian Premier League,,M Vijay,501271
"MA Chidambaram Stadium, Chepauk",SJA Taufel,,2012-04-04,,K Srinath,Mumbai Indians,Chennai,6,,1.0,RS Madugalle,Chennai Super Kings,,,male,Mumbai Indians,8.0,Mumbai Indians,field,,S Ravi,2012,JD Cloete,Indian Premier League,,RE Levi,548306
Eden Gardens,HDPK Dharmasena,,2012-04-05,,Premdip Chatterjee,Delhi Capitals,Kolkata,6,,2.0,GF Labrooy,Kolkata Knight Riders,,,male,Delhi Capitals,8.0,Delhi Capitals,field,,S Das,2012,S Asnani,Indian Premier League,,IK Pathan,548307
Wankhede Stadium,SJA Taufel,28.0,2012-04-06,,PG Pathak,Rising Pune Supergiant,Mumbai,6,,3.0,RR Jadeja,Mumbai Indians,,,male,Rising Pune Supergiant,,Mumbai Indians,field,,JD Cloete,2012,AK Chaudhary,Indian Premier League,,SPD Smith,548308
Sawai Mansingh Stadium,SK Tarapore,31.0,2012-04-06,,PK Khakhar,Rajasthan Royals,Jaipur,6,,4.0,RS Madugalle,Rajasthan Royals,,,male,Punjab Kings,,Punjab Kings,field,,VA Kulkarni,2012,BF Bowden,Indian Premier League,,AM Rahane,548309
M Chinnaswamy Stadium,S Ravi,20.0,2012-04-07,,BK Ravi,Royal Challengers Bengaluru,Bangalore,6,,5.0,Raju Mukherjee,Royal Challengers Bengaluru,,,male,Delhi Capitals,,Delhi Capitals,field,,S Das,2012,S Asnani,Indian Premier League,,AB de Villiers,548310
Dr. Y.S. Rajasekhara Reddy ACA-VDCA Cricket Stadium,HDPK Dharmasena,74.0,2012-04-07,,R Subramanian,Chennai Super Kings,Visakhapatnam,6,,6.0,GF Labrooy,Sunrisers Hyderabad,,,male,Chennai Super Kings,,Sunrisers Hyderabad,field,,AK Chaudhary,2012,JD Cloete,Indian Premier League,,RA Jadeja,548311
Subrata Roy Sahara Stadium,SJA Taufel,22.0,2012-04-08,,SD Ranade,Rising Pune Supergiant,Pune,6,,8.0,RR Jadeja,Rising Pune Supergiant,,,male,Punjab Kings,,Rising Pune Supergiant,bat,,S Asnani,2012,S Das,Indian Premier League,,MN Samuels,548313
Sawai Mansingh Stadium,VA Kulkarni,22.0,2012-04-08,,PK Khakhar,Rajasthan Royals,Jaipur,6,,7.0,RS Madugalle,Rajasthan Royals,,,male,Kolkata Knight Riders,,Kolkata Knight Riders,field,,SK Tarapore,2012,BF Bowden,Indian Premier League,,BJ Hodge,548312
Dr. Y.S. Rajasekhara Reddy ACA-VDCA Cricket Stadium,JD Cloete,,2012-04-09,,R Subramanian,Mumbai Indians,Visakhapatnam,6,,9.0,GF Labrooy,Sunrisers Hyderabad,,,male,Mumbai Indians,5.0,Sunrisers Hyderabad,bat,,HDPK Dharmasena,2012,AK Chaudhary,Indian Premier League,,RG Sharma,548314
M Chinnaswamy Stadium,RJ Tucker,42.0,2012-04-10,,BK Ravi,Kolkata Knight Riders,Bangalore,6,,10.0,Raju Mukherjee,Royal Challengers Bengaluru,,,male,Kolkata Knight Riders,,Royal Challengers Bengaluru,field,,S Asnani,2012,S Ravi,Indian Premier League,,L Balaji,548315
Feroz Shah Kotla,SK Tarapore,,2012-04-10,,S Dua,Delhi Capitals,Delhi,6,,11.0,RS Madugalle,Delhi Capitals,,,male,Chennai Super Kings,8.0,Delhi Capitals,field,,VA Kulkarni,2012,Asad Rauf,Indian Premier League,,M Morkel,548316
Wankhede Stadium,BNJ Oxenford,27.0,2012-04-11,,PG Pathak,Mumbai Indians,Mumbai,6,,12.0,J Srinath,Mumbai Indians,,,male,Rajasthan Royals,,Rajasthan Royals,field,,S Das,2012,Aleem Dar,Indian Premier League,,KA Pollard,548317
"MA Chidambaram Stadium, Chepauk",RJ Tucker,,2012-04-12,,K Srinath,Chennai Super Kings,Chennai,6,,13.0,Raju Mukherjee,Chennai Super Kings,,,male,Royal Challengers Bengaluru,5.0,Royal Challengers Bengaluru,bat,,S Ravi,2012,HDPK Dharmasena,Indian Premier League,,F du Plessis,548318
"Punjab Cricket Association Stadium, Mohali",SK Tarapore,,2012-04-12,,B Vij,Punjab Kings,Chandigarh,6,,14.0,RS Madugalle,Punjab Kings,,,male,Rising Pune Supergiant,7.0,Punjab Kings,field,,BF Bowden,2012,VA Kulkarni,Indian Premier League,,AD Mascarenhas,548319
Eden Gardens,S Asnani,,2012-04-13,,Premdip Chatterjee,Kolkata Knight Riders,Kolkata,6,,15.0,GF Labrooy,Kolkata Knight Riders,,,male,Rajasthan Royals,5.0,Rajasthan Royals,bat,,S Das,2012,Asad Rauf,Indian Premier League,,Shakib Al Hasan,548320
Subrata Roy Sahara Stadium,BNJ Oxenford,,2012-04-14,,SD Ranade,Rising Pune Supergiant,Pune,6,,16.0,RR Jadeja,Rising Pune Supergiant,,,male,Chennai Super Kings,7.0,Chennai Super Kings,bat,,AK Chaudhary,2012,Aleem Dar,Indian Premier League,,JD Ryder,548322
Eden Gardens,S Asnani,2.0,2012-04-15,,Premdip Chatterjee,Punjab Kings,Kolkata,6,,17.0,GF Labrooy,Kolkata Knight Riders,,,male,Punjab Kings,,Kolkata Knight Riders,field,,S Das,2012,Asad Rauf,Indian Premier League,,SP Narine,548323
M Chinnaswamy Stadium,RJ Tucker,59.0,2012-04-15,,BK Ravi,Rajasthan Royals,Bangalore,6,,18.0,Raju Mukherjee,Royal Challengers Bengaluru,,,male,Rajasthan Royals,,Rajasthan Royals,bat,,S Ravi,2012,JD Cloete,Indian Premier League,,AM Rahane,548324
Wankhede Stadium,SK Tarapore,,2012-04-16,,PG Pathak,Delhi Capitals,Mumbai,6,,19.0,RS Madugalle,Mumbai Indians,,,male,Delhi Capitals,7.0,Delhi Capitals,field,,VA Kulkarni,2012,BF Bowden,Indian Premier League,,S Nadeem,548325
M Chinnaswamy Stadium,S Das,,2012-04-17,,BK Ravi,Royal Challengers Bengaluru,Bangalore,6,,21.0,GF Labrooy,Royal Challengers Bengaluru,,,male,Rising Pune Supergiant,6.0,Rising Pune Supergiant,bat,,Asad Rauf,2012,S Asnani,Indian Premier League,,CH Gayle,548327
Sawai Mansingh Stadium,BNJ Oxenford,,2012-04-17,,PK Khakhar,Rajasthan Royals,Jaipur,6,,20.0,RR Jadeja,Rajasthan Royals,,,male,Sunrisers Hyderabad,5.0,Sunrisers Hyderabad,bat,,AK Chaudhary,2012,Aleem Dar,Indian Premier League,,BJ Hodge,548326
"Punjab Cricket Association Stadium, Mohali",RJ Tucker,,2012-04-18,,B Vij,Kolkata Knight Riders,Chandigarh,6,,22.0,RS Mahanama,Punjab Kings,,,male,Kolkata Knight Riders,8.0,Punjab Kings,bat,,S Ravi,2012,JD Cloete,Indian Premier League,,G Gambhir,548328
Feroz Shah Kotla,SK Tarapore,,2012-04-19,,S Dua,Delhi Capitals,Delhi,6,,23.0,RS Madugalle,Delhi Capitals,,,male,Sunrisers Hyderabad,5.0,Sunrisers Hyderabad,bat,,VA Kulkarni,2012,BF Bowden,Indian Premier League,,KP Pietersen,548321
"MA Chidambaram Stadium, Chepauk",S Das,13.0,2012-04-19,,K Srinath,Chennai Super Kings,Chennai,6,,24.0,GF Labrooy,Chennai Super Kings,,,male,Rising Pune Supergiant,,Rising Pune Supergiant,field,,S Asnani,2012,Asad Rauf,Indian Premier League,,KMDN Kulasekara,548330
"Punjab Cricket Association Stadium, Mohali",RJ Tucker,,2012-04-20,,B Vij,Royal Challengers Bengaluru,Chandigarh,6,,25.0,RS Mahanama,Punjab Kings,,,male,Royal Challengers Bengaluru,5.0,Royal Challengers Bengaluru,field,,JD Cloete,2012,S Ravi,Indian Premier League,,CH Gayle,548331
"MA Chidambaram Stadium, Chepauk",BNJ Oxenford,,2012-04-21,,K Srinath,Chennai Super Kings,Chennai,6,,26.0,J Srinath,Chennai Super Kings,,,male,Rajasthan Royals,7.0,Rajasthan Royals,bat,,AK Chaudhary,2012,Aleem Dar,Indian Premier League,,F du Plessis,548332
Feroz Shah Kotla,S Das,20.0,2012-04-21,,S Dua,Rising Pune Supergiant,Delhi,6,,27.0,GF Labrooy,Delhi Capitals,,,male,Rising Pune Supergiant,,Delhi Capitals,field,,S Asnani,2012,Asad Rauf,Indian Premier League,,SC Ganguly,548333
Wankhede Stadium,RJ Tucker,,2012-04-22,,PG Pathak,Punjab Kings,Mumbai,6,,28.0,Raju Mukherjee,Mumbai Indians,,,male,Punjab Kings,6.0,Mumbai Indians,bat,,JD Cloete,2012,S Ravi,Indian Premier League,,SE Marsh,548334
Barabati Stadium,SK Tarapore,,2012-04-22,,R Subramanian,Kolkata Knight Riders,Cuttack,6,,29.0,RS Mahanama,Sunrisers Hyderabad,,,male,Kolkata Knight Riders,5.0,Kolkata Knight Riders,field,,VA Kulkarni,2012,BF Bowden,Indian Premier League,,B Lee,548335
Sawai Mansingh Stadium,S Asnani,46.0,2012-04-23,,PK Khakhar,Royal Challengers Bengaluru,Jaipur,6,,30.0,RS Madugalle,Rajasthan Royals,,,male,Royal Challengers Bengaluru,,Rajasthan Royals,field,,S Das,2012,Asad Rauf,Indian Premier League,,AB de Villiers,548336
Subrata Roy Sahara Stadium,RJ Tucker,,2012-04-24,,SD Ranade,Delhi Capitals,Pune,6,,31.0,Raju Mukherjee,Rising Pune Supergiant,,,male,Delhi Capitals,8.0,Rising Pune Supergiant,bat,,JD Cloete,2012,S Ravi,Indian Premier League,,V Sehwag,548337
"Punjab Cricket Association Stadium, Mohali",BNJ Oxenford,,2012-04-25,,B Vij,Mumbai Indians,Chandigarh,6,,33.0,RS Mahanama,Punjab Kings,,,male,Mumbai Indians,4.0,Punjab Kings,bat,,AK Chaudhary,2012,Aleem Dar,Indian Premier League,,AT Rayudu,548339
Subrata Roy Sahara Stadium,RJ Tucker,18.0,2012-04-26,,SD Ranade,Sunrisers Hyderabad,Pune,6,,35.0,Raju Mukherjee,Rising Pune Supergiant,,,male,Sunrisers Hyderabad,,Sunrisers Hyderabad,bat,,JD Cloete,2012,S Ravi,Indian Premier League,,CL White,548341
Feroz Shah Kotla,BNJ Oxenford,37.0,2012-04-27,,S Dua,Delhi Capitals,Delhi,6,,36.0,J Srinath,Delhi Capitals,,,male,Mumbai Indians,,Mumbai Indians,field,,AK Chaudhary,2012,Aleem Dar,Indian Premier League,,V Sehwag,548342
"MA Chidambaram Stadium, Chepauk",SK Tarapore,7.0,2012-04-28,,K Srinivasan,Punjab Kings,Chennai,6,,37.0,RS Mahanama,Chennai Super Kings,,,male,Punjab Kings,,Punjab Kings,bat,,C Shamshuddin,2012,BF Bowden,Indian Premier League,,Mandeep Singh,548343
Eden Gardens,BR Doctrove,47.0,2012-04-28,,AS Pathania,Kolkata Knight Riders,Kolkata,6,,38.0,RR Jadeja,Kolkata Knight Riders,,,male,Royal Challengers Bengaluru,,Kolkata Knight Riders,bat,,S Asnani,2012,Asad Rauf,Indian Premier League,,G Gambhir,548344
Wankhede Stadium,BNJ Oxenford,,2012-04-29,,RM Deshpande,Mumbai Indians,Mumbai,6,,40.0,J Srinath,Mumbai Indians,,,male,Sunrisers Hyderabad,5.0,Mumbai Indians,field,,Aleem Dar,2012,AK Chaudhary,Indian Premier League,,DW Steyn,548346
Feroz Shah Kotla,RJ Tucker,1.0,2012-04-29,,R Risodkar,Delhi Capitals,Delhi,6,,39.0,Raju Mukherjee,Delhi Capitals,,,male,Rajasthan Royals,,Delhi Capitals,bat,,JD Cloete,2012,S Ravi,Indian Premier League,,V Sehwag,548345
"MA Chidambaram Stadium, Chepauk",C Shamshuddin,,2012-04-30,,K Srinivasan,Kolkata Knight Riders,Chennai,6,,41.0,RS Mahanama,Chennai Super Kings,,,male,Kolkata Knight Riders,5.0,Chennai Super Kings,bat,,SK Tarapore,2012,BF Bowden,Indian Premier League,,G Gambhir,548347
Barabati Stadium,AK Chaudhary,13.0,2012-05-01,,R Subramanian,Sunrisers Hyderabad,Cuttack,6,,42.0,AJ Pycroft,Sunrisers Hyderabad,,,male,Rising Pune Supergiant,,Sunrisers Hyderabad,bat,,BNJ Oxenford,2012,Aleem Dar,Indian Premier League,,KC Sangakkara,548348
Sawai Mansingh Stadium,SJA Taufel,,2012-05-01,,K Bharatan,Delhi Capitals,Jaipur,6,,43.0,Raju Mukherjee,Rajasthan Royals,,,male,Delhi Capitals,6.0,Rajasthan Royals,bat,,S Ravi,2012,JD Cloete,Indian Premier League,,P Negi,548349
M Chinnaswamy Stadium,C Shamshuddin,,2012-05-02,,CK Nandan,Punjab Kings,Bangalore,6,,44.0,RS Mahanama,Royal Challengers Bengaluru,,,male,Punjab Kings,4.0,Punjab Kings,field,,SK Tarapore,2012,BF Bowden,Indian Premier League,,Azhar Mahmood,548350
Subrata Roy Sahara Stadium,S Asnani,1.0,2012-05-03,,NA Patwardhan,Mumbai Indians,Pune,6,,45.0,AJ Pycroft,Rising Pune Supergiant,,,male,Mumbai Indians,,Mumbai Indians,bat,,BR Doctrove,2012,Asad Rauf,Indian Premier League,,SL Malinga,548351
"MA Chidambaram Stadium, Chepauk",BNJ Oxenford,10.0,2012-05-04,,K Srinivasan,Chennai Super Kings,Chennai,6,,46.0,RS Mahanama,Chennai Super Kings,,,male,Sunrisers Hyderabad,,Chennai Super Kings,bat,,Aleem Dar,2012,HDPK Dharmasena,Indian Premier League,,SK Raina,548352
Eden Gardens,SK Tarapore,7.0,2012-05-05,,AS Pathania,Kolkata Knight Riders,Kolkata,6,,47.0,J Srinath,Kolkata Knight Riders,,,male,Rising Pune Supergiant,,Kolkata Knight Riders,bat,,C Shamshuddin,2012,BF Bowden,Indian Premier League,,SP Narine,548353
"Punjab Cricket Association Stadium, Mohali",SJA Taufel,43.0,2012-05-05,,B Vij,Rajasthan Royals,Chandigarh,6,,48.0,AJ Pycroft,Punjab Kings,,,male,Rajasthan Royals,,Rajasthan Royals,bat,,S Ravi,2012,JD Cloete,Indian Premier League,,SR Watson,548354
Wankhede Stadium,S Asnani,,2012-05-06,,RM Deshpande,Mumbai Indians,Mumbai,6,,49.0,GF Labrooy,Mumbai Indians,,,male,Chennai Super Kings,2.0,Mumbai Indians,field,,BR Doctrove,2012,Asad Rauf,Indian Premier League,,DR Smith,548355
M Chinnaswamy Stadium,BNJ Oxenford,,2012-05-06,,CK Nandan,Royal Challengers Bengaluru,Bangalore,6,,50.0,RS Mahanama,Royal Challengers Bengaluru,,,male,Sunrisers Hyderabad,5.0,Royal Challengers Bengaluru,field,,Aleem Dar,2012,HDPK Dharmasena,Indian Premier League,,AB de Villiers,548356
Feroz Shah Kotla,S Ravi,,2012-05-07,,R Risodkar,Kolkata Knight Riders,Delhi,6,,51.0,AJ Pycroft,Delhi Capitals,,,male,Kolkata Knight Riders,6.0,Delhi Capitals,bat,,SJA Taufel,2012,JD Cloete,Indian Premier League,,JH Kallis,548357
Subrata Roy Sahara Stadium,BR Doctrove,,2012-05-08,,NA Patwardhan,Rajasthan Royals,Pune,6,,52.0,GF Labrooy,Rising Pune Supergiant,,,male,Rajasthan Royals,7.0,Rising Pune Supergiant,bat,,S Asnani,2012,Asad Rauf,Indian Premier League,,SR Watson,548358
"Rajiv Gandhi International Stadium, Uppal",BNJ Oxenford,25.0,2012-05-08,,KN Ananthapadmanabhan,Punjab Kings,Hyderabad,6,,53.0,J Srinath,Sunrisers Hyderabad,,,male,Punjab Kings,,Sunrisers Hyderabad,field,,C Shamshuddin,2012,HDPK Dharmasena,Indian Premier League,,Mandeep Singh,548359
Wankhede Stadium,VA Kulkarni,,2012-05-09,,RM Deshpande,Royal Challengers Bengaluru,Mumbai,6,,54.0,RS Madugalle,Mumbai Indians,,,male,Royal Challengers Bengaluru,9.0,Royal Challengers Bengaluru,field,,SK Tarapore,2012,BF Bowden,Indian Premier League,,CH Gayle,548360
"Rajiv Gandhi International Stadium, Uppal",SJA Taufel,,2012-05-10,,KN Ananthapadmanabhan,Delhi Capitals,Hyderabad,6,,55.0,J Srinath,Sunrisers Hyderabad,,,male,Delhi Capitals,9.0,Sunrisers Hyderabad,bat,,S Ravi,2012,JD Cloete,Indian Premier League,,DA Warner,548329
Sawai Mansingh Stadium,C Shamshuddin,,2012-05-10,,K Bharatan,Chennai Super Kings,Jaipur,6,,56.0,AJ Pycroft,Rajasthan Royals,,,male,Chennai Super Kings,4.0,Chennai Super Kings,field,,HDPK Dharmasena,2012,BNJ Oxenford,Indian Premier League,,BW Hilfenhaus,548361
Subrata Roy Sahara Stadium,SK Tarapore,35.0,2012-05-11,,NA Patwardhan,Royal Challengers Bengaluru,Pune,6,,57.0,RS Madugalle,Rising Pune Supergiant,,,male,Royal Challengers Bengaluru,,Rising Pune Supergiant,field,,VA Kulkarni,2012,BF Bowden,Indian Premier League,,CH Gayle,548362
Eden Gardens,SJA Taufel,27.0,2012-05-12,,AS Pathania,Mumbai Indians,Kolkata,6,,58.0,J Srinath,Kolkata Knight Riders,,,male,Mumbai Indians,,Mumbai Indians,bat,,JD Cloete,2012,S Ravi,Indian Premier League,,RG Sharma,548363
"MA Chidambaram Stadium, Chepauk",BR Doctrove,,2012-05-12,,K Srinivasan,Chennai Super Kings,Chennai,6,,59.0,GF Labrooy,Chennai Super Kings,,,male,Delhi Capitals,9.0,Chennai Super Kings,field,,S Asnani,2012,S Das,Indian Premier League,,BW Hilfenhaus,548364
Sawai Mansingh Stadium,SK Tarapore,45.0,2012-05-13,,K Bharatan,Rajasthan Royals,Jaipur,6,,60.0,RS Madugalle,Rajasthan Royals,,,male,Rising Pune Supergiant,,Rajasthan Royals,bat,,VA Kulkarni,2012,BF Bowden,Indian Premier League,,A Chandila,548365
"Punjab Cricket Association Stadium, Mohali",BNJ Oxenford,,2012-05-13,,B Vij,Punjab Kings,Chandigarh,6,,61.0,AJ Pycroft,Punjab Kings,,,male,Sunrisers Hyderabad,4.0,Sunrisers Hyderabad,bat,,C Shamshuddin,2012,HDPK Dharmasena,Indian Premier League,,DJ Hussey,548366
M Chinnaswamy Stadium,BR Doctrove,,2012-05-14,,CK Nandan,Mumbai Indians,Bangalore,6,,62.0,GF Labrooy,Royal Challengers Bengaluru,,,male,Mumbai Indians,5.0,Mumbai Indians,field,,S Asnani,2012,S Das,Indian Premier League,,AT Rayudu,548367
Eden Gardens,SJA Taufel,,2012-05-14,,AS Pathania,Chennai Super Kings,Kolkata,6,,63.0,Raju Mukherjee,Kolkata Knight Riders,,,male,Chennai Super Kings,5.0,Chennai Super Kings,field,,S Ravi,2012,JD Cloete,Indian Premier League,,MEK Hussey,548368
Feroz Shah Kotla,BNJ Oxenford,,2012-05-15,,R Risodkar,Delhi Capitals,Delhi,6,,64.0,AJ Pycroft,Delhi Capitals,,,male,Punjab Kings,5.0,Punjab Kings,bat,,C Shamshuddin,2012,HDPK Dharmasena,Indian Premier League,,UT Yadav,548369
Wankhede Stadium,BR Doctrove,32.0,2012-05-16,,RM Deshpande,Kolkata Knight Riders,Mumbai,6,,65.0,GF Labrooy,Mumbai Indians,,,male,Kolkata Knight Riders,,Mumbai Indians,field,,S Asnani,2012,S Das,Indian Premier League,,SP Narine,548370
Feroz Shah Kotla,C Shamshuddin,21.0,2012-05-17,,R Risodkar,Royal Challengers Bengaluru,Delhi,6,,67.0,AJ Pycroft,Delhi Capitals,,,male,Royal Challengers Bengaluru,,Delhi Capitals,field,,BNJ Oxenford,2012,HDPK Dharmasena,Indian Premier League,,CH Gayle,548372
Himachal Pradesh Cricket Association Stadium,SK Tarapore,,2012-05-17,,VK Sharma,Punjab Kings,Dharamsala,6,,66.0,RS Madugalle,Punjab Kings,,,male,Chennai Super Kings,6.0,Punjab Kings,field,,BF Bowden,2012,VA Kulkarni,Indian Premier League,,AC Gilchrist,548371
"Rajiv Gandhi International Stadium, Uppal",SJA Taufel,,2012-05-18,,KN Ananthapadmanabhan,Sunrisers Hyderabad,Hyderabad,6,,68.0,J Srinath,Sunrisers Hyderabad,,,male,Rajasthan Royals,5.0,Rajasthan Royals,bat,,JD Cloete,2012,S Ravi,Indian Premier League,,DW Steyn,548373
Himachal Pradesh Cricket Association Stadium,VA Kulkarni,,2012-05-19,,VK Sharma,Delhi Capitals,Dharamsala,6,,69.0,RS Madugalle,Punjab Kings,,,male,Delhi Capitals,6.0,Delhi Capitals,field,,SK Tarapore,2012,BF Bowden,Indian Premier League,,UT Yadav,548374
Subrata Roy Sahara Stadium,BR Doctrove,34.0,2012-05-19,,NA Patwardhan,Kolkata Knight Riders,Pune,6,,70.0,GF Labrooy,Rising Pune Supergiant,,,male,Kolkata Knight Riders,,Kolkata Knight Riders,bat,,S Das,2012,S Asnani,Indian Premier League,,Shakib Al Hasan,548375
"Rajiv Gandhi International Stadium, Uppal",SJA Taufel,9.0,2012-05-20,,KN Ananthapadmanabhan,Sunrisers Hyderabad,Hyderabad,6,,71.0,AJ Pycroft,Sunrisers Hyderabad,,,male,Royal Challengers Bengaluru,,Royal Challengers Bengaluru,field,,JD Cloete,2012,S Ravi,Indian Premier League,,DW Steyn,548376
Sawai Mansingh Stadium,C Shamshuddin,,2012-05-20,,K Bharatan,Mumbai Indians,Jaipur,6,,72.0,Raju Mukherjee,Rajasthan Royals,,,male,Mumbai Indians,10.0,Rajasthan Royals,bat,,BNJ Oxenford,2012,HDPK Dharmasena,Indian Premier League,,DR Smith,548377
Subrata Roy Sahara Stadium,SJA Taufel,18.0,2012-05-22,,NA Patwardhan,Kolkata Knight Riders,Pune,6,,,AJ Pycroft,Delhi Capitals,,,male,Kolkata Knight Riders,,Kolkata Knight Riders,bat,,HDPK Dharmasena,2012,BR Doctrove,Indian Premier League,,YK Pathan,548378
M Chinnaswamy Stadium,HDPK Dharmasena,38.0,2012-05-23,,CK Nandan,Chennai Super Kings,Bangalore,6,,,RS Madugalle,Chennai Super Kings,,,male,Mumbai Indians,,Mumbai Indians,field,,SJA Taufel,2012,BF Bowden,Indian Premier League,,MS Dhoni,548379
"MA Chidambaram Stadium, Chepauk",SJA Taufel,86.0,2012-05-25,,K Srinath,Chennai Super Kings,Chennai,6,,,RS Madugalle,Delhi Capitals,,,male,Chennai Super Kings,,Delhi Capitals,field,,BF Bowden,2012,BR Doctrove,Indian Premier League,,M Vijay,548380
"MA Chidambaram Stadium, Chepauk",SJA Taufel,,2012-05-27,,K Srinivasan,Kolkata Knight Riders,Chennai,6,,,RS Madugalle,Kolkata Knight Riders,,,male,Chennai Super Kings,5.0,Chennai Super Kings,bat,,BR Doctrove,2012,BF Bowden,Indian Premier League,,MS Bisla,548381
Eden Gardens,SJA Taufel,,2013-04-03,,AS Pathania,Kolkata Knight Riders,Kolkata,6,,1.0,DC Boon,Kolkata Knight Riders,,,male,Delhi Capitals,6.0,Kolkata Knight Riders,field,,S Asnani,2013,S Ravi,Indian Premier League,,SP Narine,597998
M Chinnaswamy Stadium,C Shamshuddin,2.0,2013-04-04,,KN Ananthapadmanabhan,Royal Challengers Bengaluru,Bangalore,6,,2.0,AJ Pycroft,Royal Challengers Bengaluru,,,male,Mumbai Indians,,Mumbai Indians,field,,K Srinath,2013,VA Kulkarni,Indian Premier League,,CH Gayle,597999
"Rajiv Gandhi International Stadium, Uppal",SJA Taufel,22.0,2013-04-05,,A Nand Kishore,Sunrisers Hyderabad,Hyderabad,6,,3.0,DC Boon,Sunrisers Hyderabad,,,male,Rising Pune Supergiant,,Rising Pune Supergiant,field,,CK Nandan,2013,S Ravi,Indian Premier League,,A Mishra,598000
Feroz Shah Kotla,C Shamshuddin,5.0,2013-04-06,,K Bharatan,Rajasthan Royals,Delhi,6,,4.0,AJ Pycroft,Delhi Capitals,,,male,Rajasthan Royals,,Rajasthan Royals,bat,,AK Chaudhary,2013,S Das,Indian Premier League,,R Dravid,598001
"MA Chidambaram Stadium, Chepauk",VA Kulkarni,9.0,2013-04-06,,K Srinivasan,Mumbai Indians,Chennai,6,,5.0,J Srinath,Chennai Super Kings,,,male,Mumbai Indians,,Mumbai Indians,bat,,K Srinath,2013,M Erasmus,Indian Premier League,,KA Pollard,598002
Subrata Roy Sahara Stadium,SJA Taufel,,2013-04-07,,PG Pathak,Punjab Kings,Pune,6,,6.0,RS Madugalle,Rising Pune Supergiant,,,male,Punjab Kings,8.0,Rising Pune Supergiant,bat,,CK Nandan,2013,S Asnani,Indian Premier League,,M Vohra,598003
"Rajiv Gandhi International Stadium, Uppal",S Ravi,,2013-04-07,,A Nand Kishore,,Hyderabad,6,tie,7.0,DC Boon,Sunrisers Hyderabad,Sunrisers Hyderabad,,male,Royal Challengers Bengaluru,,Royal Challengers Bengaluru,bat,,K Srinath,2013,AK Chaudhary,Indian Premier League,,GH Vihari,598004
Sawai Mansingh Stadium,S Das,19.0,2013-04-08,,Tapan Sharma,Rajasthan Royals,Jaipur,6,,8.0,AJ Pycroft,Rajasthan Royals,,,male,Kolkata Knight Riders,,Kolkata Knight Riders,field,,C Shamshuddin,2013,Aleem Dar,Indian Premier League,,SK Trivedi,598005
M Chinnaswamy Stadium,SJA Taufel,,2013-04-09,,KN Ananthapadmanabhan,Royal Challengers Bengaluru,Bangalore,6,,9.0,DC Boon,Royal Challengers Bengaluru,,,male,Sunrisers Hyderabad,7.0,Sunrisers Hyderabad,bat,,CK Nandan,2013,S Ravi,Indian Premier League,,V Kohli,598048
Wankhede Stadium,VA Kulkarni,44.0,2013-04-09,,RM Deshpande,Mumbai Indians,Mumbai,6,,10.0,RS Madugalle,Mumbai Indians,,,male,Delhi Capitals,,Mumbai Indians,bat,,S Asnani,2013,M Erasmus,Indian Premier League,,KD Karthik,598006
"Punjab Cricket Association Stadium, Mohali",C Shamshuddin,,2013-04-10,,Nitin Menon,Chennai Super Kings,Chandigarh,6,,11.0,AJ Pycroft,Punjab Kings,,,male,Chennai Super Kings,10.0,Chennai Super Kings,field,,S Das,2013,Aleem Dar,Indian Premier League,,MEK Hussey,598007
M Chinnaswamy Stadium,AK Chaudhary,,2013-04-11,,KN Ananthapadmanabhan,Royal Challengers Bengaluru,Bangalore,6,,12.0,DC Boon,Royal Challengers Bengaluru,,,male,Kolkata Knight Riders,8.0,Royal Challengers Bengaluru,field,,S Asnani,2013,Asad Rauf,Indian Premier League,,CH Gayle,598008
Subrata Roy Sahara Stadium,K Srinath,,2013-04-11,,PG Pathak,Rising Pune Supergiant,Pune,6,,13.0,RS Madugalle,Rising Pune Supergiant,,,male,Rajasthan Royals,7.0,Rajasthan Royals,bat,,VA Kulkarni,2013,M Erasmus,Indian Premier League,,AJ Finch,598009
Feroz Shah Kotla,Subroto Das,,2013-04-12,,K Bharatan,Sunrisers Hyderabad,Delhi,6,,14.0,AJ Pycroft,Delhi Capitals,,,male,Sunrisers Hyderabad,3.0,Delhi Capitals,bat,,C Shamshuddin,2013,Aleem Dar,Indian Premier League,,A Mishra,598010
Wankhede Stadium,SJA Taufel,41.0,2013-04-13,,RM Deshpande,Mumbai Indians,Mumbai,6,,15.0,DC Boon,Mumbai Indians,,,male,Rising Pune Supergiant,,Mumbai Indians,bat,,CK Nandan,2013,S Ravi,Indian Premier League,,RG Sharma,598011
"MA Chidambaram Stadium, Chepauk",AK Chaudhary,,2013-04-13,,K Srinivasan,Chennai Super Kings,Chennai,6,,16.0,J Srinath,Chennai Super Kings,,,male,Royal Challengers Bengaluru,4.0,Chennai Super Kings,field,,S Asnani,2013,Asad Rauf,Indian Premier League,,RA Jadeja,598012
Sawai Mansingh Stadium,C Shamshuddin,,2013-04-14,,Tapan Sharma,Rajasthan Royals,Jaipur,6,,18.0,AJ Pycroft,Rajasthan Royals,,,male,Punjab Kings,6.0,Rajasthan Royals,field,,S Das,2013,Aleem Dar,Indian Premier League,,JP Faulkner,598014
Eden Gardens,VA Kulkarni,48.0,2013-04-14,,AS Pathania,Kolkata Knight Riders,Kolkata,6,,17.0,RS Madugalle,Kolkata Knight Riders,,,male,Sunrisers Hyderabad,,Kolkata Knight Riders,bat,,K Srinath,2013,M Erasmus,Indian Premier League,,G Gambhir,598013
"MA Chidambaram Stadium, Chepauk",AK Chaudhary,24.0,2013-04-15,,K Srinivasan,Rising Pune Supergiant,Chennai,6,,19.0,RR Jadeja,Chennai Super Kings,,,male,Rising Pune Supergiant,,Rising Pune Supergiant,bat,,S Asnani,2013,Asad Rauf,Indian Premier League,,SPD Smith,598015
M Chinnaswamy Stadium,VA Kulkarni,,2013-04-16,,KN Ananthapadmanabhan,,Bangalore,6,tie,21.0,RS Madugalle,Royal Challengers Bengaluru,Royal Challengers Bangalore,,male,Delhi Capitals,,Royal Challengers Bengaluru,field,,K Srinath,2013,M Erasmus,Indian Premier League,,V Kohli,598017
"Punjab Cricket Association Stadium, Mohali",SJA Taufel,4.0,2013-04-16,,,Punjab Kings,Chandigarh,6,,20.0,RS Mahanama,Punjab Kings,,,male,Kolkata Knight Riders,,Kolkata Knight Riders,field,,HDPK Dharmasena,2013,CK Nandan,Indian Premier League,,MS Gony,598016
Maharashtra Cricket Association Stadium,AK Chaudhary,11.0,2013-04-17,,PG Pathak,Sunrisers Hyderabad,Pune,6,,22.0,J Srinath,Rising Pune Supergiant,,,male,Sunrisers Hyderabad,,Rising Pune Supergiant,field,,S Asnani,2013,Asad Rauf,Indian Premier League,,A Mishra,598018
Sawai Mansingh Stadium,C Shamshuddin,87.0,2013-04-17,,Tapan Sharma,Rajasthan Royals,Jaipur,6,,23.0,AJ Pycroft,Rajasthan Royals,,,male,Mumbai Indians,,Rajasthan Royals,bat,,S Das,2013,Aleem Dar,Indian Premier League,,AM Rahane,598019
Feroz Shah Kotla,VA Kulkarni,86.0,2013-04-18,,K Bharatan,Chennai Super Kings,Delhi,6,,24.0,RS Madugalle,Delhi Capitals,,,male,Chennai Super Kings,,Chennai Super Kings,bat,,K Srinath,2013,M Erasmus,Indian Premier League,,MEK Hussey,598020
"Rajiv Gandhi International Stadium, Uppal",CK Nandan,,2013-04-19,,A Nand Kishore,Sunrisers Hyderabad,Hyderabad,6,,25.0,RS Mahanama,Sunrisers Hyderabad,,,male,Punjab Kings,5.0,Punjab Kings,bat,,,2013,HDPK Dharmasena,Indian Premier League,,GH Vihari,598021
Eden Gardens,AK Chaudhary,,2013-04-20,,AS Pathania,Chennai Super Kings,Kolkata,6,,26.0,Raju Mukherjee,Kolkata Knight Riders,,,male,Chennai Super Kings,4.0,Kolkata Knight Riders,bat,,S Asnani,2013,Asad Rauf,Indian Premier League,,RA Jadeja,598022
M Chinnaswamy Stadium,C Shamshuddin,,2013-04-20,,KN Ananthapadmanabhan,Royal Challengers Bengaluru,Bangalore,6,,27.0,AJ Pycroft,Royal Challengers Bengaluru,,,male,Rajasthan Royals,7.0,Royal Challengers Bengaluru,field,,S Das,2013,Aleem Dar,Indian Premier League,,R Vinay Kumar,598023
Feroz Shah Kotla,S Ravi,,2013-04-21,,K Bharatan,Delhi Capitals,Delhi,6,,28.0,RS Mahanama,Delhi Capitals,,,male,Mumbai Indians,9.0,Mumbai Indians,bat,,CK Nandan,2013,HDPK Dharmasena,Indian Premier League,,V Sehwag,598024
"Punjab Cricket Association Stadium, Mohali",K Srinath,,2013-04-21,,Nitin Menon,Punjab Kings,Chandigarh,6,,29.0,RS Madugalle,Punjab Kings,,,male,Rising Pune Supergiant,7.0,Punjab Kings,field,,VA Kulkarni,2013,M Erasmus,Indian Premier League,,DA Miller,598025
"MA Chidambaram Stadium, Chepauk",AK Chaudhary,,2013-04-22,,K Srinivasan,Chennai Super Kings,Chennai,6,,30.0,RR Jadeja,Chennai Super Kings,,,male,Rajasthan Royals,5.0,Rajasthan Royals,bat,,Asad Rauf,2013,S Asnani,Indian Premier League,,MEK Hussey,598026
M Chinnaswamy Stadium,C Shamshuddin,130.0,2013-04-23,,KN Ananthapadmanabhan,Royal Challengers Bengaluru,Bangalore,6,,31.0,AJ Pycroft,Royal Challengers Bengaluru,,,male,Rising Pune Supergiant,,Rising Pune Supergiant,field,,S Das,2013,Aleem Dar,Indian Premier League,,CH Gayle,598027
Feroz Shah Kotla,K Srinath,,2013-04-23,,K Bharatan,Punjab Kings,Delhi,6,,32.0,RS Madugalle,Delhi Capitals,,,male,Punjab Kings,5.0,Punjab Kings,field,,M Erasmus,2013,VA Kulkarni,Indian Premier League,,Harmeet Singh,598059
Eden Gardens,S Ravi,,2013-04-24,,AS Pathania,Mumbai Indians,Kolkata,6,,33.0,RS Mahanama,Kolkata Knight Riders,,,male,Mumbai Indians,5.0,Kolkata Knight Riders,bat,,CK Nandan,2013,HDPK Dharmasena,Indian Premier League,,DR Smith,598029
"MA Chidambaram Stadium, Chepauk",S Das,,2013-04-25,,K Srinivasan,Chennai Super Kings,Chennai,6,,34.0,AJ Pycroft,Chennai Super Kings,,,male,Sunrisers Hyderabad,5.0,Sunrisers Hyderabad,bat,,C Shamshuddin,2013,Aleem Dar,Indian Premier League,,MS Dhoni,598030
Eden Gardens,S Ravi,,2013-04-26,,AS Pathania,Kolkata Knight Riders,Kolkata,6,,35.0,RS Mahanama,Kolkata Knight Riders,,,male,Punjab Kings,6.0,Punjab Kings,bat,,HDPK Dharmasena,2013,CK Nandan,Indian Premier League,,JH Kallis,598031
Wankhede Stadium,S Asnani,58.0,2013-04-27,,RM Deshpande,Mumbai Indians,Mumbai,6,,37.0,J Srinath,Mumbai Indians,,,male,Royal Challengers Bengaluru,,Mumbai Indians,bat,,AK Chaudhary,2013,Asad Rauf,Indian Premier League,,DR Smith,598033
Sawai Mansingh Stadium,K Srinath,,2013-04-27,,Tapan Sharma,Rajasthan Royals,Jaipur,6,,36.0,RS Madugalle,Rajasthan Royals,,,male,Sunrisers Hyderabad,8.0,Sunrisers Hyderabad,bat,,M Erasmus,2013,VA Kulkarni,Indian Premier League,,JP Faulkner,598032
"MA Chidambaram Stadium, Chepauk",SJA Taufel,14.0,2013-04-28,,K Srinivasan,Chennai Super Kings,Chennai,6,,38.0,AJ Pycroft,Chennai Super Kings,,,male,Kolkata Knight Riders,,Kolkata Knight Riders,field,,C Shamshuddin,2013,Aleem Dar,Indian Premier League,,MEK Hussey,598034
Shaheed Veer Narayan Singh International Stadium,S Ravi,15.0,2013-04-28,,VK Sharma,Delhi Capitals,Raipur,6,,39.0,RS Mahanama,Delhi Capitals,,,male,Rising Pune Supergiant,,Rising Pune Supergiant,field,,HDPK Dharmasena,2013,CK Nandan,Indian Premier League,,DA Warner,598035
Sawai Mansingh Stadium,K Srinath,,2013-04-29,,Tapan Sharma,Rajasthan Royals,Jaipur,6,,40.0,RS Madugalle,Rajasthan Royals,,,male,Royal Challengers Bengaluru,4.0,Rajasthan Royals,field,,VA Kulkarni,2013,M Erasmus,Indian Premier League,,SV Samson,598036
Wankhede Stadium,AK Chaudhary,4.0,2013-04-29,,RM Deshpande,Mumbai Indians,Mumbai,6,,41.0,J Srinath,Mumbai Indians,,,male,Punjab Kings,,Mumbai Indians,bat,,S Asnani,2013,Asad Rauf,Indian Premier League,,RG Sharma,598037
Subrata Roy Sahara Stadium,SJA Taufel,37.0,2013-04-30,,PG Pathak,Chennai Super Kings,Pune,6,,42.0,AJ Pycroft,Rising Pune Supergiant,,,male,Chennai Super Kings,,Chennai Super Kings,bat,,Aleem Dar,2013,S Das,Indian Premier League,,MS Dhoni,598038
"Rajiv Gandhi International Stadium, Uppal",S Asnani,,2013-05-01,,A Nand Kishore,Sunrisers Hyderabad,Hyderabad,6,,43.0,J Srinath,Sunrisers Hyderabad,,,male,Mumbai Indians,7.0,Mumbai Indians,bat,,AK Chaudhary,2013,Asad Rauf,Indian Premier League,,I Sharma,598039
Shaheed Veer Narayan Singh International Stadium,CK Nandan,,2013-05-01,,VK Sharma,Delhi Capitals,Raipur,6,,44.0,RS Mahanama,Delhi Capitals,,,male,Kolkata Knight Riders,7.0,Kolkata Knight Riders,bat,,S Ravi,2013,HDPK Dharmasena,Indian Premier League,,DA Warner,598040
"MA Chidambaram Stadium, Chepauk",VA Kulkarni,15.0,2013-05-02,,K Srinivasan,Chennai Super Kings,Chennai,6,,45.0,Raju Mukherjee,Chennai Super Kings,,,male,Punjab Kings,,Chennai Super Kings,bat,,NJ Llong,2013,M Erasmus,Indian Premier League,,SK Raina,598041
Subrata Roy Sahara Stadium,C Shamshuddin,17.0,2013-05-02,,PG Pathak,Royal Challengers Bengaluru,Pune,6,,46.0,AJ Pycroft,Rising Pune Supergiant,,,male,Royal Challengers Bengaluru,,Royal Challengers Bengaluru,bat,,Subroto Das,2013,Aleem Dar,Indian Premier League,,AB de Villiers,598042
Eden Gardens,CK Nandan,,2013-05-03,,AS Pathania,Kolkata Knight Riders,Kolkata,6,,47.0,RS Mahanama,Kolkata Knight Riders,,,male,Rajasthan Royals,8.0,Rajasthan Royals,bat,,S Ravi,2013,HDPK Dharmasena,Indian Premier League,,YK Pathan,598043
"Rajiv Gandhi International Stadium, Uppal",S Asnani,,2013-05-04,,A Nand Kishore,Sunrisers Hyderabad,Hyderabad,6,,48.0,J Srinath,Sunrisers Hyderabad,,,male,Delhi Capitals,6.0,Delhi Capitals,bat,,AK Chaudhary,2013,Asad Rauf,Indian Premier League,,DJG Sammy,598044
Wankhede Stadium,CK Nandan,60.0,2013-05-05,,RM Deshpande,Mumbai Indians,Mumbai,6,,49.0,RS Mahanama,Mumbai Indians,,,male,Chennai Super Kings,,Mumbai Indians,bat,,S Ravi,2013,HDPK Dharmasena,Indian Premier League,,MG Johnson,598046
Sawai Mansingh Stadium,RJ Tucker,,2013-05-05,,Tapan Sharma,Rajasthan Royals,Jaipur,6,,50.0,AJ Pycroft,Rajasthan Royals,,,male,Rising Pune Supergiant,5.0,Rising Pune Supergiant,bat,,Aleem Dar,2013,C Shamshuddin,Indian Premier League,,AM Rahane,598047
"Punjab Cricket Association Stadium, Mohali",NJ Llong,,2013-05-06,,Nitin Menon,Punjab Kings,Chandigarh,6,,51.0,RR Jadeja,Punjab Kings,,,male,Royal Challengers Bengaluru,6.0,Punjab Kings,field,,K Srinath,2013,VA Kulkarni,Indian Premier League,,DA Miller,598064
Sawai Mansingh Stadium,RJ Tucker,,2013-05-07,,Tapan Sharma,Rajasthan Royals,Jaipur,6,,52.0,AJ Pycroft,Rajasthan Royals,,,male,Delhi Capitals,9.0,Delhi Capitals,bat,,C Shamshuddin,2013,Aleem Dar,Indian Premier League,,AM Rahane,598049
Wankhede Stadium,S Ravi,65.0,2013-05-07,,RM Deshpande,Mumbai Indians,Mumbai,6,,53.0,RS Mahanama,Mumbai Indians,,,male,Kolkata Knight Riders,,Mumbai Indians,bat,,CK Nandan,2013,HDPK Dharmasena,Indian Premier League,,SR Tendulkar,598050
"Rajiv Gandhi International Stadium, Uppal",NJ Llong,77.0,2013-05-08,,A Nand Kishore,Chennai Super Kings,Hyderabad,6,,54.0,Raju Mukherjee,Sunrisers Hyderabad,,,male,Chennai Super Kings,,Sunrisers Hyderabad,field,,K Srinath,2013,S Das,Indian Premier League,,SK Raina,598051
"Punjab Cricket Association Stadium, Mohali",S Ravi,,2013-05-09,,Nitin Menon,Rajasthan Royals,Chandigarh,6,,55.0,RS Mahanama,Punjab Kings,,,male,Rajasthan Royals,8.0,Rajasthan Royals,field,,CK Nandan,2013,HDPK Dharmasena,Indian Premier League,,KK Cooper,598052
Subrata Roy Sahara Stadium,S Asnani,46.0,2013-05-09,,PG Pathak,Kolkata Knight Riders,Pune,6,,56.0,J Srinath,Rising Pune Supergiant,,,male,Kolkata Knight Riders,,Kolkata Knight Riders,bat,,SJA Taufel,2013,Asad Rauf,Indian Premier League,,G Gambhir,598053
Feroz Shah Kotla,K Srinath,4.0,2013-05-10,,K Bharatan,Royal Challengers Bengaluru,Delhi,6,,57.0,RS Madugalle,Delhi Capitals,,,male,Royal Challengers Bengaluru,,Delhi Capitals,field,,VA Kulkarni,2013,NJ Llong,Indian Premier League,,JD Unadkat,598054
Subrata Roy Sahara Stadium,AK Chaudhary,,2013-05-11,,RM Deshpande,Mumbai Indians,Pune,6,,58.0,J Srinath,Rising Pune Supergiant,,,male,Mumbai Indians,5.0,Rising Pune Supergiant,bat,,S Asnani,2013,Asad Rauf,Indian Premier League,,MG Johnson,598055
"Punjab Cricket Association Stadium, Mohali",RJ Tucker,30.0,2013-05-11,,Nitin Menon,Sunrisers Hyderabad,Chandigarh,6,,59.0,AJ Pycroft,Punjab Kings,,,male,Sunrisers Hyderabad,,Punjab Kings,field,,C Shamshuddin,2013,S Das,Indian Premier League,,PA Patel,598056
Sawai Mansingh Stadium,CK Nandan,,2013-05-12,,Tapan Sharma,Rajasthan Royals,Jaipur,6,,61.0,RS Mahanama,Rajasthan Royals,,,male,Chennai Super Kings,5.0,Rajasthan Royals,field,,S Ravi,2013,HDPK Dharmasena,Indian Premier League,,SR Watson,598058
JSCA International Stadium Complex,K Srinath,,2013-05-12,,PK Khakhar,Kolkata Knight Riders,Ranchi,6,,60.0,RS Madugalle,Kolkata Knight Riders,,,male,Royal Challengers Bengaluru,5.0,Kolkata Knight Riders,field,,VA Kulkarni,2013,NJ Llong,Indian Premier League,,JH Kallis,598057
Wankhede Stadium,SJA Taufel,,2013-05-13,,RM Deshpande,Mumbai Indians,Mumbai,6,,62.0,RR Jadeja,Mumbai Indians,,,male,Sunrisers Hyderabad,7.0,Sunrisers Hyderabad,bat,,Asad Rauf,2013,AK Chaudhary,Indian Premier League,,KA Pollard,598060
"MA Chidambaram Stadium, Chepauk",RJ Tucker,33.0,2013-05-14,,K Srinivasan,Chennai Super Kings,Chennai,6,,64.0,AJ Pycroft,Chennai Super Kings,,,male,Delhi Capitals,,Chennai Super Kings,bat,,S Das,2013,C Shamshuddin,Indian Premier League,,MS Dhoni,598062
M Chinnaswamy Stadium,S Ravi,,2013-05-14,,KN Ananthapadmanabhan,Punjab Kings,Bangalore,6,,63.0,RS Mahanama,Royal Challengers Bengaluru,,,male,Punjab Kings,7.0,Punjab Kings,field,,CK Nandan,2013,HDPK Dharmasena,Indian Premier League,,AC Gilchrist,598045
JSCA International Stadium Complex,K Srinath,7.0,2013-05-15,,PK Khakhar,Rising Pune Supergiant,Ranchi,6,,65.0,RS Madugalle,Kolkata Knight Riders,,,male,Rising Pune Supergiant,,Kolkata Knight Riders,field,,VA Kulkarni,2013,NJ Llong,Indian Premier League,,MK Pandey,598061
Wankhede Stadium,S Asnani,14.0,2013-05-15,,PG Pathak,Mumbai Indians,Mumbai,6,,66.0,RR Jadeja,Mumbai Indians,,,male,Rajasthan Royals,,Rajasthan Royals,field,,AK Chaudhary,2013,Asad Rauf,Indian Premier League,,AP Tare,598063
Himachal Pradesh Cricket Association Stadium,S Ravi,7.0,2013-05-16,,Nitin Menon,Punjab Kings,Dharamsala,6,,67.0,RS Mahanama,Punjab Kings,,,male,Delhi Capitals,,Delhi Capitals,field,,CK Nandan,2013,HDPK Dharmasena,Indian Premier League,,DA Miller,598028
"Rajiv Gandhi International Stadium, Uppal",AK Chaudhary,23.0,2013-05-17,,A Nand Kishore,Sunrisers Hyderabad,Hyderabad,6,,68.0,J Srinath,Sunrisers Hyderabad,,,male,Rajasthan Royals,,Sunrisers Hyderabad,bat,,S Asnani,2013,Asad Rauf,Indian Premier League,,A Mishra,598065
Himachal Pradesh Cricket Association Stadium,CK Nandan,50.0,2013-05-18,,,Punjab Kings,Dharamsala,6,,69.0,RS Mahanama,Punjab Kings,,,male,Mumbai Indians,,Mumbai Indians,field,,S Ravi,2013,HDPK Dharmasena,Indian Premier League,,Azhar Mahmood,598066
M Chinnaswamy Stadium,RJ Tucker,24.0,2013-05-18,,KN Ananthapadmanabhan,Royal Challengers Bengaluru,Bangalore,6,,70.0,AJ Pycroft,Royal Challengers Bengaluru,,,male,Chennai Super Kings,,Chennai Super Kings,field,,S Das,2013,C Shamshuddin,Indian Premier League,,V Kohli,598068
"Rajiv Gandhi International Stadium, Uppal",S Asnani,,2013-05-19,,A Nand Kishore,Sunrisers Hyderabad,Hyderabad,6,,72.0,Raju Mukherjee,Sunrisers Hyderabad,,,male,Kolkata Knight Riders,5.0,Kolkata Knight Riders,bat,,AK Chaudhary,2013,Asad Rauf,Indian Premier League,,PA Patel,598069
Subrata Roy Sahara Stadium,SJA Taufel,38.0,2013-05-19,,PG Pathak,Rising Pune Supergiant,Pune,6,,71.0,RS Madugalle,Rising Pune Supergiant,,,male,Delhi Capitals,,Rising Pune Supergiant,bat,,VA Kulkarni,2013,NJ Llong,Indian Premier League,,LJ Wright,598067
Feroz Shah Kotla,RJ Tucker,48.0,2013-05-21,,CK Nandan,Chennai Super Kings,Delhi,6,,,RS Mahanama,Chennai Super Kings,,,male,Mumbai Indians,,Chennai Super Kings,bat,,S Ravi,2013,NJ Llong,Indian Premier League,,MEK Hussey,598070
Feroz Shah Kotla,RJ Tucker,,2013-05-22,,CK Nandan,Rajasthan Royals,Delhi,6,,,RS Mahanama,Rajasthan Royals,,,male,Sunrisers Hyderabad,4.0,Sunrisers Hyderabad,bat,,NJ Llong,2013,S Ravi,Indian Premier League,,BJ Hodge,598071
Eden Gardens,SJA Taufel,,2013-05-24,,K Srinath,Mumbai Indians,Kolkata,6,,,RS Madugalle,Mumbai Indians,,,male,Rajasthan Royals,4.0,Rajasthan Royals,bat,,HDPK Dharmasena,2013,C Shamshuddin,Indian Premier League,,Harbhajan Singh,598072
Eden Gardens,SJA Taufel,23.0,2013-05-26,,K Srinath,Mumbai Indians,Kolkata,6,,,RS Madugalle,Chennai Super Kings,,,male,Mumbai Indians,,Mumbai Indians,bat,,C Shamshuddin,2013,HDPK Dharmasena,Indian Premier League,,KA Pollard,598073
Sheikh Zayed Stadium,RK Illingworth,41.0,2014-04-16,,K Srinath,Kolkata Knight Riders,Abu Dhabi,6,,1.0,AJ Pycroft,Mumbai Indians,,,male,Kolkata Knight Riders,,Kolkata Knight Riders,bat,,BF Bowden,2014,M Erasmus,Indian Premier League,True,JH Kallis,729279
Sharjah Cricket Stadium,S Ravi,,2014-04-17,,K Bharatan,Royal Challengers Bengaluru,Sharjah,6,,2.0,GF Labrooy,Delhi Capitals,,,male,Royal Challengers Bengaluru,8.0,Royal Challengers Bengaluru,field,,VA Kulkarni,2014,Aleem Dar,Indian Premier League,True,YS Chahal,729281
Sheikh Zayed Stadium,C Shamshuddin,,2014-04-18,,K Srinath,Punjab Kings,Abu Dhabi,6,,3.0,AJ Pycroft,Chennai Super Kings,,,male,Punjab Kings,6.0,Chennai Super Kings,bat,,BF Bowden,2014,RK Illingworth,Indian Premier League,True,GJ Maxwell,729283
Sheikh Zayed Stadium,RK Illingworth,,2014-04-18,,K Srinath,Rajasthan Royals,Abu Dhabi,6,,4.0,AJ Pycroft,Sunrisers Hyderabad,,,male,Rajasthan Royals,4.0,Rajasthan Royals,field,,C Shamshuddin,2014,BF Bowden,Indian Premier League,True,AM Rahane,729285
Dubai International Cricket Stadium,AK Chaudhary,,2014-04-19,,K Srinivasan,Royal Challengers Bengaluru,Dubai,6,,5.0,GF Labrooy,Royal Challengers Bengaluru,,,male,Mumbai Indians,7.0,Royal Challengers Bengaluru,field,,VA Kulkarni,2014,Aleem Dar,Indian Premier League,True,PA Patel,729287
Dubai International Cricket Stadium,VA Kulkarni,,2014-04-19,,K Srinivasan,Delhi Capitals,Dubai,6,,6.0,GF Labrooy,Kolkata Knight Riders,,,male,Delhi Capitals,4.0,Kolkata Knight Riders,bat,,AK Chaudhary,2014,Aleem Dar,Indian Premier League,True,JP Duminy,729289
Sharjah Cricket Stadium,M Erasmus,,2014-04-20,,K Bharatan,Punjab Kings,Sharjah,6,,7.0,AJ Pycroft,Rajasthan Royals,,,male,Punjab Kings,7.0,Punjab Kings,field,,S Ravi,2014,BF Bowden,Indian Premier League,True,GJ Maxwell,729291
Sheikh Zayed Stadium,C Shamshuddin,93.0,2014-04-21,,K Srinath,Chennai Super Kings,Abu Dhabi,6,,8.0,GF Labrooy,Chennai Super Kings,,,male,Delhi Capitals,,Chennai Super Kings,bat,,HDPK Dharmasena,2014,RK Illingworth,Indian Premier League,True,SK Raina,729293
Sharjah Cricket Stadium,S Ravi,72.0,2014-04-22,,K Bharatan,Punjab Kings,Sharjah,6,,9.0,AJ Pycroft,Punjab Kings,,,male,Sunrisers Hyderabad,,Sunrisers Hyderabad,field,,BF Bowden,2014,M Erasmus,Indian Premier League,True,GJ Maxwell,729295
Dubai International Cricket Stadium,RK Illingworth,7.0,2014-04-23,,K Srinivasan,Chennai Super Kings,Dubai,6,,10.0,GF Labrooy,Rajasthan Royals,,,male,Chennai Super Kings,,Rajasthan Royals,field,,C Shamshuddin,2014,HDPK Dharmasena,Indian Premier League,True,RA Jadeja,729297
Sharjah Cricket Stadium,VA Kulkarni,2.0,2014-04-24,,K Bharatan,Kolkata Knight Riders,Sharjah,6,,11.0,AJ Pycroft,Royal Challengers Bengaluru,,,male,Kolkata Knight Riders,,Royal Challengers Bengaluru,field,,AK Chaudhary,2014,Aleem Dar,Indian Premier League,True,CA Lynn,729299
Dubai International Cricket Stadium,M Erasmus,,2014-04-25,,K Srinivasan,Chennai Super Kings,Dubai,6,,13.0,GF Labrooy,Chennai Super Kings,,,male,Mumbai Indians,7.0,Mumbai Indians,bat,,S Ravi,2014,BF Bowden,Indian Premier League,True,MM Sharma,729303
Dubai International Cricket Stadium,S Ravi,4.0,2014-04-25,,K Srinivasan,Sunrisers Hyderabad,Dubai,6,,12.0,GF Labrooy,Sunrisers Hyderabad,,,male,Delhi Capitals,,Sunrisers Hyderabad,bat,,BF Bowden,2014,M Erasmus,Indian Premier League,True,AJ Finch,729301
Sheikh Zayed Stadium,C Shamshuddin,,2014-04-26,,K Srinath,Rajasthan Royals,Abu Dhabi,6,,14.0,AJ Pycroft,Rajasthan Royals,,,male,Royal Challengers Bengaluru,6.0,Rajasthan Royals,field,,RK Illingworth,2014,HDPK Dharmasena,Indian Premier League,True,PV Tambe,729305
Sheikh Zayed Stadium,RK Illingworth,23.0,2014-04-26,,K Srinath,Punjab Kings,Abu Dhabi,6,,15.0,AJ Pycroft,Kolkata Knight Riders,,,male,Punjab Kings,,Kolkata Knight Riders,field,,C Shamshuddin,2014,HDPK Dharmasena,Indian Premier League,True,Sandeep Sharma,729307
Sharjah Cricket Stadium,VA Kulkarni,,2014-04-27,,K Bharatan,Delhi Capitals,Sharjah,6,,16.0,GF Labrooy,Delhi Capitals,,,male,Mumbai Indians,6.0,Mumbai Indians,bat,,AK Chaudhary,2014,Aleem Dar,Indian Premier League,True,M Vijay,729309
Sharjah Cricket Stadium,VA Kulkarni,,2014-04-27,,K Bharatan,Chennai Super Kings,Sharjah,6,,17.0,GF Labrooy,Sunrisers Hyderabad,,,male,Chennai Super Kings,5.0,Sunrisers Hyderabad,bat,,Aleem Dar,2014,AK Chaudhary,Indian Premier League,True,DR Smith,729311
Dubai International Cricket Stadium,S Ravi,,2014-04-28,,K Srinivasan,Punjab Kings,Dubai,6,,18.0,AJ Pycroft,Punjab Kings,,,male,Royal Challengers Bengaluru,5.0,Punjab Kings,field,,M Erasmus,2014,BF Bowden,Indian Premier League,True,Sandeep Sharma,729313
Sheikh Zayed Stadium,AK Chaudhary,,2014-04-29,,K Srinath,,Abu Dhabi,6,tie,19.0,GF Labrooy,Kolkata Knight Riders,Rajasthan Royals,,male,Rajasthan Royals,,Rajasthan Royals,bat,,VA Kulkarni,2014,Aleem Dar,Indian Premier League,True,JP Faulkner,729315
Dubai International Cricket Stadium,M Erasmus,15.0,2014-04-30,,K Srinivasan,Sunrisers Hyderabad,Dubai,6,,20.0,AJ Pycroft,Mumbai Indians,,,male,Sunrisers Hyderabad,,Mumbai Indians,field,,S Ravi,2014,HDPK Dharmasena,Indian Premier League,True,B Kumar,729317
JSCA International Stadium Complex,NJ Llong,34.0,2014-05-02,,AY Dandekar,Chennai Super Kings,Ranchi,6,,21.0,J Srinath,Chennai Super Kings,,,male,Kolkata Knight Riders,,Chennai Super Kings,bat,,CK Nandan,2014,AK Chaudhary,Indian Premier League,,RA Jadeja,733971
Wankhede Stadium,C Shamshuddin,,2014-05-03,,R Pandit,Mumbai Indians,Mumbai,6,,22.0,RS Madugalle,Mumbai Indians,,,male,Punjab Kings,5.0,Punjab Kings,bat,,RM Deshpande,2014,BNJ Oxenford,Indian Premier League,,CJ Anderson,733973
Feroz Shah Kotla,S Ravi,,2014-05-03,,Navdeep Singh,Rajasthan Royals,Delhi,6,,23.0,AJ Pycroft,Delhi Capitals,,,male,Rajasthan Royals,7.0,Rajasthan Royals,field,,K Srinath,2014,SS Hazare,Indian Premier League,,KK Nair,733975
M Chinnaswamy Stadium,VA Kulkarni,,2014-05-04,,J Madanagopal,Royal Challengers Bengaluru,Bangalore,6,,24.0,RS Mahanama,Royal Challengers Bengaluru,,,male,Sunrisers Hyderabad,4.0,Royal Challengers Bengaluru,field,,PG Pathak,2014,HDPK Dharmasena,Indian Premier League,,AB de Villiers,733977
"Sardar Patel Stadium, Motera",CK Nandan,10.0,2014-05-05,,Nitin Menon,Rajasthan Royals,Ahmedabad,6,,25.0,RS Madugalle,Rajasthan Royals,,,male,Kolkata Knight Riders,,Kolkata Knight Riders,field,,AK Chaudhary,2014,NJ Llong,Indian Premier League,,PV Tambe,733979
Feroz Shah Kotla,BNJ Oxenford,,2014-05-05,,Navdeep Singh,Chennai Super Kings,Delhi,6,,26.0,J Srinath,Delhi Capitals,,,male,Chennai Super Kings,8.0,Chennai Super Kings,field,,C Shamshuddin,2014,RM Deshpande,Indian Premier League,,DR Smith,733981
Wankhede Stadium,K Srinath,19.0,2014-05-06,,R Pandit,Mumbai Indians,Mumbai,6,,27.0,AJ Pycroft,Mumbai Indians,,,male,Royal Challengers Bengaluru,,Royal Challengers Bengaluru,field,,SS Hazare,2014,S Ravi,Indian Premier League,,RG Sharma,733983
Barabati Stadium,PG Pathak,44.0,2014-05-07,,UV Gandhe,Punjab Kings,Cuttack,6,,29.0,RS Mahanama,Punjab Kings,,,male,Chennai Super Kings,,Chennai Super Kings,field,,VA Kulkarni,2014,HDPK Dharmasena,Indian Premier League,,GJ Maxwell,733987
Feroz Shah Kotla,C Shamshuddin,,2014-05-07,,Navdeep Singh,Kolkata Knight Riders,Delhi,6,,28.0,J Srinath,Delhi Capitals,,,male,Kolkata Knight Riders,8.0,Delhi Capitals,bat,,RM Deshpande,2014,BNJ Oxenford,Indian Premier League,,G Gambhir,733985
"Sardar Patel Stadium, Motera",NJ Llong,32.0,2014-05-08,,Nitin Menon,Sunrisers Hyderabad,Ahmedabad,6,,30.0,RS Madugalle,Rajasthan Royals,,,male,Sunrisers Hyderabad,,Rajasthan Royals,field,,CK Nandan,2014,AK Chaudhary,Indian Premier League,,B Kumar,733989
M Chinnaswamy Stadium,K Srinath,32.0,2014-05-09,,KN Ananthapadmanabhan,Punjab Kings,Bangalore,6,,31.0,AJ Pycroft,Royal Challengers Bengaluru,,,male,Punjab Kings,,Royal Challengers Bengaluru,field,,K Srinivasan,2014,S Ravi,Indian Premier League,,Sandeep Sharma,733991
Feroz Shah Kotla,BNJ Oxenford,,2014-05-10,D/L,Navdeep Singh,Sunrisers Hyderabad,Delhi,6,,32.0,J Srinath,Delhi Capitals,,,male,Sunrisers Hyderabad,8.0,Sunrisers Hyderabad,field,,C Shamshuddin,2014,RM Deshpande,Indian Premier League,,DW Steyn,733993
Wankhede Stadium,VA Kulkarni,,2014-05-10,,R Pandit,Chennai Super Kings,Mumbai,6,,33.0,RS Mahanama,Mumbai Indians,,,male,Chennai Super Kings,4.0,Chennai Super Kings,field,,PG Pathak,2014,HDPK Dharmasena,Indian Premier League,,DR Smith,733995
Barabati Stadium,CK Nandan,,2014-05-11,,UV Gandhe,Kolkata Knight Riders,Cuttack,6,,34.0,RS Madugalle,Punjab Kings,,,male,Kolkata Knight Riders,9.0,Kolkata Knight Riders,field,,AK Chaudhary,2014,NJ Llong,Indian Premier League,,G Gambhir,733997
M Chinnaswamy Stadium,RJ Tucker,,2014-05-11,,KN Ananthapadmanabhan,Rajasthan Royals,Bangalore,6,,35.0,AJ Pycroft,Royal Challengers Bengaluru,,,male,Rajasthan Royals,5.0,Royal Challengers Bengaluru,bat,,K Srinath,2014,S Ravi,Indian Premier League,,JP Faulkner,733999
"Rajiv Gandhi International Stadium, Uppal",VA Kulkarni,,2014-05-12,,A Nand Kishore,Mumbai Indians,Hyderabad,6,,36.0,RS Mahanama,Sunrisers Hyderabad,,,male,Mumbai Indians,7.0,Sunrisers Hyderabad,bat,,PG Pathak,2014,HDPK Dharmasena,Indian Premier League,,AT Rayudu,734001
JSCA International Stadium Complex,C Shamshuddin,,2014-05-13,,AY Dandekar,Chennai Super Kings,Ranchi,6,,37.0,J Srinath,Chennai Super Kings,,,male,Rajasthan Royals,5.0,Rajasthan Royals,bat,,RM Deshpande,2014,BNJ Oxenford,Indian Premier League,,RA Jadeja,734003
M Chinnaswamy Stadium,RJ Tucker,16.0,2014-05-13,,KN Ananthapadmanabhan,Royal Challengers Bengaluru,Bangalore,6,,38.0,AJ Pycroft,Royal Challengers Bengaluru,,,male,Delhi Capitals,,Delhi Capitals,field,,S Ravi,2014,K Srinath,Indian Premier League,,Yuvraj Singh,734005
"Rajiv Gandhi International Stadium, Uppal",PG Pathak,,2014-05-14,,A Nand Kishore,Punjab Kings,Hyderabad,6,,39.0,RS Mahanama,Sunrisers Hyderabad,,,male,Punjab Kings,6.0,Punjab Kings,field,,HDPK Dharmasena,2014,VA Kulkarni,Indian Premier League,,WP Saha,734007
Barabati Stadium,NJ Llong,,2014-05-14,,R Pandit,Kolkata Knight Riders,Cuttack,6,,40.0,RS Madugalle,Kolkata Knight Riders,,,male,Mumbai Indians,6.0,Kolkata Knight Riders,field,,CK Nandan,2014,AK Chaudhary,Indian Premier League,,RV Uthappa,734009
"Sardar Patel Stadium, Motera",RJ Tucker,62.0,2014-05-15,,KN Ananthapadmanabhan,Rajasthan Royals,Ahmedabad,6,,41.0,AJ Pycroft,Rajasthan Royals,,,male,Delhi Capitals,,Delhi Capitals,field,,K Srinath,2014,S Ravi,Indian Premier League,,AM Rahane,734011
JSCA International Stadium Complex,C Shamshuddin,,2014-05-18,,J Madanagopal,Royal Challengers Bengaluru,Ranchi,6,,42.0,J Srinath,Chennai Super Kings,,,male,Royal Challengers Bengaluru,5.0,Chennai Super Kings,bat,,RM Deshpande,2014,BNJ Oxenford,Indian Premier League,,AB de Villiers,734013
"Rajiv Gandhi International Stadium, Uppal",CK Nandan,,2014-05-18,,A Nand Kishore,Kolkata Knight Riders,Hyderabad,6,,43.0,RS Madugalle,Sunrisers Hyderabad,,,male,Kolkata Knight Riders,7.0,Sunrisers Hyderabad,bat,,AK Chaudhary,2014,NJ Llong,Indian Premier League,,UT Yadav,734015
"Sardar Patel Stadium, Motera",RJ Tucker,25.0,2014-05-19,,KN Ananthapadmanabhan,Mumbai Indians,Ahmedabad,6,,44.0,AJ Pycroft,Rajasthan Royals,,,male,Mumbai Indians,,Mumbai Indians,bat,,K Srinath,2014,S Ravi,Indian Premier League,,MEK Hussey,734017
Feroz Shah Kotla,PG Pathak,,2014-05-19,,Navdeep Singh,Punjab Kings,Delhi,6,,45.0,RS Mahanama,Delhi Capitals,,,male,Punjab Kings,4.0,Punjab Kings,field,,VA Kulkarni,2014,HDPK Dharmasena,Indian Premier League,,AR Patel,734019
"Rajiv Gandhi International Stadium, Uppal",NJ Llong,,2014-05-20,,A Nand Kishore,Sunrisers Hyderabad,Hyderabad,6,,46.0,RS Madugalle,Sunrisers Hyderabad,,,male,Royal Challengers Bengaluru,7.0,Royal Challengers Bengaluru,bat,,CK Nandan,2014,AK Chaudhary,Indian Premier League,,DA Warner,734021
Eden Gardens,C Shamshuddin,,2014-05-20,,Nitin Menon,Kolkata Knight Riders,Kolkata,6,,47.0,J Srinath,Kolkata Knight Riders,,,male,Chennai Super Kings,8.0,Kolkata Knight Riders,field,,BNJ Oxenford,2014,RM Deshpande,Indian Premier League,,RV Uthappa,734023
"Punjab Cricket Association Stadium, Mohali",VA Kulkarni,,2014-05-21,,UV Gandhe,Mumbai Indians,Chandigarh,6,,48.0,RS Mahanama,Punjab Kings,,,male,Mumbai Indians,7.0,Mumbai Indians,field,,PG Pathak,2014,HDPK Dharmasena,Indian Premier League,,LMP Simmons,734025
Eden Gardens,CK Nandan,30.0,2014-05-22,,Nitin Menon,Kolkata Knight Riders,Kolkata,6,,49.0,RS Madugalle,Kolkata Knight Riders,,,male,Royal Challengers Bengaluru,,Royal Challengers Bengaluru,field,,NJ Llong,2014,AK Chaudhary,Indian Premier League,,RV Uthappa,734027
JSCA International Stadium Complex,C Shamshuddin,,2014-05-22,,J Madanagopal,Sunrisers Hyderabad,Ranchi,6,,50.0,J Srinath,Chennai Super Kings,,,male,Sunrisers Hyderabad,6.0,Sunrisers Hyderabad,field,,RM Deshpande,2014,BNJ Oxenford,Indian Premier League,,DA Warner,734029
Wankhede Stadium,RJ Tucker,15.0,2014-05-23,,AY Dandekar,Mumbai Indians,Mumbai,6,,51.0,AJ Pycroft,Mumbai Indians,,,male,Delhi Capitals,,Delhi Capitals,field,,K Srinath,2014,S Ravi,Indian Premier League,,MEK Hussey,734031
"Punjab Cricket Association Stadium, Mohali",PG Pathak,16.0,2014-05-23,,UV Gandhe,Punjab Kings,Chandigarh,6,,52.0,RS Mahanama,Punjab Kings,,,male,Rajasthan Royals,,Rajasthan Royals,field,,VA Kulkarni,2014,HDPK Dharmasena,Indian Premier League,,SE Marsh,734033
Eden Gardens,BNJ Oxenford,,2014-05-24,,Nitin Menon,Kolkata Knight Riders,Kolkata,6,,54.0,J Srinath,Kolkata Knight Riders,,,male,Sunrisers Hyderabad,4.0,Kolkata Knight Riders,field,,C Shamshuddin,2014,RM Deshpande,Indian Premier League,,YK Pathan,734037
M Chinnaswamy Stadium,NJ Llong,,2014-05-24,,A Nand Kishore,Chennai Super Kings,Bangalore,6,,53.0,RS Madugalle,Royal Challengers Bengaluru,,,male,Chennai Super Kings,8.0,Chennai Super Kings,field,,CK Nandan,2014,AK Chaudhary,Indian Premier League,,MS Dhoni,734035
"Punjab Cricket Association Stadium, Mohali",VA Kulkarni,,2014-05-25,,UV Gandhe,Punjab Kings,Chandigarh,6,,55.0,RS Mahanama,Punjab Kings,,,male,Delhi Capitals,7.0,Punjab Kings,field,,PG Pathak,2014,HDPK Dharmasena,Indian Premier League,,M Vohra,734039
Wankhede Stadium,RJ Tucker,,2014-05-25,,R Pandit,Mumbai Indians,Mumbai,6,,56.0,AJ Pycroft,Mumbai Indians,,,male,Rajasthan Royals,5.0,Mumbai Indians,field,,S Ravi,2014,K Srinath,Indian Premier League,,CJ Anderson,734041
Eden Gardens,S Ravi,28.0,2014-05-27,,CK Nandan,Kolkata Knight Riders,Kolkata,6,,,RS Mahanama,Punjab Kings,,2014/05/27,male,Kolkata Knight Riders,,Punjab Kings,field,2014/05/28,C Shamshuddin,2014,NJ Llong,Indian Premier League,,UT Yadav,734043
Brabourne Stadium,BNJ Oxenford,,2014-05-28,,RM Deshpande,Chennai Super Kings,Mumbai,6,,,AJ Pycroft,Chennai Super Kings,,,male,Mumbai Indians,7.0,Chennai Super Kings,field,,RJ Tucker,2014,VA Kulkarni,Indian Premier League,,SK Raina,734045
Wankhede Stadium,RJ Tucker,24.0,2014-05-30,,RM Deshpande,Punjab Kings,Mumbai,6,,,J Srinath,Chennai Super Kings,,,male,Punjab Kings,,Chennai Super Kings,field,,AK Chaudhary,2014,HDPK Dharmasena,Indian Premier League,,V Sehwag,734047
M Chinnaswamy Stadium,BNJ Oxenford,,2014-06-01,,CK Nandan,Kolkata Knight Riders,Bangalore,6,,,RS Mahanama,Kolkata Knight Riders,,,male,Punjab Kings,3.0,Kolkata Knight Riders,field,,S Ravi,2014,HDPK Dharmasena,Indian Premier League,,MK Pandey,734049
Eden Gardens,C Shamshuddin,,2015-04-08,,VK Sharma,Kolkata Knight Riders,Kolkata,6,,1.0,J Srinath,Kolkata Knight Riders,,,male,Mumbai Indians,7.0,Kolkata Knight Riders,field,,PG Pathak,2015,S Ravi,Indian Premier League,,M Morkel,829705
"MA Chidambaram Stadium, Chepauk",VA Kulkarni,1.0,2015-04-09,,K Bharatan,Chennai Super Kings,Chennai,6,,2.0,M Nayyar,Chennai Super Kings,,,male,Delhi Capitals,,Delhi Capitals,field,,RM Deshpande,2015,RK Illingworth,Indian Premier League,,A Nehra,829707
Maharashtra Cricket Association Stadium,CB Gaffaney,26.0,2015-04-10,,CK Nandan,Rajasthan Royals,Pune,6,,3.0,GF Labrooy,Punjab Kings,,,male,Rajasthan Royals,,Punjab Kings,field,,K Srinath,2015,SD Fry,Indian Premier League,,JP Faulkner,829709
"MA Chidambaram Stadium, Chepauk",VA Kulkarni,45.0,2015-04-11,,K Bharatan,Chennai Super Kings,Chennai,6,,4.0,M Nayyar,Chennai Super Kings,,,male,Sunrisers Hyderabad,,Chennai Super Kings,bat,,RM Deshpande,2015,RK Illingworth,Indian Premier League,,BB McCullum,829711
Eden Gardens,C Shamshuddin,,2015-04-11,,VK Sharma,Royal Challengers Bengaluru,Kolkata,6,,5.0,J Srinath,Kolkata Knight Riders,,,male,Royal Challengers Bengaluru,3.0,Royal Challengers Bengaluru,field,,PG Pathak,2015,S Ravi,Indian Premier League,,CH Gayle,829713
Feroz Shah Kotla,CB Gaffaney,,2015-04-12,,Nitin Menon,Rajasthan Royals,Delhi,6,,6.0,GF Labrooy,Delhi Capitals,,,male,Rajasthan Royals,3.0,Rajasthan Royals,field,,CK Nandan,2015,SD Fry,Indian Premier League,,DJ Hooda,829715
Wankhede Stadium,K Srinivasan,18.0,2015-04-12,,A Nand Kishore,Punjab Kings,Mumbai,6,,7.0,Chinmay Sharma,Mumbai Indians,,,male,Punjab Kings,,Mumbai Indians,field,,K Srinath,2015,AK Chaudhary,Indian Premier League,,GJ Bailey,829717
M Chinnaswamy Stadium,RK Illingworth,,2015-04-13,,K Bharatan,Sunrisers Hyderabad,Bangalore,6,,8.0,M Nayyar,Royal Challengers Bengaluru,,,male,Sunrisers Hyderabad,8.0,Sunrisers Hyderabad,field,,VA Kulkarni,2015,RM Deshpande,Indian Premier League,,DA Warner,829719
"Sardar Patel Stadium, Motera",SD Fry,,2015-04-14,,A Nand Kishore,Rajasthan Royals,Ahmedabad,6,,9.0,Chinmay Sharma,Rajasthan Royals,,,male,Mumbai Indians,7.0,Mumbai Indians,bat,,K Srinivasan,2015,AK Chaudhary,Indian Premier League,,SPD Smith,829721
Maharashtra Cricket Association Stadium,K Srinath,,2015-04-15,,Nitin Menon,Delhi Capitals,Pune,6,,10.0,GF Labrooy,Punjab Kings,,,male,Delhi Capitals,5.0,Punjab Kings,bat,,CK Nandan,2015,CB Gaffaney,Indian Premier League,,MA Agarwal,829725
Dr. Y.S. Rajasekhara Reddy ACA-VDCA Cricket Stadium,S Ravi,,2015-04-16,,VK Sharma,Rajasthan Royals,Visakhapatnam,6,,11.0,M Nayyar,Sunrisers Hyderabad,,,male,Rajasthan Royals,6.0,Rajasthan Royals,field,,C Shamshuddin,2015,PG Pathak,Indian Premier League,,AM Rahane,829727
Wankhede Stadium,M Erasmus,,2015-04-17,,K Srinivasan,Chennai Super Kings,Mumbai,6,,12.0,Chinmay Sharma,Mumbai Indians,,,male,Chennai Super Kings,6.0,Mumbai Indians,bat,,K Srinath,2015,AK Chaudhary,Indian Premier League,,A Nehra,829729
Dr. Y.S. Rajasekhara Reddy ACA-VDCA Cricket Stadium,S Ravi,4.0,2015-04-18,,VK Sharma,Delhi Capitals,Visakhapatnam,6,,13.0,M Nayyar,Sunrisers Hyderabad,,,male,Delhi Capitals,,Delhi Capitals,bat,,C Shamshuddin,2015,PG Pathak,Indian Premier League,,JP Duminy,829731
Maharashtra Cricket Association Stadium,CK Nandan,,2015-04-18,,Nitin Menon,Kolkata Knight Riders,Pune,6,,14.0,GF Labrooy,Punjab Kings,,,male,Kolkata Knight Riders,4.0,Kolkata Knight Riders,field,,CB Gaffaney,2015,SD Fry,Indian Premier League,,AD Russell,829733
"Sardar Patel Stadium, Motera",M Erasmus,,2015-04-19,,K Srinivasan,Rajasthan Royals,Ahmedabad,6,,15.0,Chinmay Sharma,Rajasthan Royals,,,male,Chennai Super Kings,8.0,Chennai Super Kings,bat,,K Srinath,2015,AK Chaudhary,Indian Premier League,,AM Rahane,829735
M Chinnaswamy Stadium,VA Kulkarni,18.0,2015-04-19,,K Bharatan,Mumbai Indians,Bangalore,6,,16.0,J Srinath,Royal Challengers Bengaluru,,,male,Mumbai Indians,,Royal Challengers Bengaluru,field,,RM Deshpande,2015,RK Illingworth,Indian Premier League,,Harbhajan Singh,829737
Feroz Shah Kotla,CB Gaffaney,,2015-04-20,,Nitin Menon,Kolkata Knight Riders,Delhi,6,,17.0,GF Labrooy,Delhi Capitals,,,male,Kolkata Knight Riders,6.0,Kolkata Knight Riders,field,,CK Nandan,2015,SD Fry,Indian Premier League,,UT Yadav,829739
"Sardar Patel Stadium, Motera",S Ravi,,2015-04-21,,K Srinath,,Ahmedabad,6,tie,18.0,Chinmay Sharma,Rajasthan Royals,Kings XI Punjab,,male,Punjab Kings,,Punjab Kings,field,,AK Chaudhary,2015,M Erasmus,Indian Premier League,,SE Marsh,829741
M Chinnaswamy Stadium,C Shamshuddin,27.0,2015-04-22,,VK Sharma,Chennai Super Kings,Bangalore,6,,20.0,J Srinath,Royal Challengers Bengaluru,,,male,Chennai Super Kings,,Royal Challengers Bengaluru,field,,PG Pathak,2015,JD Cloete,Indian Premier League,,SK Raina,829745
Dr. Y.S. Rajasekhara Reddy ACA-VDCA Cricket Stadium,VA Kulkarni,16.0,2015-04-22,D/L,K Bharatan,Sunrisers Hyderabad,Visakhapatnam,6,,19.0,M Nayyar,Sunrisers Hyderabad,,,male,Kolkata Knight Riders,,Kolkata Knight Riders,field,,RM Deshpande,2015,RK Illingworth,Indian Premier League,,DA Warner,829743
Feroz Shah Kotla,CK Nandan,37.0,2015-04-23,,Nitin Menon,Delhi Capitals,Delhi,6,,21.0,GF Labrooy,Delhi Capitals,,,male,Mumbai Indians,,Mumbai Indians,field,,CB Gaffaney,2015,SD Fry,Indian Premier League,,SS Iyer,829747
"Sardar Patel Stadium, Motera",S Ravi,,2015-04-24,,K Srinath,Royal Challengers Bengaluru,Ahmedabad,6,,22.0,Chinmay Sharma,Rajasthan Royals,,,male,Royal Challengers Bengaluru,9.0,Royal Challengers Bengaluru,field,,AK Chaudhary,2015,M Erasmus,Indian Premier League,,MA Starc,829749
"MA Chidambaram Stadium, Chepauk",C Shamshuddin,97.0,2015-04-25,,VK Sharma,Chennai Super Kings,Chennai,6,,24.0,J Srinath,Chennai Super Kings,,,male,Punjab Kings,,Chennai Super Kings,bat,,PG Pathak,2015,JD Cloete,Indian Premier League,,BB McCullum,829753
Wankhede Stadium,CB Gaffaney,20.0,2015-04-25,,CK Nandan,Mumbai Indians,Mumbai,6,,23.0,RS Mahanama,Mumbai Indians,,,male,Sunrisers Hyderabad,,Mumbai Indians,bat,,SD Fry,2015,HDPK Dharmasena,Indian Premier League,,SL Malinga,829751
Feroz Shah Kotla,S Ravi,,2015-04-26,,K Srinath,Royal Challengers Bengaluru,Delhi,6,,26.0,GF Labrooy,Delhi Capitals,,,male,Royal Challengers Bengaluru,10.0,Royal Challengers Bengaluru,field,,AK Chaudhary,2015,M Erasmus,Indian Premier League,,VR Aaron,829757
"Punjab Cricket Association Stadium, Mohali",CB Gaffaney,20.0,2015-04-27,,CK Nandan,Sunrisers Hyderabad,Chandigarh,6,,27.0,RS Mahanama,Punjab Kings,,,male,Sunrisers Hyderabad,,Punjab Kings,field,,SD Fry,2015,HDPK Dharmasena,Indian Premier League,,TA Boult,829759
"MA Chidambaram Stadium, Chepauk",VA Kulkarni,2.0,2015-04-28,,K Bharatan,Chennai Super Kings,Chennai,6,,28.0,J Srinath,Chennai Super Kings,,,male,Kolkata Knight Riders,,Kolkata Knight Riders,field,,RK Illingworth,2015,RM Deshpande,Indian Premier League,,DJ Bravo,829765
M Chinnaswamy Stadium,PG Pathak,,2015-04-29,,VK Sharma,,Bangalore,6,no result,29.0,RS Madugalle,Royal Challengers Bengaluru,,,male,Rajasthan Royals,,Rajasthan Royals,field,,C Shamshuddin,2015,JD Cloete,Indian Premier League,,,829763
Eden Gardens,M Erasmus,,2015-04-30,,A Nand Kishore,Kolkata Knight Riders,Kolkata,6,,30.0,RR Jadeja,Kolkata Knight Riders,,,male,Chennai Super Kings,7.0,Kolkata Knight Riders,field,,RM Deshpande,2015,AK Chaudhary,Indian Premier League,,AD Russell,829723
Feroz Shah Kotla,S Ravi,,2015-05-01,,K Bharatan,Delhi Capitals,Delhi,6,,31.0,RS Madugalle,Delhi Capitals,,,male,Punjab Kings,9.0,Delhi Capitals,field,,VA Kulkarni,2015,RK Illingworth,Indian Premier League,,NM Coulter-Nile,829767
Wankhede Stadium,CK Nandan,8.0,2015-05-01,,Nitin Menon,Mumbai Indians,Mumbai,6,,32.0,RS Mahanama,Mumbai Indians,,,male,Rajasthan Royals,,Rajasthan Royals,field,,CB Gaffaney,2015,HDPK Dharmasena,Indian Premier League,,AT Rayudu,829769
M Chinnaswamy Stadium,PG Pathak,,2015-05-02,,VK Sharma,Royal Challengers Bengaluru,Bangalore,6,,33.0,J Srinath,Royal Challengers Bengaluru,,,male,Kolkata Knight Riders,7.0,Royal Challengers Bengaluru,field,,C Shamshuddin,2015,JD Cloete,Indian Premier League,,Mandeep Singh,829771
"Rajiv Gandhi International Stadium, Uppal",K Srinivasan,22.0,2015-05-02,,A Nand Kishore,Sunrisers Hyderabad,Hyderabad,6,,34.0,RR Jadeja,Sunrisers Hyderabad,,,male,Chennai Super Kings,,Chennai Super Kings,field,,M Erasmus,2015,AK Chaudhary,Indian Premier League,,DA Warner,829773
"Punjab Cricket Association Stadium, Mohali",VA Kulkarni,23.0,2015-05-03,,RM Deshpande,Mumbai Indians,Chandigarh,6,,35.0,RS Madugalle,Punjab Kings,,,male,Mumbai Indians,,Mumbai Indians,bat,,S Ravi,2015,RK Illingworth,Indian Premier League,,LMP Simmons,829775
Brabourne Stadium,CB Gaffaney,14.0,2015-05-03,,,Rajasthan Royals,Mumbai,6,,36.0,RS Mahanama,Rajasthan Royals,,,male,Delhi Capitals,,Delhi Capitals,field,,CK Nandan,2015,HDPK Dharmasena,Indian Premier League,,AM Rahane,829777
Eden Gardens,M Erasmus,35.0,2015-05-04,,A Nand Kishore,Kolkata Knight Riders,Kolkata,6,,38.0,RR Jadeja,Kolkata Knight Riders,,,male,Sunrisers Hyderabad,,Sunrisers Hyderabad,field,,K Srinivasan,2015,AK Chaudhary,Indian Premier League,,UT Yadav,829781
"MA Chidambaram Stadium, Chepauk",K Srinath,24.0,2015-05-04,,PG Pathak,Chennai Super Kings,Chennai,6,,37.0,J Srinath,Chennai Super Kings,,,male,Royal Challengers Bengaluru,,Chennai Super Kings,bat,,JD Cloete,2015,C Shamshuddin,Indian Premier League,,SK Raina,829779
Wankhede Stadium,CB Gaffaney,,2015-05-05,,Nitin Menon,Mumbai Indians,Mumbai,6,,39.0,RS Mahanama,Mumbai Indians,,,male,Delhi Capitals,5.0,Delhi Capitals,bat,,CK Nandan,2015,HDPK Dharmasena,Indian Premier League,,Harbhajan Singh,829783
M Chinnaswamy Stadium,VA Kulkarni,138.0,2015-05-06,,RM Deshpande,Royal Challengers Bengaluru,Bangalore,6,,40.0,RS Madugalle,Royal Challengers Bengaluru,,,male,Punjab Kings,,Punjab Kings,field,,S Ravi,2015,RK Illingworth,Indian Premier League,,CH Gayle,829785
Eden Gardens,M Erasmus,13.0,2015-05-07,,A Nand Kishore,Kolkata Knight Riders,Kolkata,6,,42.0,RS Mahanama,Kolkata Knight Riders,,,male,Delhi Capitals,,Kolkata Knight Riders,bat,,K Srinivasan,2015,AK Chaudhary,Indian Premier League,,PP Chawla,829761
Brabourne Stadium,C Shamshuddin,7.0,2015-05-07,,PG Pathak,Sunrisers Hyderabad,Mumbai,6,,41.0,J Srinath,Rajasthan Royals,,,male,Sunrisers Hyderabad,,Rajasthan Royals,field,,HDPK Dharmasena,2015,JD Cloete,Indian Premier League,,EJG Morgan,829787
"MA Chidambaram Stadium, Chepauk",CK Nandan,,2015-05-08,,Nitin Menon,Mumbai Indians,Chennai,6,,43.0,RR Jadeja,Chennai Super Kings,,,male,Mumbai Indians,6.0,Chennai Super Kings,bat,,K Srinath,2015,CB Gaffaney,Indian Premier League,,HH Pandya,829789
Eden Gardens,HDPK Dharmasena,,2015-05-09,,A Nand Kishore,Kolkata Knight Riders,Kolkata,6,,44.0,RS Mahanama,Kolkata Knight Riders,,,male,Punjab Kings,1.0,Punjab Kings,bat,,K Srinivasan,2015,AK Chaudhary,Indian Premier League,,AD Russell,829791
Shaheed Veer Narayan Singh International Stadium,S Ravi,6.0,2015-05-09,,RM Deshpande,Sunrisers Hyderabad,Raipur,6,,45.0,RS Madugalle,Delhi Capitals,,,male,Sunrisers Hyderabad,,Sunrisers Hyderabad,bat,,RK Illingworth,2015,VA Kulkarni,Indian Premier League,,MC Henriques,829793
Wankhede Stadium,C Shamshuddin,39.0,2015-05-10,,PG Pathak,Royal Challengers Bengaluru,Mumbai,6,,46.0,J Srinath,Mumbai Indians,,,male,Royal Challengers Bengaluru,,Royal Challengers Bengaluru,bat,,K Srinath,2015,JD Cloete,Indian Premier League,,AB de Villiers,829795
"MA Chidambaram Stadium, Chepauk",CK Nandan,12.0,2015-05-10,,Nitin Menon,Chennai Super Kings,Chennai,6,,47.0,RR Jadeja,Chennai Super Kings,,,male,Rajasthan Royals,,Chennai Super Kings,bat,,CB Gaffaney,2015,M Erasmus,Indian Premier League,,RA Jadeja,829797
"Rajiv Gandhi International Stadium, Uppal",HDPK Dharmasena,5.0,2015-05-11,,A Nand Kishore,Sunrisers Hyderabad,Hyderabad,6,,48.0,RS Mahanama,Sunrisers Hyderabad,,,male,Punjab Kings,,Sunrisers Hyderabad,bat,,K Srinivasan,2015,AK Chaudhary,Indian Premier League,,DA Warner,829799
Shaheed Veer Narayan Singh International Stadium,VA Kulkarni,,2015-05-12,,RM Deshpande,Delhi Capitals,Raipur,6,,49.0,RS Madugalle,Delhi Capitals,,,male,Chennai Super Kings,6.0,Chennai Super Kings,bat,,S Ravi,2015,RK Illingworth,Indian Premier League,,Z Khan,829801
"Punjab Cricket Association Stadium, Mohali",C Shamshuddin,22.0,2015-05-13,,PG Pathak,Punjab Kings,Chandigarh,6,,50.0,J Srinath,Punjab Kings,,,male,Royal Challengers Bengaluru,,Royal Challengers Bengaluru,field,,CK Nandan,2015,JD Cloete,Indian Premier League,,AR Patel,829803
Wankhede Stadium,VA Kulkarni,5.0,2015-05-14,,AY Dandekar,Mumbai Indians,Mumbai,6,,51.0,RR Jadeja,Mumbai Indians,,,male,Kolkata Knight Riders,,Kolkata Knight Riders,field,,RM Deshpande,2015,RK Illingworth,Indian Premier League,,HH Pandya,829805
"Rajiv Gandhi International Stadium, Uppal",HDPK Dharmasena,,2015-05-15,D/L,A Nand Kishore,Royal Challengers Bengaluru,Hyderabad,6,,52.0,RS Mahanama,Sunrisers Hyderabad,,,male,Royal Challengers Bengaluru,6.0,Sunrisers Hyderabad,bat,,K Srinath,2015,AK Chaudhary,Indian Premier League,,V Kohli,829807
"Punjab Cricket Association Stadium, Mohali",C Shamshuddin,,2015-05-16,,VK Sharma,Chennai Super Kings,Chandigarh,6,,53.0,J Srinath,Punjab Kings,,,male,Chennai Super Kings,7.0,Punjab Kings,bat,,JD Cloete,2015,CK Nandan,Indian Premier League,,P Negi,829809
Brabourne Stadium,RK Illingworth,9.0,2015-05-16,,AY Dandekar,Rajasthan Royals,Mumbai,6,,54.0,RR Jadeja,Rajasthan Royals,,,male,Kolkata Knight Riders,,Rajasthan Royals,bat,,VA Kulkarni,2015,RM Deshpande,Indian Premier League,,SR Watson,829811
M Chinnaswamy Stadium,K Srinivasan,,2015-05-17,,Nitin Menon,,Bangalore,6,no result,55.0,RS Madugalle,Royal Challengers Bengaluru,,,male,Delhi Capitals,,Royal Challengers Bengaluru,field,,PG Pathak,2015,HDPK Dharmasena,Indian Premier League,,,829813
"Rajiv Gandhi International Stadium, Uppal",K Srinath,,2015-05-17,,A Nand Kishore,Mumbai Indians,Hyderabad,6,,56.0,RS Mahanama,Sunrisers Hyderabad,,,male,Mumbai Indians,9.0,Sunrisers Hyderabad,bat,,AK Chaudhary,2015,CB Gaffaney,Indian Premier League,,MJ McClenaghan,829815
Wankhede Stadium,RK Illingworth,25.0,2015-05-19,,CK Nandan,Mumbai Indians,Mumbai,6,,,RS Madugalle,Chennai Super Kings,,,male,Mumbai Indians,,Mumbai Indians,bat,,VA Kulkarni,2015,HDPK Dharmasena,Indian Premier League,,KA Pollard,829817
Maharashtra Cricket Association Stadium,C Shamshuddin,71.0,2015-05-20,,K Srinath,Royal Challengers Bengaluru,Pune,6,,,RS Mahanama,Royal Challengers Bengaluru,,,male,Rajasthan Royals,,Royal Challengers Bengaluru,bat,,CB Gaffaney,2015,AK Chaudhary,Indian Premier League,,AB de Villiers,829819
JSCA International Stadium Complex,CB Gaffaney,,2015-05-22,,K Srinath,Chennai Super Kings,Ranchi,6,,,RS Mahanama,Chennai Super Kings,,,male,Royal Challengers Bengaluru,3.0,Chennai Super Kings,field,,C Shamshuddin,2015,AK Chaudhary,Indian Premier League,,A Nehra,829821
Eden Gardens,RK Illingworth,41.0,2015-05-24,,CK Nandan,Mumbai Indians,Kolkata,6,,,RS Madugalle,Mumbai Indians,,,male,Chennai Super Kings,,Chennai Super Kings,field,,VA Kulkarni,2015,HDPK Dharmasena,Indian Premier League,,RG Sharma,829823
Wankhede Stadium,CK Nandan,,2016-04-09,,VK Sharma,Rising Pune Supergiant,Mumbai,6,,1.0,J Srinath,Mumbai Indians,,,male,Rising Pune Supergiant,9.0,Mumbai Indians,bat,,VA Kulkarni,2016,HDPK Dharmasena,Indian Premier League,,AM Rahane,980901
Eden Gardens,C Shamshuddin,,2016-04-10,,A Deshmukh,Kolkata Knight Riders,Kolkata,6,,2.0,M Nayyar,Kolkata Knight Riders,,,male,Delhi Capitals,9.0,Kolkata Knight Riders,field,,Nitin Menon,2016,S Ravi,Indian Premier League,,AD Russell,980903
"Punjab Cricket Association IS Bindra Stadium, Mohali",VA Kulkarni,,2016-04-11,,K Bharatan,Gujarat Titans,Chandigarh,6,,3.0,Chinmay Sharma,Punjab Kings,,,male,Gujarat Titans,5.0,Gujarat Titans,field,,A Nand Kishore,2016,AK Chaudhary,Indian Premier League,,AJ Finch,980905
M Chinnaswamy Stadium,VK Sharma,45.0,2016-04-12,,YC Barde,Royal Challengers Bengaluru,Bangalore,6,,4.0,J Srinath,Royal Challengers Bengaluru,,,male,Sunrisers Hyderabad,,Sunrisers Hyderabad,field,,KN Ananthapadmanabhan,2016,HDPK Dharmasena,Indian Premier League,,AB de Villiers,980907
Eden Gardens,S Ravi,,2016-04-13,,Navdeep Singh,Mumbai Indians,Kolkata,6,,5.0,M Nayyar,Kolkata Knight Riders,,,male,Mumbai Indians,6.0,Mumbai Indians,field,,C Shamshuddin,2016,Nitin Menon,Indian Premier League,,RG Sharma,980909
Saurashtra Cricket Association Stadium,CK Nandan,,2016-04-14,,K Bharatan,Gujarat Titans,Rajkot,6,,6.0,Chinmay Sharma,Gujarat Titans,,,male,Rising Pune Supergiant,7.0,Rising Pune Supergiant,bat,,AY Dandekar,2016,VA Kulkarni,Indian Premier League,,AJ Finch,980911
Feroz Shah Kotla,C Shamshuddin,,2016-04-15,,Navdeep Singh,Delhi Capitals,Delhi,6,,7.0,RS Mahanama,Delhi Capitals,,,male,Punjab Kings,8.0,Delhi Capitals,field,,Nitin Menon,2016,S Ravi,Indian Premier League,,A Mishra,980913
"Rajiv Gandhi International Stadium, Uppal",CK Nandan,,2016-04-16,,A Deshmukh,Kolkata Knight Riders,Hyderabad,6,,8.0,J Srinath,Sunrisers Hyderabad,,,male,Kolkata Knight Riders,8.0,Sunrisers Hyderabad,bat,,K Bharatan,2016,AK Chaudhary,Indian Premier League,,G Gambhir,980915
Wankhede Stadium,VK Sharma,,2016-04-16,,YC Barde,Gujarat Titans,Mumbai,6,,9.0,Chinmay Sharma,Mumbai Indians,,,male,Gujarat Titans,3.0,Gujarat Titans,field,,KN Ananthapadmanabhan,2016,HDPK Dharmasena,Indian Premier League,,AJ Finch,980917
"Punjab Cricket Association IS Bindra Stadium, Mohali",C Shamshuddin,,2016-04-17,,Navdeep Singh,Punjab Kings,Chandigarh,6,,10.0,M Nayyar,Punjab Kings,,,male,Rising Pune Supergiant,6.0,Rising Pune Supergiant,bat,,Nitin Menon,2016,S Ravi,Indian Premier League,,M Vohra,980919
M Chinnaswamy Stadium,A Nand Kishore,,2016-04-17,,R Pandit,Delhi Capitals,Bangalore,6,,11.0,RS Mahanama,Royal Challengers Bengaluru,,,male,Delhi Capitals,7.0,Delhi Capitals,field,,AY Dandekar,2016,VA Kulkarni,Indian Premier League,,Q de Kock,980921
"Rajiv Gandhi International Stadium, Uppal",VK Sharma,,2016-04-18,,A Deshmukh,Sunrisers Hyderabad,Hyderabad,6,,12.0,J Srinath,Sunrisers Hyderabad,,,male,Mumbai Indians,7.0,Sunrisers Hyderabad,field,,KN Ananthapadmanabhan,2016,HDPK Dharmasena,Indian Premier League,,DA Warner,980923
"Punjab Cricket Association IS Bindra Stadium, Mohali",C Shamshuddin,,2016-04-19,,YC Barde,Kolkata Knight Riders,Chandigarh,6,,13.0,M Nayyar,Punjab Kings,,,male,Kolkata Knight Riders,6.0,Kolkata Knight Riders,field,,Nitin Menon,2016,S Ravi,Indian Premier League,,RV Uthappa,980925
Wankhede Stadium,CK Nandan,,2016-04-20,,R Pandit,Mumbai Indians,Mumbai,6,,14.0,RS Mahanama,Mumbai Indians,,,male,Royal Challengers Bengaluru,6.0,Mumbai Indians,field,,A Nand Kishore,2016,AK Chaudhary,Indian Premier League,,RG Sharma,980927
Saurashtra Cricket Association Stadium,HDPK Dharmasena,,2016-04-21,,A Deshmukh,Sunrisers Hyderabad,Rajkot,6,,15.0,S Chaturvedi,Gujarat Titans,,,male,Sunrisers Hyderabad,10.0,Sunrisers Hyderabad,field,,AY Dandekar,2016,K Bharatan,Indian Premier League,,B Kumar,980929
Maharashtra Cricket Association Stadium,VK Sharma,13.0,2016-04-22,,YC Barde,Royal Challengers Bengaluru,Pune,6,,16.0,Chinmay Sharma,Rising Pune Supergiant,,,male,Royal Challengers Bengaluru,,Rising Pune Supergiant,field,,KN Ananthapadmanabhan,2016,CB Gaffaney,Indian Premier League,,AB de Villiers,980931
Feroz Shah Kotla,C Shamshuddin,10.0,2016-04-23,,Navdeep Singh,Delhi Capitals,Delhi,6,,17.0,M Nayyar,Delhi Capitals,,,male,Mumbai Indians,,Mumbai Indians,field,,Nitin Menon,2016,S Ravi,Indian Premier League,,SV Samson,980933
"Rajiv Gandhi International Stadium, Uppal",CK Nandan,,2016-04-23,,R Pandit,Sunrisers Hyderabad,Hyderabad,6,,18.0,RS Mahanama,Sunrisers Hyderabad,,,male,Punjab Kings,5.0,Sunrisers Hyderabad,field,,AY Dandekar,2016,AK Chaudhary,Indian Premier League,,Mustafizur Rahman,980935
Saurashtra Cricket Association Stadium,BNJ Oxenford,,2016-04-24,,A Deshmukh,Gujarat Titans,Rajkot,6,,19.0,S Chaturvedi,Gujarat Titans,,,male,Royal Challengers Bengaluru,6.0,Royal Challengers Bengaluru,bat,,KN Ananthapadmanabhan,2016,K Bharatan,Indian Premier League,,V Kohli,980937
Maharashtra Cricket Association Stadium,A Nand Kishore,,2016-04-24,,YC Barde,Kolkata Knight Riders,Pune,6,,20.0,Chinmay Sharma,Rising Pune Supergiant,,,male,Kolkata Knight Riders,2.0,Kolkata Knight Riders,field,,VK Sharma,2016,CB Gaffaney,Indian Premier League,,SA Yadav,980939
"Punjab Cricket Association IS Bindra Stadium, Mohali",RJ Tucker,25.0,2016-04-25,,Navdeep Singh,Mumbai Indians,Chandigarh,6,,21.0,RS Madugalle,Punjab Kings,,,male,Mumbai Indians,,Punjab Kings,field,,C Shamshuddin,2016,Nitin Menon,Indian Premier League,,PA Patel,980941
"Rajiv Gandhi International Stadium, Uppal",CK Nandan,34.0,2016-04-26,D/L,YC Barde,Rising Pune Supergiant,Hyderabad,6,,22.0,Amit Sharma,Sunrisers Hyderabad,,,male,Rising Pune Supergiant,,Rising Pune Supergiant,field,,HDPK Dharmasena,2016,AY Dandekar,Indian Premier League,,AB Dinda,980943
Feroz Shah Kotla,S Ravi,1.0,2016-04-27,,A Deshmukh,Gujarat Titans,Delhi,6,,23.0,J Srinath,Delhi Capitals,,,male,Gujarat Titans,,Delhi Capitals,field,,AK Chaudhary,2016,M Erasmus,Indian Premier League,,CH Morris,980945
Wankhede Stadium,RJ Tucker,,2016-04-28,,Navdeep Singh,Mumbai Indians,Mumbai,6,,24.0,RS Madugalle,Mumbai Indians,,,male,Kolkata Knight Riders,6.0,Mumbai Indians,field,,C Shamshuddin,2016,Nitin Menon,Indian Premier League,,RG Sharma,980947
Maharashtra Cricket Association Stadium,BNJ Oxenford,,2016-04-29,,VK Sharma,Gujarat Titans,Pune,6,,25.0,Chinmay Sharma,Rising Pune Supergiant,,,male,Gujarat Titans,3.0,Gujarat Titans,field,,A Nand Kishore,2016,CB Gaffaney,Indian Premier League,,DR Smith,980949
"Rajiv Gandhi International Stadium, Uppal",HDPK Dharmasena,15.0,2016-04-30,,R Pandit,Sunrisers Hyderabad,Hyderabad,6,,27.0,RS Mahanama,Sunrisers Hyderabad,,,male,Royal Challengers Bengaluru,,Royal Challengers Bengaluru,field,,CK Nandan,2016,AK Chaudhary,Indian Premier League,,DA Warner,980953
Feroz Shah Kotla,M Erasmus,27.0,2016-04-30,,A Deshmukh,Delhi Capitals,Delhi,6,,26.0,J Srinath,Delhi Capitals,,,male,Kolkata Knight Riders,,Kolkata Knight Riders,field,,S Ravi,2016,KN Ananthapadmanabhan,Indian Premier League,,CR Brathwaite,980951
Maharashtra Cricket Association Stadium,RJ Tucker,,2016-05-01,,Navdeep Singh,Mumbai Indians,Pune,6,,29.0,RS Madugalle,Rising Pune Supergiant,,,male,Mumbai Indians,8.0,Mumbai Indians,field,,Nitin Menon,2016,AY Dandekar,Indian Premier League,,RG Sharma,980957
Saurashtra Cricket Association Stadium,VK Sharma,23.0,2016-05-01,,YC Barde,Punjab Kings,Rajkot,6,,28.0,M Nayyar,Gujarat Titans,,,male,Punjab Kings,,Gujarat Titans,field,,CB Gaffaney,2016,BNJ Oxenford,Indian Premier League,,AR Patel,980955
M Chinnaswamy Stadium,S Ravi,,2016-05-02,,A Deshmukh,Kolkata Knight Riders,Bangalore,6,,30.0,J Srinath,Royal Challengers Bengaluru,,,male,Kolkata Knight Riders,5.0,Kolkata Knight Riders,field,,K Bharatan,2016,M Erasmus,Indian Premier League,,AD Russell,980959
Saurashtra Cricket Association Stadium,BNJ Oxenford,,2016-05-03,,YC Barde,Delhi Capitals,Rajkot,6,,31.0,M Nayyar,Gujarat Titans,,,male,Delhi Capitals,8.0,Delhi Capitals,field,,A Nand Kishore,2016,CB Gaffaney,Indian Premier League,,RR Pant,980961
Eden Gardens,HDPK Dharmasena,7.0,2016-05-04,,R Pandit,Kolkata Knight Riders,Kolkata,6,,32.0,Amit Sharma,Kolkata Knight Riders,,,male,Punjab Kings,,Punjab Kings,field,,CK Nandan,2016,AK Chaudhary,Indian Premier League,,AD Russell,980963
Feroz Shah Kotla,RJ Tucker,,2016-05-05,,Navdeep Singh,Rising Pune Supergiant,Delhi,6,,33.0,RS Madugalle,Delhi Capitals,,,male,Rising Pune Supergiant,7.0,Rising Pune Supergiant,field,,AY Dandekar,2016,C Shamshuddin,Indian Premier League,,AM Rahane,980965
"Rajiv Gandhi International Stadium, Uppal",S Ravi,,2016-05-06,,A Deshmukh,Sunrisers Hyderabad,Hyderabad,6,,34.0,J Srinath,Sunrisers Hyderabad,,,male,Gujarat Titans,5.0,Sunrisers Hyderabad,field,,KN Ananthapadmanabhan,2016,M Erasmus,Indian Premier League,,B Kumar,980967
M Chinnaswamy Stadium,BNJ Oxenford,,2016-05-07,,YC Barde,Royal Challengers Bengaluru,Bangalore,6,,35.0,Chinmay Sharma,Royal Challengers Bengaluru,,,male,Rising Pune Supergiant,7.0,Royal Challengers Bengaluru,field,,A Nand Kishore,2016,CB Gaffaney,Indian Premier League,,V Kohli,980969
"Punjab Cricket Association IS Bindra Stadium, Mohali",CK Nandan,9.0,2016-05-07,,R Pandit,Punjab Kings,Chandigarh,6,,36.0,RS Mahanama,Punjab Kings,,,male,Delhi Capitals,,Delhi Capitals,field,,AK Chaudhary,2016,HDPK Dharmasena,Indian Premier League,,MP Stoinis,980971
Dr. Y.S. Rajasekhara Reddy ACA-VDCA Cricket Stadium,C Shamshuddin,85.0,2016-05-08,,Navdeep Singh,Sunrisers Hyderabad,Visakhapatnam,6,,37.0,RS Madugalle,Mumbai Indians,,,male,Sunrisers Hyderabad,,Mumbai Indians,field,,Nitin Menon,2016,S Ravi,Indian Premier League,,A Nehra,980973
Eden Gardens,RJ Tucker,,2016-05-08,,KN Ananthapadmanabhan,Gujarat Titans,Kolkata,6,,38.0,J Srinath,Kolkata Knight Riders,,,male,Gujarat Titans,5.0,Gujarat Titans,field,,K Bharatan,2016,M Erasmus,Indian Premier League,,P Kumar,980975
"Punjab Cricket Association IS Bindra Stadium, Mohali",HDPK Dharmasena,1.0,2016-05-09,,R Pandit,Royal Challengers Bengaluru,Chandigarh,6,,39.0,Amit Sharma,Punjab Kings,,,male,Royal Challengers Bengaluru,,Punjab Kings,field,,CK Nandan,2016,AK Chaudhary,Indian Premier League,,SR Watson,980977
Dr. Y.S. Rajasekhara Reddy ACA-VDCA Cricket Stadium,VK Sharma,4.0,2016-05-10,,YC Barde,Sunrisers Hyderabad,Visakhapatnam,6,,40.0,S Chaturvedi,Rising Pune Supergiant,,,male,Sunrisers Hyderabad,,Sunrisers Hyderabad,bat,,BNJ Oxenford,2016,CB Gaffaney,Indian Premier League,,A Zampa,980979
M Chinnaswamy Stadium,C Shamshuddin,,2016-05-11,,Navdeep Singh,Mumbai Indians,Bangalore,6,,41.0,RS Madugalle,Royal Challengers Bengaluru,,,male,Mumbai Indians,6.0,Mumbai Indians,field,,RJ Tucker,2016,AY Dandekar,Indian Premier League,,KH Pandya,980981
"Rajiv Gandhi International Stadium, Uppal",M Erasmus,,2016-05-12,,A Deshmukh,Delhi Capitals,Hyderabad,6,,42.0,J Srinath,Sunrisers Hyderabad,,,male,Delhi Capitals,7.0,Delhi Capitals,field,,KN Ananthapadmanabhan,2016,K Bharatan,Indian Premier League,,CH Morris,980983
Dr. Y.S. Rajasekhara Reddy ACA-VDCA Cricket Stadium,CK Nandan,,2016-05-13,,R Pandit,Punjab Kings,Visakhapatnam,6,,43.0,RS Mahanama,Mumbai Indians,,,male,Punjab Kings,7.0,Mumbai Indians,bat,,AK Chaudhary,2016,HDPK Dharmasena,Indian Premier League,,MP Stoinis,980985
M Chinnaswamy Stadium,VK Sharma,144.0,2016-05-14,,Navdeep Singh,Royal Challengers Bengaluru,Bangalore,6,,44.0,RS Madugalle,Royal Challengers Bengaluru,,,male,Gujarat Titans,,Gujarat Titans,field,,C Shamshuddin,2016,AY Dandekar,Indian Premier League,,AB de Villiers,980987
Eden Gardens,BNJ Oxenford,,2016-05-14,D/L,YC Barde,Kolkata Knight Riders,Kolkata,6,,45.0,Chinmay Sharma,Kolkata Knight Riders,,,male,Rising Pune Supergiant,8.0,Rising Pune Supergiant,bat,,CB Gaffaney,2016,A Nand Kishore,Indian Premier League,,YK Pathan,980989
"Punjab Cricket Association IS Bindra Stadium, Mohali",M Erasmus,,2016-05-15,,A Deshmukh,Sunrisers Hyderabad,Chandigarh,6,,46.0,M Nayyar,Punjab Kings,,,male,Sunrisers Hyderabad,7.0,Punjab Kings,bat,,K Bharatan,2016,KN Ananthapadmanabhan,Indian Premier League,,HM Amla,980991
Dr. Y.S. Rajasekhara Reddy ACA-VDCA Cricket Stadium,CK Nandan,80.0,2016-05-15,,R Pandit,Mumbai Indians,Visakhapatnam,6,,47.0,Amit Sharma,Mumbai Indians,,,male,Delhi Capitals,,Delhi Capitals,field,,AK Chaudhary,2016,Nitin Menon,Indian Premier League,,KH Pandya,980993
Eden Gardens,A Nand Kishore,,2016-05-16,,YC Barde,Royal Challengers Bengaluru,Kolkata,6,,48.0,Chinmay Sharma,Kolkata Knight Riders,,,male,Royal Challengers Bengaluru,9.0,Royal Challengers Bengaluru,field,,BNJ Oxenford,2016,CB Gaffaney,Indian Premier League,,V Kohli,980995
Dr. Y.S. Rajasekhara Reddy ACA-VDCA Cricket Stadium,C Shamshuddin,19.0,2016-05-17,D/L,Navdeep Singh,Rising Pune Supergiant,Visakhapatnam,6,,49.0,RS Mahanama,Rising Pune Supergiant,,,male,Delhi Capitals,,Rising Pune Supergiant,field,,HDPK Dharmasena,2016,Nitin Menon,Indian Premier League,,AB Dinda,980997
M Chinnaswamy Stadium,M Erasmus,82.0,2016-05-18,D/L,A Deshmukh,Royal Challengers Bengaluru,Bangalore,6,,50.0,M Nayyar,Royal Challengers Bengaluru,,,male,Punjab Kings,,Punjab Kings,field,,K Bharatan,2016,KN Ananthapadmanabhan,Indian Premier League,,V Kohli,980999
Green Park,CK Nandan,,2016-05-19,,R Pandit,Gujarat Titans,Kanpur,6,,51.0,RS Mahanama,Gujarat Titans,,,male,Kolkata Knight Riders,6.0,Gujarat Titans,field,,AY Dandekar,2016,AK Chaudhary,Indian Premier League,,DR Smith,981001
Shaheed Veer Narayan Singh International Stadium,BNJ Oxenford,,2016-05-20,,YC Barde,Delhi Capitals,Raipur,6,,52.0,S Chaturvedi,Delhi Capitals,,,male,Sunrisers Hyderabad,6.0,Delhi Capitals,field,,VK Sharma,2016,A Nand Kishore,Indian Premier League,,KK Nair,981003
Dr. Y.S. Rajasekhara Reddy ACA-VDCA Cricket Stadium,Nitin Menon,,2016-05-21,,Navdeep Singh,Rising Pune Supergiant,Visakhapatnam,6,,53.0,RS Madugalle,Rising Pune Supergiant,,,male,Punjab Kings,4.0,Punjab Kings,bat,,C Shamshuddin,2016,HDPK Dharmasena,Indian Premier League,,MS Dhoni,981005
Green Park,CK Nandan,,2016-05-21,,R Pandit,Gujarat Titans,Kanpur,6,,54.0,RS Mahanama,Gujarat Titans,,,male,Mumbai Indians,6.0,Gujarat Titans,field,,AY Dandekar,2016,AK Chaudhary,Indian Premier League,,SK Raina,981007
Eden Gardens,M Erasmus,22.0,2016-05-22,,A Deshmukh,Kolkata Knight Riders,Kolkata,6,,55.0,J Srinath,Kolkata Knight Riders,,,male,Sunrisers Hyderabad,,Sunrisers Hyderabad,field,,K Bharatan,2016,KN Ananthapadmanabhan,Indian Premier League,,YK Pathan,981009
Shaheed Veer Narayan Singh International Stadium,BNJ Oxenford,,2016-05-22,,YC Barde,Royal Challengers Bengaluru,Raipur,6,,56.0,Chinmay Sharma,Delhi Capitals,,,male,Royal Challengers Bengaluru,6.0,Royal Challengers Bengaluru,field,,VK Sharma,2016,A Nand Kishore,Indian Premier League,,V Kohli,981011
M Chinnaswamy Stadium,HDPK Dharmasena,,2016-05-24,,A Deshmukh,Royal Challengers Bengaluru,Bangalore,6,,,RS Mahanama,Gujarat Titans,,,male,Royal Challengers Bengaluru,4.0,Royal Challengers Bengaluru,field,,BNJ Oxenford,2016,AK Chaudhary,Indian Premier League,,AB de Villiers,981013
Feroz Shah Kotla,C Shamshuddin,22.0,2016-05-25,,Navdeep Singh,Sunrisers Hyderabad,Delhi,6,,,RS Mahanama,Sunrisers Hyderabad,,,male,Kolkata Knight Riders,,Kolkata Knight Riders,field,,CK Nandan,2016,M Erasmus,Indian Premier League,,MC Henriques,981015
Feroz Shah Kotla,CK Nandan,,2016-05-27,,Navdeep Singh,Sunrisers Hyderabad,Delhi,6,,,RS Mahanama,Gujarat Titans,,,male,Sunrisers Hyderabad,4.0,Sunrisers Hyderabad,field,,C Shamshuddin,2016,M Erasmus,Indian Premier League,,DA Warner,981017
M Chinnaswamy Stadium,BNJ Oxenford,8.0,2016-05-29,,A Deshmukh,Sunrisers Hyderabad,Bangalore,6,,,RS Madugalle,Royal Challengers Bengaluru,,,male,Sunrisers Hyderabad,,Sunrisers Hyderabad,bat,,AK Chaudhary,2016,HDPK Dharmasena,Indian Premier League,,BCJ Cutting,981019
"Rajiv Gandhi International Stadium, Uppal",NJ Llong,35.0,2017-04-05,,N Pandit,Sunrisers Hyderabad,Hyderabad,6,,1.0,J Srinath,Sunrisers Hyderabad,,,male,Royal Challengers Bengaluru,,Royal Challengers Bengaluru,field,,A Deshmukh,2017,AY Dandekar,Indian Premier League,,Yuvraj Singh,1082591
Maharashtra Cricket Association Stadium,S Ravi,,2017-04-06,,Navdeep Singh,Rising Pune Supergiant,Pune,6,,2.0,M Nayyar,Rising Pune Supergiant,,,male,Mumbai Indians,7.0,Rising Pune Supergiant,field,,VK Sharma,2017,A Nand Kishore,Indian Premier League,,SPD Smith,1082592
Saurashtra Cricket Association Stadium,CK Nandan,,2017-04-07,,K Srinivasan,Kolkata Knight Riders,Rajkot,6,,3.0,V Narayan Kutty,Gujarat Titans,,,male,Kolkata Knight Riders,10.0,Kolkata Knight Riders,field,,YC Barde,2017,Nitin Menon,Indian Premier League,,CA Lynn,1082593
Holkar Cricket Stadium,C Shamshuddin,,2017-04-08,,R Pandit,Punjab Kings,Indore,6,,4.0,Chinmay Sharma,Punjab Kings,,,male,Rising Pune Supergiant,6.0,Punjab Kings,field,,KN Ananthapadmanabhan,2017,AK Chaudhary,Indian Premier League,,GJ Maxwell,1082594
M.Chinnaswamy Stadium,VK Sharma,15.0,2017-04-08,,Navdeep Singh,Royal Challengers Bengaluru,Bengaluru,6,,5.0,J Srinath,Royal Challengers Bengaluru,,,male,Delhi Capitals,,Royal Challengers Bengaluru,bat,,A Nand Kishore,2017,S Ravi,Indian Premier League,,KM Jadhav,1082595
"Rajiv Gandhi International Stadium, Uppal",NJ Llong,,2017-04-09,,N Pandit,Sunrisers Hyderabad,Hyderabad,6,,6.0,M Nayyar,Sunrisers Hyderabad,,,male,Gujarat Titans,9.0,Sunrisers Hyderabad,field,,AY Dandekar,2017,A Deshmukh,Indian Premier League,,Rashid Khan,1082596
Wankhede Stadium,CK Nandan,,2017-04-09,,K Srinivasan,Mumbai Indians,Mumbai,6,,7.0,S Chaturvedi,Mumbai Indians,,,male,Kolkata Knight Riders,4.0,Mumbai Indians,field,,YC Barde,2017,Nitin Menon,Indian Premier League,,N Rana,1082597
Holkar Cricket Stadium,C Shamshuddin,,2017-04-10,,R Pandit,Punjab Kings,Indore,6,,8.0,Chinmay Sharma,Punjab Kings,,,male,Royal Challengers Bengaluru,8.0,Royal Challengers Bengaluru,bat,,KN Ananthapadmanabhan,2017,AK Chaudhary,Indian Premier League,,AR Patel,1082598
Maharashtra Cricket Association Stadium,S Ravi,97.0,2017-04-11,,Navdeep Singh,Delhi Capitals,Pune,6,,9.0,J Srinath,Rising Pune Supergiant,,,male,Delhi Capitals,,Rising Pune Supergiant,field,,A Nand Kishore,2017,AY Dandekar,Indian Premier League,,SV Samson,1082599
Wankhede Stadium,CK Nandan,,2017-04-12,,K Srinivasan,Mumbai Indians,Mumbai,6,,10.0,M Nayyar,Mumbai Indians,,,male,Sunrisers Hyderabad,4.0,Mumbai Indians,field,,YC Barde,2017,Nitin Menon,Indian Premier League,,JJ Bumrah,1082600
Eden Gardens,NJ Llong,,2017-04-13,,N Pandit,Kolkata Knight Riders,Kolkata,6,,11.0,AJ Pycroft,Kolkata Knight Riders,,,male,Punjab Kings,8.0,Kolkata Knight Riders,field,,AY Dandekar,2017,A Deshmukh,Indian Premier League,,SP Narine,1082601
M Chinnaswamy Stadium,AK Chaudhary,,2017-04-14,,R Pandit,Mumbai Indians,Bangalore,6,,12.0,Chinmay Sharma,Royal Challengers Bengaluru,,,male,Mumbai Indians,4.0,Mumbai Indians,field,,C Shamshuddin,2017,KN Ananthapadmanabhan,Indian Premier League,,KA Pollard,1082602
Saurashtra Cricket Association Stadium,S Ravi,,2017-04-14,,Navdeep Singh,Gujarat Titans,Rajkot,6,,13.0,J Srinath,Gujarat Titans,,,male,Rising Pune Supergiant,7.0,Gujarat Titans,field,,VK Sharma,2017,A Nand Kishore,Indian Premier League,,AJ Tye,1082603
Feroz Shah Kotla,Nitin Menon,51.0,2017-04-15,,K Srinivasan,Delhi Capitals,Delhi,6,,15.0,S Chaturvedi,Delhi Capitals,,,male,Punjab Kings,,Delhi Capitals,bat,,CK Nandan,2017,YC Barde,Indian Premier League,,CJ Anderson,1082605
Eden Gardens,NJ Llong,17.0,2017-04-15,,N Pandit,Kolkata Knight Riders,Kolkata,6,,14.0,AJ Pycroft,Kolkata Knight Riders,,,male,Sunrisers Hyderabad,,Sunrisers Hyderabad,field,,A Deshmukh,2017,AY Dandekar,Indian Premier League,,RV Uthappa,1082604
Wankhede Stadium,S Ravi,,2017-04-16,,Navdeep Singh,Mumbai Indians,Mumbai,6,,16.0,M Nayyar,Mumbai Indians,,,male,Gujarat Titans,6.0,Mumbai Indians,field,,VK Sharma,2017,A Nand Kishore,Indian Premier League,,N Rana,1082606
M Chinnaswamy Stadium,C Shamshuddin,27.0,2017-04-16,,R Pandit,Rising Pune Supergiant,Bangalore,6,,17.0,Chinmay Sharma,Royal Challengers Bengaluru,,,male,Rising Pune Supergiant,,Royal Challengers Bengaluru,field,,AK Chaudhary,2017,KN Ananthapadmanabhan,Indian Premier League,,BA Stokes,1082607
Feroz Shah Kotla,CK Nandan,,2017-04-17,,K Srinivasan,Kolkata Knight Riders,Delhi,6,,18.0,S Chaturvedi,Delhi Capitals,,,male,Kolkata Knight Riders,4.0,Delhi Capitals,bat,,YC Barde,2017,Nitin Menon,Indian Premier League,,NM Coulter-Nile,1082608
"Rajiv Gandhi International Stadium, Uppal",A Deshmukh,5.0,2017-04-17,,N Pandit,Sunrisers Hyderabad,Hyderabad,6,,19.0,AJ Pycroft,Sunrisers Hyderabad,,,male,Punjab Kings,,Punjab Kings,field,,NJ Llong,2017,AY Dandekar,Indian Premier League,,B Kumar,1082609
Saurashtra Cricket Association Stadium,VK Sharma,21.0,2017-04-18,,Navdeep Singh,Royal Challengers Bengaluru,Rajkot,6,,20.0,J Srinath,Gujarat Titans,,,male,Royal Challengers Bengaluru,,Gujarat Titans,field,,A Nand Kishore,2017,S Ravi,Indian Premier League,,CH Gayle,1082610
"Rajiv Gandhi International Stadium, Uppal",NJ Llong,15.0,2017-04-19,,N Pandit,Sunrisers Hyderabad,Hyderabad,6,,21.0,M Nayyar,Sunrisers Hyderabad,,,male,Delhi Capitals,,Sunrisers Hyderabad,bat,,AY Dandekar,2017,CB Gaffaney,Indian Premier League,,KS Williamson,1082611
Holkar Cricket Stadium,C Shamshuddin,,2017-04-20,,R Pandit,Mumbai Indians,Indore,6,,22.0,AJ Pycroft,Punjab Kings,,,male,Mumbai Indians,8.0,Mumbai Indians,field,,AK Chaudhary,2017,M Erasmus,Indian Premier League,,JC Buttler,1082612
Eden Gardens,Nitin Menon,,2017-04-21,,K Srinivasan,Gujarat Titans,Kolkata,6,,23.0,V Narayan Kutty,Kolkata Knight Riders,,,male,Gujarat Titans,4.0,Gujarat Titans,field,,CK Nandan,2017,CB Gaffaney,Indian Premier League,,SK Raina,1082613
Wankhede Stadium,S Ravi,14.0,2017-04-22,,Navdeep Singh,Mumbai Indians,Mumbai,6,,25.0,J Srinath,Mumbai Indians,,,male,Delhi Capitals,,Delhi Capitals,field,,KN Ananthapadmanabhan,2017,A Nand Kishore,Indian Premier League,,MJ McClenaghan,1082614
Maharashtra Cricket Association Stadium,A Deshmukh,,2017-04-22,,N Pandit,Rising Pune Supergiant,Pune,6,,24.0,M Nayyar,Rising Pune Supergiant,,,male,Sunrisers Hyderabad,6.0,Rising Pune Supergiant,field,,NJ Llong,2017,AY Dandekar,Indian Premier League,,MS Dhoni,1082615
Saurashtra Cricket Association Stadium,M Erasmus,26.0,2017-04-23,,R Pandit,Punjab Kings,Rajkot,6,,26.0,Chinmay Sharma,Gujarat Titans,,,male,Punjab Kings,,Gujarat Titans,field,,C Shamshuddin,2017,AK Chaudhary,Indian Premier League,,HM Amla,1082616
Eden Gardens,CK Nandan,82.0,2017-04-23,,K Srinivasan,Kolkata Knight Riders,Kolkata,6,,27.0,V Narayan Kutty,Kolkata Knight Riders,,,male,Royal Challengers Bengaluru,,Royal Challengers Bengaluru,field,,Nitin Menon,2017,CB Gaffaney,Indian Premier League,,NM Coulter-Nile,1082617
Wankhede Stadium,S Ravi,3.0,2017-04-24,,Navdeep Singh,Rising Pune Supergiant,Mumbai,6,,28.0,J Srinath,Mumbai Indians,,,male,Rising Pune Supergiant,,Mumbai Indians,field,,KN Ananthapadmanabhan,2017,A Nand Kishore,Indian Premier League,,BA Stokes,1082618
Maharashtra Cricket Association Stadium,NJ Llong,,2017-04-26,,N Pandit,Kolkata Knight Riders,Pune,6,,30.0,AJ Pycroft,Rising Pune Supergiant,,,male,Kolkata Knight Riders,7.0,Kolkata Knight Riders,field,,CB Gaffaney,2017,AY Dandekar,Indian Premier League,,RV Uthappa,1082620
M Chinnaswamy Stadium,C Shamshuddin,,2017-04-27,,R Pandit,Gujarat Titans,Bangalore,6,,31.0,Chinmay Sharma,Royal Challengers Bengaluru,,,male,Gujarat Titans,7.0,Gujarat Titans,field,,M Erasmus,2017,AK Chaudhary,Indian Premier League,,AJ Tye,1082621
Eden Gardens,S Ravi,,2017-04-28,,Navdeep Singh,Kolkata Knight Riders,Kolkata,6,,32.0,AJ Pycroft,Kolkata Knight Riders,,,male,Delhi Capitals,7.0,Kolkata Knight Riders,field,,VK Sharma,2017,NJ Llong,Indian Premier League,,G Gambhir,1082622
"Punjab Cricket Association IS Bindra Stadium, Mohali",CK Nandan,26.0,2017-04-28,,K Srinivasan,Sunrisers Hyderabad,Chandigarh,6,,33.0,S Chaturvedi,Punjab Kings,,,male,Sunrisers Hyderabad,,Punjab Kings,field,,YC Barde,2017,Nitin Menon,Indian Premier League,,Rashid Khan,1082623
Maharashtra Cricket Association Stadium,M Erasmus,61.0,2017-04-29,,R Pandit,Rising Pune Supergiant,Pune,6,,34.0,Chinmay Sharma,Rising Pune Supergiant,,,male,Royal Challengers Bengaluru,,Royal Challengers Bengaluru,field,,C Shamshuddin,2017,KN Ananthapadmanabhan,Indian Premier League,,LH Ferguson,1082624
Saurashtra Cricket Association Stadium,CB Gaffaney,,2017-04-29,,N Pandit,,Rajkot,6,tie,35.0,M Nayyar,Gujarat Titans,Mumbai Indians,,male,Mumbai Indians,,Gujarat Titans,bat,,A Nand Kishore,2017,AK Chaudhary,Indian Premier League,,KH Pandya,1082625
"Punjab Cricket Association IS Bindra Stadium, Mohali",CK Nandan,,2017-04-30,,K Srinivasan,Punjab Kings,Chandigarh,6,,36.0,S Chaturvedi,Punjab Kings,,,male,Delhi Capitals,10.0,Punjab Kings,field,,Nitin Menon,2017,YC Barde,Indian Premier League,,Sandeep Sharma,1082626
"Rajiv Gandhi International Stadium, Uppal",S Ravi,48.0,2017-04-30,,Navdeep Singh,Sunrisers Hyderabad,Hyderabad,6,,37.0,J Srinath,Sunrisers Hyderabad,,,male,Kolkata Knight Riders,,Kolkata Knight Riders,field,,VK Sharma,2017,AY Dandekar,Indian Premier League,,DA Warner,1082627
Wankhede Stadium,CB Gaffaney,,2017-05-01,,N Pandit,Mumbai Indians,Mumbai,6,,38.0,M Nayyar,Mumbai Indians,,,male,Royal Challengers Bengaluru,5.0,Royal Challengers Bengaluru,bat,,A Deshmukh,2017,AK Chaudhary,Indian Premier League,,RG Sharma,1082628
Maharashtra Cricket Association Stadium,C Shamshuddin,,2017-05-01,,R Pandit,Rising Pune Supergiant,Pune,6,,39.0,Chinmay Sharma,Rising Pune Supergiant,,,male,Gujarat Titans,5.0,Rising Pune Supergiant,field,,KN Ananthapadmanabhan,2017,M Erasmus,Indian Premier League,,BA Stokes,1082629
Feroz Shah Kotla,Nitin Menon,,2017-05-02,,K Srinivasan,Delhi Capitals,Delhi,6,,40.0,AJ Pycroft,Delhi Capitals,,,male,Sunrisers Hyderabad,6.0,Delhi Capitals,field,,CK Nandan,2017,YC Barde,Indian Premier League,,Mohammed Shami,1082630
Eden Gardens,A Nand Kishore,,2017-05-03,,Navdeep Singh,Rising Pune Supergiant,Kolkata,6,,41.0,J Srinath,Kolkata Knight Riders,,,male,Rising Pune Supergiant,4.0,Rising Pune Supergiant,field,,S Ravi,2017,KN Ananthapadmanabhan,Indian Premier League,,RA Tripathi,1082631
Feroz Shah Kotla,Nitin Menon,,2017-05-04,,K Srinivasan,Delhi Capitals,Delhi,6,,42.0,M Nayyar,Delhi Capitals,,,male,Gujarat Titans,7.0,Delhi Capitals,field,,CK Nandan,2017,M Erasmus,Indian Premier League,,RR Pant,1082632
M Chinnaswamy Stadium,C Shamshuddin,19.0,2017-05-05,,N Pandit,Punjab Kings,Bangalore,6,,43.0,V Narayan Kutty,Royal Challengers Bengaluru,,,male,Punjab Kings,,Royal Challengers Bengaluru,field,,AY Dandekar,2017,CB Gaffaney,Indian Premier League,,Sandeep Sharma,1082633
"Rajiv Gandhi International Stadium, Uppal",AK Chaudhary,12.0,2017-05-06,,R Pandit,Rising Pune Supergiant,Hyderabad,6,,44.0,Chinmay Sharma,Sunrisers Hyderabad,,,male,Rising Pune Supergiant,,Sunrisers Hyderabad,field,,M Erasmus,2017,KN Ananthapadmanabhan,Indian Premier League,,JD Unadkat,1082634
Feroz Shah Kotla,CK Nandan,146.0,2017-05-06,,K Srinivasan,Mumbai Indians,Delhi,6,,45.0,M Nayyar,Delhi Capitals,,,male,Mumbai Indians,,Delhi Capitals,field,,YC Barde,2017,Nitin Menon,Indian Premier League,,LMP Simmons,1082635
M Chinnaswamy Stadium,C Shamshuddin,,2017-05-07,,N Pandit,Kolkata Knight Riders,Bangalore,6,,46.0,AJ Pycroft,Royal Challengers Bengaluru,,,male,Kolkata Knight Riders,6.0,Kolkata Knight Riders,field,,CB Gaffaney,2017,AY Dandekar,Indian Premier League,,SP Narine,1082636
"Punjab Cricket Association IS Bindra Stadium, Mohali",VK Sharma,,2017-05-07,,Navdeep Singh,Gujarat Titans,Chandigarh,6,,47.0,J Srinath,Punjab Kings,,,male,Gujarat Titans,6.0,Gujarat Titans,field,,S Ravi,2017,A Nand Kishore,Indian Premier League,,DR Smith,1082637
"Rajiv Gandhi International Stadium, Uppal",M Erasmus,,2017-05-08,,R Pandit,Sunrisers Hyderabad,Hyderabad,6,,48.0,Chinmay Sharma,Sunrisers Hyderabad,,,male,Mumbai Indians,7.0,Mumbai Indians,bat,,AK Chaudhary,2017,KN Ananthapadmanabhan,Indian Premier League,,S Dhawan,1082638
"Punjab Cricket Association IS Bindra Stadium, Mohali",S Ravi,14.0,2017-05-09,,Navdeep Singh,Punjab Kings,Chandigarh,6,,49.0,J Srinath,Punjab Kings,,,male,Kolkata Knight Riders,,Kolkata Knight Riders,field,,VK Sharma,2017,A Nand Kishore,Indian Premier League,,MM Sharma,1082639
Green Park,AK Chaudhary,,2017-05-10,,K Srinivasan,Delhi Capitals,Kanpur,6,,50.0,V Narayan Kutty,Gujarat Titans,,,male,Delhi Capitals,2.0,Delhi Capitals,field,,Nitin Menon,2017,YC Barde,Indian Premier League,,SS Iyer,1082640
Wankhede Stadium,A Nand Kishore,7.0,2017-05-11,,N Pandit,Punjab Kings,Mumbai,6,,51.0,M Nayyar,Mumbai Indians,,,male,Punjab Kings,,Mumbai Indians,field,,VK Sharma,2017,A Deshmukh,Indian Premier League,,WP Saha,1082641
Feroz Shah Kotla,CK Nandan,7.0,2017-05-12,,R Pandit,Delhi Capitals,Delhi,6,,52.0,AJ Pycroft,Delhi Capitals,,,male,Rising Pune Supergiant,,Delhi Capitals,bat,,C Shamshuddin,2017,KN Ananthapadmanabhan,Indian Premier League,,KK Nair,1082642
Green Park,Nitin Menon,,2017-05-13,,K Srinivasan,Sunrisers Hyderabad,Kanpur,6,,53.0,Chinmay Sharma,Gujarat Titans,,,male,Sunrisers Hyderabad,8.0,Sunrisers Hyderabad,field,,YC Barde,2017,AK Chaudhary,Indian Premier League,,Mohammed Siraj,1082643
Eden Gardens,S Ravi,9.0,2017-05-13,,Navdeep Singh,Mumbai Indians,Kolkata,6,,54.0,J Srinath,Kolkata Knight Riders,,,male,Mumbai Indians,,Kolkata Knight Riders,field,,VK Sharma,2017,A Nand Kishore,Indian Premier League,,AT Rayudu,1082644
Maharashtra Cricket Association Stadium,A Deshmukh,,2017-05-14,,N Pandit,Rising Pune Supergiant,Pune,6,,55.0,M Nayyar,Rising Pune Supergiant,,,male,Punjab Kings,9.0,Rising Pune Supergiant,field,,KN Ananthapadmanabhan,2017,AY Dandekar,Indian Premier League,,JD Unadkat,1082645
Feroz Shah Kotla,C Shamshuddin,10.0,2017-05-14,,R Pandit,Royal Challengers Bengaluru,Delhi,6,,56.0,AJ Pycroft,Delhi Capitals,,,male,Royal Challengers Bengaluru,,Royal Challengers Bengaluru,bat,,KN Ananthapadmanabhan,2017,CK Nandan,Indian Premier League,,HV Patel,1082646
Wankhede Stadium,C Shamshuddin,20.0,2017-05-16,,YC Barde,Rising Pune Supergiant,Mumbai,6,,,J Srinath,Mumbai Indians,,,male,Rising Pune Supergiant,,Mumbai Indians,field,,CK Nandan,2017,S Ravi,Indian Premier League,,Washington Sundar,1082647
M Chinnaswamy Stadium,Nitin Menon,,2017-05-17,D/L,KN Ananthapadmanabhan,Kolkata Knight Riders,Bangalore,6,,,M Nayyar,Sunrisers Hyderabad,,2017/05/17,male,Kolkata Knight Riders,7.0,Kolkata Knight Riders,field,2017/05/18,A Nand Kishore,2017,AK Chaudhary,Indian Premier League,,NM Coulter-Nile,1082648
M Chinnaswamy Stadium,Nitin Menon,,2017-05-19,,KN Ananthapadmanabhan,Mumbai Indians,Bangalore,6,,,Chinmay Sharma,Mumbai Indians,,,male,Kolkata Knight Riders,6.0,Mumbai Indians,field,,C Shamshuddin,2017,NJ Llong,Indian Premier League,,KV Sharma,1082649
"Rajiv Gandhi International Stadium, Uppal",S Ravi,1.0,2017-05-21,,A Nand Kishore,Mumbai Indians,Hyderabad,6,,,J Srinath,Mumbai Indians,,,male,Rising Pune Supergiant,,Mumbai Indians,bat,,AK Chaudhary,2017,NJ Llong,Indian Premier League,,KH Pandya,1082650
Wankhede Stadium,A Nand Kishore,,2018-04-07,,UV Gandhe,Chennai Super Kings,Mumbai,6,,1.0,RB Richardson,Mumbai Indians,,,male,Chennai Super Kings,1.0,Chennai Super Kings,field,,AK Chaudhary,2018,CB Gaffaney,Indian Premier League,,DJ Bravo,1136561
Punjab Cricket Association IS Bindra Stadium,RJ Tucker,,2018-04-08,,N Pandit,Punjab Kings,Chandigarh,6,,2.0,J Srinath,Delhi Capitals,,,male,Punjab Kings,6.0,Punjab Kings,field,,Nitin Menon,2018,KN Ananthapadmanabhan,Indian Premier League,,KL Rahul,1136562
Eden Gardens,C Shamshuddin,,2018-04-08,,K Srinath,Kolkata Knight Riders,Kolkata,6,,3.0,V Narayan Kutty,Royal Challengers Bengaluru,,,male,Kolkata Knight Riders,4.0,Kolkata Knight Riders,field,,S Ravi,2018,A Deshmukh,Indian Premier League,,SP Narine,1136563
Rajiv Gandhi International Stadium,VA Kulkarni,,2018-04-09,,R Pandit,Sunrisers Hyderabad,Hyderabad,6,,4.0,S Chaturvedi,Rajasthan Royals,,,male,Sunrisers Hyderabad,9.0,Sunrisers Hyderabad,field,,CK Nandan,2018,NJ Llong,Indian Premier League,,S Dhawan,1136564
MA Chidambaram Stadium,CB Gaffaney,,2018-04-10,,UV Gandhe,Chennai Super Kings,Chennai,6,,5.0,RB Richardson,Kolkata Knight Riders,,,male,Chennai Super Kings,5.0,Chennai Super Kings,field,,A Nand Kishore,2018,AK Chaudhary,Indian Premier League,,SW Billings,1136565
Sawai Mansingh Stadium,Nitin Menon,10.0,2018-04-11,D/L,N Pandit,Rajasthan Royals,Jaipur,6,,6.0,J Srinath,Rajasthan Royals,,,male,Delhi Capitals,,Delhi Capitals,field,,RJ Tucker,2018,KN Ananthapadmanabhan,Indian Premier League,,SV Samson,1136566
Rajiv Gandhi International Stadium,NJ Llong,,2018-04-12,,R Pandit,Sunrisers Hyderabad,Hyderabad,6,,7.0,S Chaturvedi,Mumbai Indians,,,male,Sunrisers Hyderabad,1.0,Sunrisers Hyderabad,field,,VA Kulkarni,2018,CK Nandan,Indian Premier League,,Rashid Khan,1136567
M.Chinnaswamy Stadium,S Ravi,,2018-04-13,,K Srinath,Royal Challengers Bengaluru,Bengaluru,6,,8.0,V Narayan Kutty,Punjab Kings,,,male,Royal Challengers Bengaluru,4.0,Royal Challengers Bengaluru,field,,C Shamshuddin,2018,A Deshmukh,Indian Premier League,,UT Yadav,1136568
Wankhede Stadium,Nitin Menon,,2018-04-14,,N Pandit,Delhi Capitals,Mumbai,6,,9.0,J Srinath,Mumbai Indians,,,male,Delhi Capitals,7.0,Delhi Capitals,field,,RJ Tucker,2018,KN Ananthapadmanabhan,Indian Premier League,,JJ Roy,1136569
Eden Gardens,A Nand Kishore,,2018-04-14,,UV Gandhe,Sunrisers Hyderabad,Kolkata,6,,10.0,RB Richardson,Kolkata Knight Riders,,,male,Sunrisers Hyderabad,5.0,Sunrisers Hyderabad,field,,CB Gaffaney,2018,AK Chaudhary,Indian Premier League,,B Stanlake,1136570
Punjab Cricket Association IS Bindra Stadium,VA Kulkarni,4.0,2018-04-15,,R Pandit,Punjab Kings,Chandigarh,6,,12.0,S Chaturvedi,Punjab Kings,,,male,Chennai Super Kings,,Chennai Super Kings,field,,NJ Llong,2018,CK Nandan,Indian Premier League,,CH Gayle,1136572
M.Chinnaswamy Stadium,S Ravi,19.0,2018-04-15,,K Srinath,Rajasthan Royals,Bengaluru,6,,11.0,M Nayyar,Rajasthan Royals,,,male,Royal Challengers Bengaluru,,Royal Challengers Bengaluru,field,,A Deshmukh,2018,C Shamshuddin,Indian Premier League,,SV Samson,1136571
Eden Gardens,A Nand Kishore,71.0,2018-04-16,,UV Gandhe,Kolkata Knight Riders,Kolkata,6,,13.0,RB Richardson,Kolkata Knight Riders,,,male,Delhi Capitals,,Delhi Capitals,field,,CB Gaffaney,2018,AK Chaudhary,Indian Premier League,,N Rana,1136573
Wankhede Stadium,RJ Tucker,46.0,2018-04-17,,N Pandit,Mumbai Indians,Mumbai,6,,14.0,J Srinath,Mumbai Indians,,,male,Royal Challengers Bengaluru,,Royal Challengers Bengaluru,field,,KN Ananthapadmanabhan,2018,Nitin Menon,Indian Premier League,,RG Sharma,1136574
Sawai Mansingh Stadium,S Ravi,,2018-04-18,,K Srinath,Kolkata Knight Riders,Jaipur,6,,15.0,M Nayyar,Rajasthan Royals,,,male,Kolkata Knight Riders,7.0,Kolkata Knight Riders,field,,C Shamshuddin,2018,A Deshmukh,Indian Premier League,,N Rana,1136575
Punjab Cricket Association IS Bindra Stadium,NJ Llong,15.0,2018-04-19,,R Pandit,Punjab Kings,Chandigarh,6,,16.0,S Chaturvedi,Punjab Kings,,,male,Sunrisers Hyderabad,,Punjab Kings,bat,,VA Kulkarni,2018,AK Chaudhary,Indian Premier League,,CH Gayle,1136576
Maharashtra Cricket Association Stadium,Nitin Menon,64.0,2018-04-20,,N Pandit,Chennai Super Kings,Pune,6,,17.0,J Srinath,Chennai Super Kings,,,male,Rajasthan Royals,,Rajasthan Royals,field,,RJ Tucker,2018,KN Ananthapadmanabhan,Indian Premier League,,SR Watson,1136577
Eden Gardens,C Shamshuddin,,2018-04-21,D/L,K Srinath,Punjab Kings,Kolkata,6,,18.0,M Nayyar,Kolkata Knight Riders,,,male,Punjab Kings,9.0,Punjab Kings,field,,S Ravi,2018,A Deshmukh,Indian Premier League,,KL Rahul,1136578
M.Chinnaswamy Stadium,CK Nandan,,2018-04-21,,UV Gandhe,Royal Challengers Bengaluru,Bengaluru,6,,19.0,RB Richardson,Delhi Capitals,,,male,Royal Challengers Bengaluru,6.0,Royal Challengers Bengaluru,field,,A Nand Kishore,2018,CB Gaffaney,Indian Premier League,,AB de Villiers,1136579
Rajiv Gandhi International Stadium,VA Kulkarni,4.0,2018-04-22,,R Pandit,Chennai Super Kings,Hyderabad,6,,20.0,S Chaturvedi,Chennai Super Kings,,,male,Sunrisers Hyderabad,,Sunrisers Hyderabad,field,,NJ Llong,2018,AK Chaudhary,Indian Premier League,,AT Rayudu,1136580
Sawai Mansingh Stadium,RJ Tucker,,2018-04-22,,HAS Khalid,Rajasthan Royals,Jaipur,6,,21.0,J Srinath,Mumbai Indians,,,male,Rajasthan Royals,3.0,Mumbai Indians,bat,,Nitin Menon,2018,KN Ananthapadmanabhan,Indian Premier League,,JC Archer,1136581
Arun Jaitley Stadium,CK Nandan,4.0,2018-04-23,,GR Sadashiv Iyer,Punjab Kings,Delhi,6,,22.0,RB Richardson,Punjab Kings,,,male,Delhi Capitals,,Delhi Capitals,field,,CB Gaffaney,2018,A Nand Kishore,Indian Premier League,,AS Rajpoot,1136582
Wankhede Stadium,S Ravi,31.0,2018-04-24,,K Srinath,Sunrisers Hyderabad,Mumbai,6,,23.0,V Narayan Kutty,Sunrisers Hyderabad,,,male,Mumbai Indians,,Mumbai Indians,field,,A Deshmukh,2018,C Shamshuddin,Indian Premier League,,Rashid Khan,1136583
M.Chinnaswamy Stadium,VK Sharma,,2018-04-25,,N Pandit,Chennai Super Kings,Bengaluru,6,,24.0,S Chaturvedi,Royal Challengers Bengaluru,,,male,Chennai Super Kings,5.0,Chennai Super Kings,field,,AK Chaudhary,2018,NJ Llong,Indian Premier League,,MS Dhoni,1136584
Rajiv Gandhi International Stadium,YC Barde,13.0,2018-04-26,,GR Sadashiv Iyer,Sunrisers Hyderabad,Hyderabad,6,,25.0,J Srinath,Sunrisers Hyderabad,,,male,Punjab Kings,,Punjab Kings,field,,RJ Tucker,2018,CK Nandan,Indian Premier League,,AS Rajpoot,1136585
Arun Jaitley Stadium,S Ravi,55.0,2018-04-27,,UV Gandhe,Delhi Capitals,Delhi,6,,26.0,RB Richardson,Delhi Capitals,,,male,Kolkata Knight Riders,,Kolkata Knight Riders,field,,A Nand Kishore,2018,C Shamshuddin,Indian Premier League,,SS Iyer,1136586
Maharashtra Cricket Association Stadium,Nitin Menon,,2018-04-28,,HAS Khalid,Mumbai Indians,Pune,6,,27.0,V Narayan Kutty,Chennai Super Kings,,,male,Mumbai Indians,8.0,Mumbai Indians,field,,AY Dandekar,2018,CB Gaffaney,Indian Premier League,,RG Sharma,1136587
Sawai Mansingh Stadium,A Nand Kishore,11.0,2018-04-29,,GR Sadashiv Iyer,Sunrisers Hyderabad,Jaipur,6,,28.0,AJ Pycroft,Sunrisers Hyderabad,,,male,Rajasthan Royals,,Sunrisers Hyderabad,bat,,S Ravi,2018,BNJ Oxenford,Indian Premier League,,KS Williamson,1136588
M.Chinnaswamy Stadium,NJ Llong,,2018-04-29,,R Pandit,Kolkata Knight Riders,Bengaluru,6,,29.0,M Nayyar,Royal Challengers Bengaluru,,,male,Kolkata Knight Riders,6.0,Kolkata Knight Riders,field,,VK Sharma,2018,AK Chaudhary,Indian Premier League,,CA Lynn,1136589
Maharashtra Cricket Association Stadium,C Shamshuddin,13.0,2018-04-30,,HAS Khalid,Chennai Super Kings,Pune,6,,30.0,V Narayan Kutty,Chennai Super Kings,,,male,Delhi Capitals,,Delhi Capitals,field,,CK Nandan,2018,AY Dandekar,Indian Premier League,,SR Watson,1136590
M.Chinnaswamy Stadium,Nitin Menon,14.0,2018-05-01,,N Pandit,Royal Challengers Bengaluru,Bengaluru,6,,31.0,J Srinath,Royal Challengers Bengaluru,,,male,Mumbai Indians,,Mumbai Indians,field,,YC Barde,2018,M Erasmus,Indian Premier League,,TG Southee,1136591
Arun Jaitley Stadium,VK Sharma,4.0,2018-05-02,D/L,GR Sadashiv Iyer,Delhi Capitals,Delhi,6,,32.0,AJ Pycroft,Delhi Capitals,,,male,Rajasthan Royals,,Rajasthan Royals,field,,BNJ Oxenford,2018,CK Nandan,Indian Premier League,,RR Pant,1136592
Eden Gardens,HDPK Dharmasena,,2018-05-03,,R Pandit,Kolkata Knight Riders,Kolkata,6,,33.0,V Narayan Kutty,Chennai Super Kings,,,male,Kolkata Knight Riders,6.0,Kolkata Knight Riders,field,,AK Chaudhary,2018,A Deshmukh,Indian Premier League,,SP Narine,1136593
Holkar Cricket Stadium,S Ravi,,2018-05-04,,HAS Khalid,Mumbai Indians,Indore,6,,34.0,M Nayyar,Punjab Kings,,,male,Mumbai Indians,6.0,Mumbai Indians,field,,C Shamshuddin,2018,AY Dandekar,Indian Premier League,,SA Yadav,1136594
Maharashtra Cricket Association Stadium,YC Barde,,2018-05-05,,N Pandit,Chennai Super Kings,Pune,6,,35.0,J Srinath,Royal Challengers Bengaluru,,,male,Chennai Super Kings,6.0,Chennai Super Kings,field,,M Erasmus,2018,Nitin Menon,Indian Premier League,,RA Jadeja,1136595
Rajiv Gandhi International Stadium,CK Nandan,,2018-05-05,,GR Sadashiv Iyer,Sunrisers Hyderabad,Hyderabad,6,,36.0,AJ Pycroft,Delhi Capitals,,,male,Sunrisers Hyderabad,7.0,Delhi Capitals,bat,,VK Sharma,2018,BNJ Oxenford,Indian Premier League,,Rashid Khan,1136596
Wankhede Stadium,HDPK Dharmasena,13.0,2018-05-06,,R Pandit,Mumbai Indians,Mumbai,6,,37.0,V Narayan Kutty,Mumbai Indians,,,male,Kolkata Knight Riders,,Kolkata Knight Riders,field,,AK Chaudhary,2018,A Deshmukh,Indian Premier League,,HH Pandya,1136597
Holkar Cricket Stadium,S Ravi,,2018-05-06,,HAS Khalid,Punjab Kings,Indore,6,,38.0,M Nayyar,Rajasthan Royals,,,male,Punjab Kings,6.0,Punjab Kings,field,,AY Dandekar,2018,C Shamshuddin,Indian Premier League,,Mujeeb Ur Rahman,1136598
Rajiv Gandhi International Stadium,VK Sharma,5.0,2018-05-07,,GR Sadashiv Iyer,Sunrisers Hyderabad,Hyderabad,6,,39.0,AJ Pycroft,Sunrisers Hyderabad,,,male,Royal Challengers Bengaluru,,Royal Challengers Bengaluru,field,,CK Nandan,2018,BNJ Oxenford,Indian Premier League,,KS Williamson,1136599
Sawai Mansingh Stadium,Nitin Menon,15.0,2018-05-08,,N Pandit,Rajasthan Royals,Jaipur,6,,40.0,J Srinath,Rajasthan Royals,,,male,Punjab Kings,,Rajasthan Royals,bat,,YC Barde,2018,M Erasmus,Indian Premier League,,JC Buttler,1136600
Eden Gardens,AK Chaudhary,102.0,2018-05-09,,R Pandit,Mumbai Indians,Kolkata,6,,41.0,Prakash Bhatt,Mumbai Indians,,,male,Kolkata Knight Riders,,Kolkata Knight Riders,field,,HDPK Dharmasena,2018,KN Ananthapadmanabhan,Indian Premier League,,Ishan Kishan,1136601
Arun Jaitley Stadium,C Shamshuddin,,2018-05-10,,HAS Khalid,Sunrisers Hyderabad,Delhi,6,,42.0,M Nayyar,Delhi Capitals,,,male,Sunrisers Hyderabad,9.0,Delhi Capitals,bat,,S Ravi,2018,AY Dandekar,Indian Premier League,,S Dhawan,1136602
Sawai Mansingh Stadium,YC Barde,,2018-05-11,,N Pandit,Rajasthan Royals,Jaipur,6,,43.0,J Srinath,Chennai Super Kings,,,male,Rajasthan Royals,4.0,Chennai Super Kings,bat,,Nitin Menon,2018,M Erasmus,Indian Premier League,,JC Buttler,1136603
Holkar Cricket Stadium,VK Sharma,31.0,2018-05-12,,GR Sadashiv Iyer,Kolkata Knight Riders,Indore,6,,44.0,AJ Pycroft,Kolkata Knight Riders,,,male,Punjab Kings,,Punjab Kings,field,,BNJ Oxenford,2018,CK Nandan,Indian Premier League,,SP Narine,1136604
Arun Jaitley Stadium,HDPK Dharmasena,,2018-05-12,,K Srinath,Royal Challengers Bengaluru,Delhi,6,,45.0,Prakash Bhatt,Delhi Capitals,,,male,Royal Challengers Bengaluru,5.0,Royal Challengers Bengaluru,field,,AK Chaudhary,2018,KN Ananthapadmanabhan,Indian Premier League,,AB de Villiers,1136605
Maharashtra Cricket Association Stadium,YC Barde,,2018-05-13,,HAS Khalid,Chennai Super Kings,Pune,6,,46.0,M Nayyar,Sunrisers Hyderabad,,,male,Chennai Super Kings,8.0,Chennai Super Kings,field,,AY Dandekar,2018,M Erasmus,Indian Premier League,,AT Rayudu,1136606
Wankhede Stadium,S Ravi,,2018-05-13,,UV Gandhe,Rajasthan Royals,Mumbai,6,,47.0,J Srinath,Mumbai Indians,,,male,Rajasthan Royals,7.0,Rajasthan Royals,field,,C Shamshuddin,2018,Nitin Menon,Indian Premier League,,JC Buttler,1136607
Holkar Cricket Stadium,VK Sharma,,2018-05-14,,GR Sadashiv Iyer,Royal Challengers Bengaluru,Indore,6,,48.0,AJ Pycroft,Punjab Kings,,,male,Royal Challengers Bengaluru,10.0,Royal Challengers Bengaluru,field,,CK Nandan,2018,BNJ Oxenford,Indian Premier League,,UT Yadav,1136608
Eden Gardens,HDPK Dharmasena,,2018-05-15,,K Srinath,Kolkata Knight Riders,Kolkata,6,,49.0,M Nayyar,Rajasthan Royals,,,male,Kolkata Knight Riders,6.0,Kolkata Knight Riders,field,,VA Kulkarni,2018,AK Chaudhary,Indian Premier League,,Kuldeep Yadav,1136609
Wankhede Stadium,Nitin Menon,3.0,2018-05-16,,UV Gandhe,Mumbai Indians,Mumbai,6,,50.0,J Srinath,Mumbai Indians,,,male,Punjab Kings,,Punjab Kings,field,,YC Barde,2018,M Erasmus,Indian Premier League,,JJ Bumrah,1136610
M.Chinnaswamy Stadium,S Ravi,14.0,2018-05-17,,HAS Khalid,Royal Challengers Bengaluru,Bengaluru,6,,51.0,Prakash Bhatt,Royal Challengers Bengaluru,,,male,Sunrisers Hyderabad,,Sunrisers Hyderabad,field,,C Shamshuddin,2018,AY Dandekar,Indian Premier League,,AB de Villiers,1136611
Arun Jaitley Stadium,VA Kulkarni,34.0,2018-05-18,,K Srinath,Delhi Capitals,Delhi,6,,52.0,M Nayyar,Delhi Capitals,,,male,Chennai Super Kings,,Chennai Super Kings,field,,CK Nandan,2018,HDPK Dharmasena,Indian Premier League,,HV Patel,1136612
Sawai Mansingh Stadium,VK Sharma,30.0,2018-05-19,,GR Sadashiv Iyer,Rajasthan Royals,Jaipur,6,,53.0,AJ Pycroft,Rajasthan Royals,,,male,Royal Challengers Bengaluru,,Rajasthan Royals,bat,,C Shamshuddin,2018,BNJ Oxenford,Indian Premier League,,S Gopal,1136613
Rajiv Gandhi International Stadium,S Ravi,,2018-05-19,,HAS Khalid,Kolkata Knight Riders,Hyderabad,6,,54.0,Prakash Bhatt,Sunrisers Hyderabad,,,male,Kolkata Knight Riders,5.0,Sunrisers Hyderabad,bat,,AY Dandekar,2018,AK Chaudhary,Indian Premier League,,CA Lynn,1136614
Maharashtra Cricket Association Stadium,YC Barde,,2018-05-20,,UV Gandhe,Chennai Super Kings,Pune,6,,56.0,J Srinath,Punjab Kings,,,male,Chennai Super Kings,5.0,Chennai Super Kings,field,,M Erasmus,2018,Nitin Menon,Indian Premier League,,L Ngidi,1136616
Arun Jaitley Stadium,CK Nandan,11.0,2018-05-20,,K Srinath,Delhi Capitals,Delhi,6,,55.0,M Nayyar,Delhi Capitals,,,male,Mumbai Indians,,Delhi Capitals,bat,,VA Kulkarni,2018,HDPK Dharmasena,Indian Premier League,,A Mishra,1136615
Wankhede Stadium,M Erasmus,,2018-05-22,,YC Barde,Chennai Super Kings,Mumbai,6,,,AJ Pycroft,Sunrisers Hyderabad,,,male,Chennai Super Kings,2.0,Chennai Super Kings,field,,S Ravi,2018,C Shamshuddin,Indian Premier League,,F du Plessis,1136617
Eden Gardens,Nitin Menon,25.0,2018-05-23,,A Nand Kishore,Kolkata Knight Riders,Kolkata,6,,,J Srinath,Kolkata Knight Riders,,,male,Rajasthan Royals,,Rajasthan Royals,field,,HDPK Dharmasena,2018,AK Chaudhary,Indian Premier League,,AD Russell,1136618
Eden Gardens,Nitin Menon,14.0,2018-05-25,,A Nand Kishore,Sunrisers Hyderabad,Kolkata,6,,,J Srinath,Sunrisers Hyderabad,,,male,Kolkata Knight Riders,,Kolkata Knight Riders,field,,AK Chaudhary,2018,HDPK Dharmasena,Indian Premier League,,Rashid Khan,1136619
Wankhede Stadium,S Ravi,,2018-05-27,,YC Barde,Chennai Super Kings,Mumbai,6,,,AJ Pycroft,Sunrisers Hyderabad,,,male,Chennai Super Kings,8.0,Chennai Super Kings,field,,Nitin Menon,2018,M Erasmus,Indian Premier League,,SR Watson,1136620
MA Chidambaram Stadium,BNJ Oxenford,,2019-03-23,,HAS Khalid,Chennai Super Kings,Chennai,6,,1.0,J Srinath,Royal Challengers Bengaluru,,,male,Chennai Super Kings,7.0,Chennai Super Kings,field,,Nitin Menon,2019,AY Dandekar,Indian Premier League,,Harbhajan Singh,1175356
Eden Gardens,CB Gaffaney,,2019-03-24,,GR Sadashiv Iyer,Kolkata Knight Riders,Kolkata,6,,2.0,V Narayan Kutty,Sunrisers Hyderabad,,,male,Kolkata Knight Riders,6.0,Kolkata Knight Riders,field,,VA Kulkarni,2019,AK Chaudhary,Indian Premier League,,AD Russell,1175357
Wankhede Stadium,YC Barde,37.0,2019-03-24,,BK Ravi,Delhi Capitals,Mumbai,6,,3.0,M Nayyar,Delhi Capitals,,,male,Mumbai Indians,,Mumbai Indians,field,,CK Nandan,2019,S Ravi,Indian Premier League,,RR Pant,1175358
Sawai Mansingh Stadium,KN Ananthapadmanabhan,14.0,2019-03-25,,K Srinath,Punjab Kings,Jaipur,6,,4.0,Chinmay Sharma,Punjab Kings,,,male,Rajasthan Royals,,Rajasthan Royals,field,,BNJ Oxenford,2019,C Shamshuddin,Indian Premier League,,CH Gayle,1175359
Arun Jaitley Stadium,Nitin Menon,,2019-03-26,,HAS Khalid,Chennai Super Kings,Delhi,6,,5.0,J Srinath,Delhi Capitals,,,male,Chennai Super Kings,6.0,Delhi Capitals,bat,,AY Dandekar,2019,M Erasmus,Indian Premier League,,SR Watson,1175360
Eden Gardens,VA Kulkarni,28.0,2019-03-27,,GR Sadashiv Iyer,Kolkata Knight Riders,Kolkata,6,,6.0,V Narayan Kutty,Kolkata Knight Riders,,,male,Punjab Kings,,Punjab Kings,field,,CB Gaffaney,2019,AK Chaudhary,Indian Premier League,,AD Russell,1175361
M.Chinnaswamy Stadium,S Ravi,6.0,2019-03-28,,BK Ravi,Mumbai Indians,Bengaluru,6,,7.0,M Nayyar,Mumbai Indians,,,male,Royal Challengers Bengaluru,,Royal Challengers Bengaluru,field,,YC Barde,2019,CK Nandan,Indian Premier League,,JJ Bumrah,1175362
Rajiv Gandhi International Stadium,C Shamshuddin,,2019-03-29,,K Srinath,Sunrisers Hyderabad,Hyderabad,6,,8.0,Chinmay Sharma,Rajasthan Royals,,,male,Sunrisers Hyderabad,5.0,Rajasthan Royals,bat,,KN Ananthapadmanabhan,2019,BNJ Oxenford,Indian Premier League,,Rashid Khan,1175363
Arun Jaitley Stadium,Nitin Menon,,2019-03-30,,HAS Khalid,,Delhi,6,tie,10.0,J Srinath,Kolkata Knight Riders,Delhi Capitals,,male,Delhi Capitals,,Delhi Capitals,field,,M Erasmus,2019,AY Dandekar,Indian Premier League,,PP Shaw,1175365
Punjab Cricket Association IS Bindra Stadium,VA Kulkarni,,2019-03-30,,GR Sadashiv Iyer,Punjab Kings,Chandigarh,6,,9.0,V Narayan Kutty,Mumbai Indians,,,male,Punjab Kings,8.0,Punjab Kings,field,,AK Chaudhary,2019,CB Gaffaney,Indian Premier League,,MA Agarwal,1175364
Rajiv Gandhi International Stadium,S Ravi,118.0,2019-03-31,,K Srinath,Sunrisers Hyderabad,Hyderabad,6,,11.0,Chinmay Sharma,Sunrisers Hyderabad,,,male,Royal Challengers Bengaluru,,Royal Challengers Bengaluru,field,,C Shamshuddin,2019,KN Ananthapadmanabhan,Indian Premier League,,JM Bairstow,1175366
MA Chidambaram Stadium,YC Barde,8.0,2019-03-31,,BK Ravi,Chennai Super Kings,Chennai,6,,12.0,M Nayyar,Chennai Super Kings,,,male,Rajasthan Royals,,Rajasthan Royals,field,,BNJ Oxenford,2019,CK Nandan,Indian Premier League,,MS Dhoni,1175367
Punjab Cricket Association IS Bindra Stadium,CB Gaffaney,14.0,2019-04-01,,GR Sadashiv Iyer,Punjab Kings,Chandigarh,6,,13.0,V Narayan Kutty,Punjab Kings,,,male,Delhi Capitals,,Delhi Capitals,field,,VA Kulkarni,2019,AK Chaudhary,Indian Premier League,,SM Curran,1175368
Sawai Mansingh Stadium,M Erasmus,,2019-04-02,,HAS Khalid,Rajasthan Royals,Jaipur,6,,14.0,J Srinath,Royal Challengers Bengaluru,,,male,Rajasthan Royals,7.0,Rajasthan Royals,field,,Nitin Menon,2019,AY Dandekar,Indian Premier League,,S Gopal,1175369
Wankhede Stadium,RJ Tucker,37.0,2019-04-03,,BK Ravi,Mumbai Indians,Mumbai,6,,15.0,M Nayyar,Mumbai Indians,,,male,Chennai Super Kings,,Chennai Super Kings,field,,YC Barde,2019,BNJ Oxenford,Indian Premier League,,HH Pandya,1175370
Arun Jaitley Stadium,KN Ananthapadmanabhan,,2019-04-04,,K Srinath,Sunrisers Hyderabad,Delhi,6,,16.0,Chinmay Sharma,Delhi Capitals,,,male,Sunrisers Hyderabad,5.0,Sunrisers Hyderabad,field,,S Ravi,2019,C Shamshuddin,Indian Premier League,,JM Bairstow,1175371
M.Chinnaswamy Stadium,CB Gaffaney,,2019-04-05,,GR Sadashiv Iyer,Kolkata Knight Riders,Bengaluru,6,,17.0,V Narayan Kutty,Royal Challengers Bengaluru,,,male,Kolkata Knight Riders,5.0,Kolkata Knight Riders,field,,CK Nandan,2019,AK Chaudhary,Indian Premier League,,AD Russell,1175372
MA Chidambaram Stadium,RJ Tucker,22.0,2019-04-06,,K Srinath,Chennai Super Kings,Chennai,6,,18.0,Chinmay Sharma,Chennai Super Kings,,,male,Punjab Kings,,Chennai Super Kings,bat,,C Shamshuddin,2019,KN Ananthapadmanabhan,Indian Premier League,,Harbhajan Singh,1178393
Rajiv Gandhi International Stadium,Nitin Menon,40.0,2019-04-06,,HAS Khalid,Mumbai Indians,Hyderabad,6,,19.0,J Srinath,Mumbai Indians,,,male,Sunrisers Hyderabad,,Sunrisers Hyderabad,field,,M Erasmus,2019,AY Dandekar,Indian Premier League,,AS Joseph,1178394
M.Chinnaswamy Stadium,YC Barde,,2019-04-07,,BK Ravi,Delhi Capitals,Bengaluru,6,,20.0,M Nayyar,Royal Challengers Bengaluru,,,male,Delhi Capitals,4.0,Delhi Capitals,field,,CK Nandan,2019,S Ravi,Indian Premier League,,K Rabada,1178395
Sawai Mansingh Stadium,CB Gaffaney,,2019-04-07,,GR Sadashiv Iyer,Kolkata Knight Riders,Jaipur,6,,21.0,V Narayan Kutty,Rajasthan Royals,,,male,Kolkata Knight Riders,8.0,Kolkata Knight Riders,field,,BNJ Oxenford,2019,AK Chaudhary,Indian Premier League,,HF Gurney,1178396
Punjab Cricket Association IS Bindra Stadium,M Erasmus,,2019-04-08,,HAS Khalid,Punjab Kings,Chandigarh,6,,22.0,J Srinath,Sunrisers Hyderabad,,,male,Punjab Kings,6.0,Punjab Kings,field,,Nitin Menon,2019,AY Dandekar,Indian Premier League,,KL Rahul,1178397
MA Chidambaram Stadium,RJ Tucker,,2019-04-09,,K Srinath,Chennai Super Kings,Chennai,6,,23.0,Prakash Bhatt,Kolkata Knight Riders,,,male,Chennai Super Kings,7.0,Chennai Super Kings,field,,UV Gandhe,2019,C Shamshuddin,Indian Premier League,,DL Chahar,1178398
Wankhede Stadium,YC Barde,,2019-04-10,,K Srinivasan,Mumbai Indians,Mumbai,6,,24.0,M Nayyar,Punjab Kings,,,male,Mumbai Indians,3.0,Mumbai Indians,field,,CK Nandan,2019,S Ravi,Indian Premier League,,KA Pollard,1178399
Sawai Mansingh Stadium,UV Gandhe,,2019-04-11,,GR Sadashiv Iyer,Chennai Super Kings,Jaipur,6,,25.0,Prakash Bhatt,Rajasthan Royals,,,male,Chennai Super Kings,4.0,Chennai Super Kings,field,,CB Gaffaney,2019,BNJ Oxenford,Indian Premier League,,MS Dhoni,1178400
Eden Gardens,YC Barde,,2019-04-12,,BK Ravi,Delhi Capitals,Kolkata,6,,26.0,M Nayyar,Kolkata Knight Riders,,,male,Delhi Capitals,7.0,Delhi Capitals,field,,RJ Tucker,2019,CK Nandan,Indian Premier League,,S Dhawan,1178401
Wankhede Stadium,Nitin Menon,,2019-04-13,,N Pandit,Rajasthan Royals,Mumbai,6,,27.0,J Srinath,Mumbai Indians,,,male,Rajasthan Royals,4.0,Rajasthan Royals,field,,M Erasmus,2019,A Nand Kishore,Indian Premier League,,JC Buttler,1178402
Punjab Cricket Association IS Bindra Stadium,UV Gandhe,,2019-04-13,,K Srinath,Royal Challengers Bengaluru,Chandigarh,6,,28.0,Prakash Bhatt,Punjab Kings,,,male,Royal Challengers Bengaluru,8.0,Royal Challengers Bengaluru,field,,NJ Llong,2019,S Ravi,Indian Premier League,,AB de Villiers,1178403
Eden Gardens,RJ Tucker,,2019-04-14,,BK Ravi,Chennai Super Kings,Kolkata,6,,29.0,M Nayyar,Kolkata Knight Riders,,,male,Chennai Super Kings,5.0,Chennai Super Kings,field,,YC Barde,2019,CK Nandan,Indian Premier League,,Imran Tahir,1178404
Rajiv Gandhi International Stadium,BNJ Oxenford,39.0,2019-04-14,,GR Sadashiv Iyer,Delhi Capitals,Hyderabad,6,,30.0,V Narayan Kutty,Delhi Capitals,,,male,Sunrisers Hyderabad,,Sunrisers Hyderabad,field,,CB Gaffaney,2019,AK Chaudhary,Indian Premier League,,KMA Paul,1178405
Wankhede Stadium,Nitin Menon,,2019-04-15,,N Pandit,Mumbai Indians,Mumbai,6,,31.0,J Srinath,Royal Challengers Bengaluru,,,male,Mumbai Indians,5.0,Mumbai Indians,field,,A Nand Kishore,2019,M Erasmus,Indian Premier League,,SL Malinga,1178406
Punjab Cricket Association IS Bindra Stadium,VA Kulkarni,12.0,2019-04-16,,K Srinivasan,Punjab Kings,Chandigarh,6,,32.0,AJ Pycroft,Punjab Kings,,,male,Rajasthan Royals,,Rajasthan Royals,field,,S Ravi,2019,AK Chaudhary,Indian Premier League,,R Ashwin,1178407
Rajiv Gandhi International Stadium,UV Gandhe,,2019-04-17,,BK Ravi,Sunrisers Hyderabad,Hyderabad,6,,33.0,Prakash Bhatt,Chennai Super Kings,,,male,Sunrisers Hyderabad,6.0,Chennai Super Kings,bat,,C Shamshuddin,2019,IJ Gould,Indian Premier League,,DA Warner,1178408
Arun Jaitley Stadium,NJ Llong,40.0,2019-04-18,,N Pandit,Mumbai Indians,Delhi,6,,34.0,J Srinath,Mumbai Indians,,,male,Delhi Capitals,,Mumbai Indians,bat,,AK Chaudhary,2019,BNJ Oxenford,Indian Premier League,,HH Pandya,1178409
Eden Gardens,Nitin Menon,10.0,2019-04-19,,K Srinath,Royal Challengers Bengaluru,Kolkata,6,,35.0,AJ Pycroft,Royal Challengers Bengaluru,,,male,Kolkata Knight Riders,,Kolkata Knight Riders,field,,AY Dandekar,2019,IJ Gould,Indian Premier League,,V Kohli,1178410
Sawai Mansingh Stadium,YC Barde,,2019-04-20,,K Srinivasan,Rajasthan Royals,Jaipur,6,,36.0,M Nayyar,Mumbai Indians,,,male,Rajasthan Royals,5.0,Rajasthan Royals,field,,CK Nandan,2019,S Ravi,Indian Premier League,,SPD Smith,1178411
Arun Jaitley Stadium,UV Gandhe,,2019-04-20,,N Pandit,Delhi Capitals,Delhi,6,,37.0,Prakash Bhatt,Punjab Kings,,,male,Delhi Capitals,5.0,Delhi Capitals,field,,BNJ Oxenford,2019,C Shamshuddin,Indian Premier League,,SS Iyer,1178412
M.Chinnaswamy Stadium,VA Kulkarni,1.0,2019-04-21,,BK Ravi,Royal Challengers Bengaluru,Bengaluru,6,,39.0,J Srinath,Royal Challengers Bengaluru,,,male,Chennai Super Kings,,Chennai Super Kings,field,,AK Chaudhary,2019,RJ Tucker,Indian Premier League,,PA Patel,1178414
Rajiv Gandhi International Stadium,Nitin Menon,,2019-04-21,,K Srinath,Sunrisers Hyderabad,Hyderabad,6,,38.0,AJ Pycroft,Kolkata Knight Riders,,,male,Sunrisers Hyderabad,9.0,Sunrisers Hyderabad,field,,IJ Gould,2019,NJ Llong,Indian Premier League,,KK Ahmed,1178413
Sawai Mansingh Stadium,S Ravi,,2019-04-22,,K Srinath,Delhi Capitals,Jaipur,6,,40.0,M Nayyar,Rajasthan Royals,,,male,Delhi Capitals,6.0,Delhi Capitals,field,,YC Barde,2019,A Nand Kishore,Indian Premier League,,RR Pant,1178415
MA Chidambaram Stadium,NJ Llong,,2019-04-23,,N Pandit,Chennai Super Kings,Chennai,6,,41.0,V Narayan Kutty,Sunrisers Hyderabad,,,male,Chennai Super Kings,6.0,Chennai Super Kings,field,,VA Kulkarni,2019,AK Chaudhary,Indian Premier League,,SR Watson,1178416
M.Chinnaswamy Stadium,C Shamshuddin,17.0,2019-04-24,,K Srinivasan,Royal Challengers Bengaluru,Bengaluru,6,,42.0,J Srinath,Royal Challengers Bengaluru,,,male,Punjab Kings,,Punjab Kings,field,,RJ Tucker,2019,BNJ Oxenford,Indian Premier League,,AB de Villiers,1178417
Eden Gardens,IJ Gould,,2019-04-25,,HAS Khalid,Rajasthan Royals,Kolkata,6,,43.0,AJ Pycroft,Kolkata Knight Riders,,,male,Rajasthan Royals,3.0,Rajasthan Royals,field,,Nitin Menon,2019,AY Dandekar,Indian Premier League,,VR Aaron,1178418
MA Chidambaram Stadium,NJ Llong,46.0,2019-04-26,,N Pandit,Mumbai Indians,Chennai,6,,44.0,V Narayan Kutty,Mumbai Indians,,,male,Chennai Super Kings,,Chennai Super Kings,field,,VA Kulkarni,2019,AK Chaudhary,Indian Premier League,,RG Sharma,1178419
Sawai Mansingh Stadium,YC Barde,,2019-04-27,,K Srinivasan,Rajasthan Royals,Jaipur,6,,45.0,M Nayyar,Sunrisers Hyderabad,,,male,Rajasthan Royals,7.0,Rajasthan Royals,field,,S Ravi,2019,A Nand Kishore,Indian Premier League,,JD Unadkat,1178420
Arun Jaitley Stadium,KN Ananthapadmanabhan,16.0,2019-04-28,,N Pandit,Delhi Capitals,Delhi,6,,46.0,J Srinath,Delhi Capitals,,,male,Royal Challengers Bengaluru,,Delhi Capitals,bat,,C Shamshuddin,2019,BNJ Oxenford,Indian Premier League,,S Dhawan,1178421
Eden Gardens,Nitin Menon,34.0,2019-04-28,,HAS Khalid,Kolkata Knight Riders,Kolkata,6,,47.0,AJ Pycroft,Kolkata Knight Riders,,,male,Mumbai Indians,,Mumbai Indians,field,,AY Dandekar,2019,IJ Gould,Indian Premier League,,AD Russell,1178422
Rajiv Gandhi International Stadium,S Ravi,45.0,2019-04-29,,K Srinivasan,Sunrisers Hyderabad,Hyderabad,6,,48.0,M Nayyar,Sunrisers Hyderabad,,,male,Punjab Kings,,Punjab Kings,field,,A Nand Kishore,2019,CK Nandan,Indian Premier League,,DA Warner,1178423
M.Chinnaswamy Stadium,UV Gandhe,,2019-04-30,,GR Sadashiv Iyer,,Bengaluru,6,no result,49.0,V Narayan Kutty,Royal Challengers Bengaluru,,,male,Rajasthan Royals,,Rajasthan Royals,field,,AK Chaudhary,2019,NJ Llong,Indian Premier League,,,1178424
MA Chidambaram Stadium,Nitin Menon,80.0,2019-05-01,,HAS Khalid,Chennai Super Kings,Chennai,6,,50.0,AJ Pycroft,Chennai Super Kings,,,male,Delhi Capitals,,Delhi Capitals,field,,IJ Gould,2019,AY Dandekar,Indian Premier League,,MS Dhoni,1178425
Wankhede Stadium,S Ravi,,2019-05-02,,K Srinivasan,,Mumbai,6,tie,51.0,M Nayyar,Mumbai Indians,Mumbai Indians,,male,Sunrisers Hyderabad,,Mumbai Indians,bat,,A Nand Kishore,2019,CK Nandan,Indian Premier League,,JJ Bumrah,1178426
Punjab Cricket Association IS Bindra Stadium,C Shamshuddin,,2019-05-03,,N Pandit,Kolkata Knight Riders,Chandigarh,6,,52.0,J Srinath,Punjab Kings,,,male,Kolkata Knight Riders,7.0,Kolkata Knight Riders,field,,KN Ananthapadmanabhan,2019,BNJ Oxenford,Indian Premier League,,Shubman Gill,1178427
M.Chinnaswamy Stadium,NJ Llong,,2019-05-04,,,Royal Challengers Bengaluru,Bengaluru,6,,54.0,V Narayan Kutty,Sunrisers Hyderabad,,,male,Royal Challengers Bengaluru,4.0,Royal Challengers Bengaluru,field,,UV Gandhe,2019,AK Chaudhary,Indian Premier League,,SO Hetmyer,1178429
Arun Jaitley Stadium,IJ Gould,,2019-05-04,,HAS Khalid,Delhi Capitals,Delhi,6,,53.0,AJ Pycroft,Rajasthan Royals,,,male,Delhi Capitals,5.0,Rajasthan Royals,bat,,Nitin Menon,2019,AY Dandekar,Indian Premier League,,A Mishra,1178428
Punjab Cricket Association IS Bindra Stadium,KN Ananthapadmanabhan,,2019-05-05,,N Pandit,Punjab Kings,Chandigarh,6,,55.0,J Srinath,Chennai Super Kings,,,male,Punjab Kings,6.0,Punjab Kings,field,,BNJ Oxenford,2019,C Shamshuddin,Indian Premier League,,KL Rahul,1178430
Wankhede Stadium,CK Nandan,,2019-05-05,,K Srinivasan,Mumbai Indians,Mumbai,6,,56.0,M Nayyar,Kolkata Knight Riders,,,male,Mumbai Indians,9.0,Mumbai Indians,field,,S Ravi,2019,A Nand Kishore,Indian Premier League,,HH Pandya,1178431
MA Chidambaram Stadium,Nitin Menon,,2019-05-07,,CK Nandan,Mumbai Indians,Chennai,6,,,J Srinath,Chennai Super Kings,,,male,Mumbai Indians,6.0,Chennai Super Kings,bat,,IJ Gould,2019,NJ Llong,Indian Premier League,,SA Yadav,1181764
Dr. Y.S. Rajasekhara Reddy ACA-VDCA Cricket Stadium,S Ravi,,2019-05-08,,C Shamshuddin,Delhi Capitals,Visakhapatnam,6,,,AJ Pycroft,Sunrisers Hyderabad,,,male,Delhi Capitals,2.0,Delhi Capitals,field,,AK Chaudhary,2019,BNJ Oxenford,Indian Premier League,,RR Pant,1181766
Dr. Y.S. Rajasekhara Reddy ACA-VDCA Cricket Stadium,S Ravi,,2019-05-10,,AK Chaudhary,Chennai Super Kings,Visakhapatnam,6,,,AJ Pycroft,Delhi Capitals,,,male,Chennai Super Kings,6.0,Chennai Super Kings,field,,C Shamshuddin,2019,BNJ Oxenford,Indian Premier League,,F du Plessis,1181767
Rajiv Gandhi International Stadium,Nitin Menon,1.0,2019-05-12,,CK Nandan,Mumbai Indians,Hyderabad,6,,,J Srinath,Mumbai Indians,,,male,Chennai Super Kings,,Mumbai Indians,bat,,NJ Llong,2019,IJ Gould,Indian Premier League,,JJ Bumrah,1181768
Sheikh Zayed Stadium,VK Sharma,,2020-09-19,,UV Gandhe,Chennai Super Kings,Abu Dhabi,6,,1.0,M Nayyar,Mumbai Indians,,,male,Chennai Super Kings,5.0,Chennai Super Kings,field,,S Ravi,2020/21,CB Gaffaney,Indian Premier League,,AT Rayudu,1216492
Dubai International Cricket Stadium,Nitin Menon,,2020-09-20,,YC Barde,,Dubai,6,tie,2.0,J Srinath,Delhi Capitals,Delhi Capitals,,male,Punjab Kings,,Punjab Kings,field,,PR Reiffel,2020/21,AK Chaudhary,Indian Premier League,,MP Stoinis,1216493
Dubai International Cricket Stadium,Nitin Menon,10.0,2020-09-21,,YC Barde,Royal Challengers Bengaluru,Dubai,6,,3.0,Prakash Bhatt,Royal Challengers Bengaluru,,,male,Sunrisers Hyderabad,,Sunrisers Hyderabad,field,,AK Chaudhary,2020/21,AY Dandekar,Indian Premier League,,YS Chahal,1216534
Sharjah Cricket Stadium,VA Kulkarni,16.0,2020-09-22,,K Srinivasan,Rajasthan Royals,Sharjah,6,,4.0,V Narayan Kutty,Rajasthan Royals,,,male,Chennai Super Kings,,Chennai Super Kings,field,,KN Ananthapadmanabhan,2020/21,C Shamshuddin,Indian Premier League,,SV Samson,1216496
Sheikh Zayed Stadium,S Ravi,49.0,2020-09-23,,PG Pathak,Mumbai Indians,Abu Dhabi,6,,5.0,M Nayyar,Mumbai Indians,,,male,Kolkata Knight Riders,,Kolkata Knight Riders,field,,VK Sharma,2020/21,CB Gaffaney,Indian Premier League,,RG Sharma,1216508
Dubai International Cricket Stadium,PR Reiffel,97.0,2020-09-24,,AY Dandekar,Punjab Kings,Dubai,6,,6.0,J Srinath,Punjab Kings,,,male,Royal Challengers Bengaluru,,Royal Challengers Bengaluru,field,,Nitin Menon,2020/21,AK Chaudhary,Indian Premier League,,KL Rahul,1216510
Dubai International Cricket Stadium,RK Illingworth,44.0,2020-09-25,,VA Kulkarni,Delhi Capitals,Dubai,6,,7.0,V Narayan Kutty,Delhi Capitals,,,male,Chennai Super Kings,,Chennai Super Kings,field,,K Srinivasan,2020/21,KN Ananthapadmanabhan,Indian Premier League,,PP Shaw,1216539
Sheikh Zayed Stadium,VK Sharma,,2020-09-26,,UV Gandhe,Kolkata Knight Riders,Abu Dhabi,6,,8.0,Shakti Singh,Sunrisers Hyderabad,,,male,Kolkata Knight Riders,7.0,Sunrisers Hyderabad,bat,,S Ravi,2020/21,CB Gaffaney,Indian Premier League,,Shubman Gill,1216545
Sharjah Cricket Stadium,K Srinivasan,,2020-09-27,,VA Kulkarni,Rajasthan Royals,Sharjah,6,,9.0,V Narayan Kutty,Punjab Kings,,,male,Rajasthan Royals,4.0,Rajasthan Royals,field,,C Shamshuddin,2020/21,RK Illingworth,Indian Premier League,,SV Samson,1216527
Dubai International Cricket Stadium,PR Reiffel,,2020-09-28,,YC Barde,,Dubai,6,tie,10.0,J Srinath,Royal Challengers Bengaluru,Royal Challengers Bangalore,,male,Mumbai Indians,,Mumbai Indians,field,,AK Chaudhary,2020/21,Nitin Menon,Indian Premier League,,AB de Villiers,1216547
Sheikh Zayed Stadium,S Ravi,15.0,2020-09-29,,PG Pathak,Sunrisers Hyderabad,Abu Dhabi,6,,11.0,M Nayyar,Sunrisers Hyderabad,,,male,Delhi Capitals,,Delhi Capitals,field,,CB Gaffaney,2020/21,VK Sharma,Indian Premier League,,Rashid Khan,1216532
Dubai International Cricket Stadium,C Shamshuddin,37.0,2020-09-30,,K Srinivasan,Kolkata Knight Riders,Dubai,6,,12.0,V Narayan Kutty,Kolkata Knight Riders,,,male,Rajasthan Royals,,Rajasthan Royals,field,,VA Kulkarni,2020/21,KN Ananthapadmanabhan,Indian Premier League,,Shivam Mavi,1216504
Sheikh Zayed Stadium,S Ravi,48.0,2020-10-01,,PG Pathak,Mumbai Indians,Abu Dhabi,6,,13.0,M Nayyar,Mumbai Indians,,,male,Punjab Kings,,Punjab Kings,field,,UV Gandhe,2020/21,VK Sharma,Indian Premier League,,KA Pollard,1216503
Dubai International Cricket Stadium,PR Reiffel,7.0,2020-10-02,,AY Dandekar,Sunrisers Hyderabad,Dubai,6,,14.0,Prakash Bhatt,Sunrisers Hyderabad,,,male,Chennai Super Kings,,Sunrisers Hyderabad,bat,,YC Barde,2020/21,AK Chaudhary,Indian Premier League,,PK Garg,1216516
Sharjah Cricket Stadium,RK Illingworth,18.0,2020-10-03,,K Srinivasan,Delhi Capitals,Sharjah,6,,16.0,V Narayan Kutty,Delhi Capitals,,,male,Kolkata Knight Riders,,Kolkata Knight Riders,field,,KN Ananthapadmanabhan,2020/21,VA Kulkarni,Indian Premier League,,SS Iyer,1216515
Sheikh Zayed Stadium,S Ravi,,2020-10-03,,UV Gandhe,Royal Challengers Bengaluru,Abu Dhabi,6,,15.0,M Nayyar,Rajasthan Royals,,,male,Royal Challengers Bengaluru,8.0,Rajasthan Royals,bat,,PG Pathak,2020/21,CB Gaffaney,Indian Premier League,,YS Chahal,1216514
Sharjah Cricket Stadium,RK Illingworth,34.0,2020-10-04,,VA Kulkarni,Mumbai Indians,Sharjah,6,,17.0,V Narayan Kutty,Mumbai Indians,,,male,Sunrisers Hyderabad,,Mumbai Indians,bat,,K Srinivasan,2020/21,KN Ananthapadmanabhan,Indian Premier League,,TA Boult,1216538
Dubai International Cricket Stadium,Nitin Menon,,2020-10-04,,YC Barde,Chennai Super Kings,Dubai,6,,18.0,J Srinath,Punjab Kings,,,male,Chennai Super Kings,10.0,Punjab Kings,bat,,PR Reiffel,2020/21,AY Dandekar,Indian Premier League,,SR Watson,1216513
Dubai International Cricket Stadium,YC Barde,59.0,2020-10-05,,AY Dandekar,Delhi Capitals,Dubai,6,,19.0,Prakash Bhatt,Delhi Capitals,,,male,Royal Challengers Bengaluru,,Royal Challengers Bengaluru,field,,PR Reiffel,2020/21,Nitin Menon,Indian Premier League,,AR Patel,1216519
Sheikh Zayed Stadium,S Ravi,57.0,2020-10-06,,UV Gandhe,Mumbai Indians,Abu Dhabi,6,,20.0,Shakti Singh,Mumbai Indians,,,male,Rajasthan Royals,,Mumbai Indians,bat,,CB Gaffaney,2020/21,VK Sharma,Indian Premier League,,SA Yadav,1216511
Sheikh Zayed Stadium,RK Illingworth,10.0,2020-10-07,,K Srinivasan,Kolkata Knight Riders,Abu Dhabi,6,,21.0,V Narayan Kutty,Kolkata Knight Riders,,,male,Chennai Super Kings,,Kolkata Knight Riders,bat,,C Shamshuddin,2020/21,KN Ananthapadmanabhan,Indian Premier League,,RA Tripathi,1216501
Dubai International Cricket Stadium,Nitin Menon,69.0,2020-10-08,,AY Dandekar,Sunrisers Hyderabad,Dubai,6,,22.0,J Srinath,Sunrisers Hyderabad,,,male,Punjab Kings,,Sunrisers Hyderabad,bat,,YC Barde,2020/21,AK Chaudhary,Indian Premier League,,JM Bairstow,1216542
Sharjah Cricket Stadium,C Shamshuddin,46.0,2020-10-09,,K Srinivasan,Delhi Capitals,Sharjah,6,,23.0,V Narayan Kutty,Delhi Capitals,,,male,Rajasthan Royals,,Rajasthan Royals,field,,VA Kulkarni,2020/21,KN Ananthapadmanabhan,Indian Premier League,,R Ashwin,1216500
Sheikh Zayed Stadium,CB Gaffaney,2.0,2020-10-10,,PG Pathak,Kolkata Knight Riders,Abu Dhabi,6,,24.0,M Nayyar,Kolkata Knight Riders,,,male,Punjab Kings,,Kolkata Knight Riders,bat,,VK Sharma,2020/21,UV Gandhe,Indian Premier League,,KD Karthik,1216523
Dubai International Cricket Stadium,PR Reiffel,37.0,2020-10-10,,YC Barde,Royal Challengers Bengaluru,Dubai,6,,25.0,J Srinath,Royal Challengers Bengaluru,,,male,Chennai Super Kings,,Royal Challengers Bengaluru,bat,,AY Dandekar,2020/21,AK Chaudhary,Indian Premier League,,V Kohli,1216525
Sheikh Zayed Stadium,S Ravi,,2020-10-11,,UV Gandhe,Mumbai Indians,Abu Dhabi,6,,27.0,Shakti Singh,Delhi Capitals,,,male,Mumbai Indians,5.0,Delhi Capitals,bat,,VK Sharma,2020/21,CB Gaffaney,Indian Premier League,,Q de Kock,1216529
Dubai International Cricket Stadium,PR Reiffel,,2020-10-11,,AY Dandekar,Rajasthan Royals,Dubai,6,,26.0,Prakash Bhatt,Sunrisers Hyderabad,,,male,Rajasthan Royals,5.0,Sunrisers Hyderabad,bat,,Nitin Menon,2020/21,YC Barde,Indian Premier League,,R Tewatia,1216507
Sharjah Cricket Stadium,K Srinivasan,82.0,2020-10-12,,VA Kulkarni,Royal Challengers Bengaluru,Sharjah,6,,28.0,V Narayan Kutty,Royal Challengers Bengaluru,,,male,Kolkata Knight Riders,,Royal Challengers Bengaluru,bat,,KN Ananthapadmanabhan,2020/21,RK Illingworth,Indian Premier League,,AB de Villiers,1216540
Dubai International Cricket Stadium,PR Reiffel,20.0,2020-10-13,,YC Barde,Chennai Super Kings,Dubai,6,,29.0,J Srinath,Chennai Super Kings,,,male,Sunrisers Hyderabad,,Chennai Super Kings,bat,,Nitin Menon,2020/21,AK Chaudhary,Indian Premier League,,RA Jadeja,1216528
Dubai International Cricket Stadium,Nitin Menon,13.0,2020-10-14,,YC Barde,Delhi Capitals,Dubai,6,,30.0,J Srinath,Delhi Capitals,,,male,Rajasthan Royals,,Delhi Capitals,bat,,AY Dandekar,2020/21,AK Chaudhary,Indian Premier League,,A Nortje,1216543
Sharjah Cricket Stadium,C Shamshuddin,,2020-10-15,,K Srinivasan,Punjab Kings,Sharjah,6,,31.0,V Narayan Kutty,Royal Challengers Bengaluru,,,male,Punjab Kings,8.0,Royal Challengers Bengaluru,bat,,RK Illingworth,2020/21,KN Ananthapadmanabhan,Indian Premier League,,KL Rahul,1216531
Sheikh Zayed Stadium,VK Sharma,,2020-10-16,,PG Pathak,Mumbai Indians,Abu Dhabi,6,,32.0,M Nayyar,Kolkata Knight Riders,,,male,Mumbai Indians,8.0,Kolkata Knight Riders,bat,,S Ravi,2020/21,CB Gaffaney,Indian Premier League,,Q de Kock,1216526
Dubai International Cricket Stadium,Nitin Menon,,2020-10-17,,YC Barde,Royal Challengers Bengaluru,Dubai,6,,33.0,J Srinath,Rajasthan Royals,,,male,Royal Challengers Bengaluru,7.0,Rajasthan Royals,bat,,PR Reiffel,2020/21,AK Chaudhary,Indian Premier League,,AB de Villiers,1216522
Sharjah Cricket Stadium,RK Illingworth,,2020-10-17,,VA Kulkarni,Delhi Capitals,Sharjah,6,,34.0,V Narayan Kutty,Chennai Super Kings,,,male,Delhi Capitals,5.0,Chennai Super Kings,bat,,C Shamshuddin,2020/21,KN Ananthapadmanabhan,Indian Premier League,,S Dhawan,1216509
Dubai International Cricket Stadium,PR Reiffel,,2020-10-18,,AY Dandekar,,Dubai,6,tie,36.0,J Srinath,Mumbai Indians,Kings XI Punjab,,male,Punjab Kings,,Mumbai Indians,bat,,AK Chaudhary,2020/21,Nitin Menon,Indian Premier League,,KL Rahul,1216517
Sheikh Zayed Stadium,S Ravi,,2020-10-18,,UV Gandhe,,Abu Dhabi,6,tie,35.0,M Nayyar,Kolkata Knight Riders,Kolkata Knight Riders,,male,Sunrisers Hyderabad,,Sunrisers Hyderabad,field,,VK Sharma,2020/21,PG Pathak,Indian Premier League,,LH Ferguson,1216512
Sheikh Zayed Stadium,VK Sharma,,2020-10-19,,PG Pathak,Rajasthan Royals,Abu Dhabi,6,,37.0,M Nayyar,Chennai Super Kings,,,male,Rajasthan Royals,7.0,Chennai Super Kings,bat,,UV Gandhe,2020/21,CB Gaffaney,Indian Premier League,,JC Buttler,1216533
Dubai International Cricket Stadium,RK Illingworth,,2020-10-20,,K Srinivasan,Punjab Kings,Dubai,6,,38.0,Prakash Bhatt,Delhi Capitals,,,male,Punjab Kings,5.0,Delhi Capitals,bat,,KN Ananthapadmanabhan,2020/21,C Shamshuddin,Indian Premier League,,S Dhawan,1216546
Sheikh Zayed Stadium,S Ravi,,2020-10-21,,UV Gandhe,Royal Challengers Bengaluru,Abu Dhabi,6,,39.0,Shakti Singh,Kolkata Knight Riders,,,male,Royal Challengers Bengaluru,8.0,Kolkata Knight Riders,bat,,CB Gaffaney,2020/21,VK Sharma,Indian Premier League,,Mohammed Siraj,1216494
Dubai International Cricket Stadium,PR Reiffel,,2020-10-22,,AY Dandekar,Sunrisers Hyderabad,Dubai,6,,40.0,J Srinath,Rajasthan Royals,,,male,Sunrisers Hyderabad,8.0,Sunrisers Hyderabad,field,,AK Chaudhary,2020/21,Nitin Menon,Indian Premier League,,MK Pandey,1216518
Sharjah Cricket Stadium,VA Kulkarni,,2020-10-23,,K Srinivasan,Mumbai Indians,Sharjah,6,,41.0,V Narayan Kutty,Chennai Super Kings,,,male,Mumbai Indians,10.0,Mumbai Indians,field,,RK Illingworth,2020/21,C Shamshuddin,Indian Premier League,,TA Boult,1216521
Dubai International Cricket Stadium,PR Reiffel,12.0,2020-10-24,,YC Barde,Punjab Kings,Dubai,6,,43.0,J Srinath,Punjab Kings,,,male,Sunrisers Hyderabad,,Sunrisers Hyderabad,field,,Nitin Menon,2020/21,AY Dandekar,Indian Premier League,,CJ Jordan,1216498
Sheikh Zayed Stadium,PG Pathak,59.0,2020-10-24,,UV Gandhe,Kolkata Knight Riders,Abu Dhabi,6,,42.0,M Nayyar,Kolkata Knight Riders,,,male,Delhi Capitals,,Delhi Capitals,field,,S Ravi,2020/21,CB Gaffaney,Indian Premier League,,CV Varun,1216497
Dubai International Cricket Stadium,RK Illingworth,,2020-10-25,,VA Kulkarni,Chennai Super Kings,Dubai,6,,44.0,Prakash Bhatt,Royal Challengers Bengaluru,,,male,Chennai Super Kings,8.0,Royal Challengers Bengaluru,bat,,KN Ananthapadmanabhan,2020/21,C Shamshuddin,Indian Premier League,,RD Gaikwad,1216544
Sheikh Zayed Stadium,VK Sharma,,2020-10-25,,PG Pathak,Rajasthan Royals,Abu Dhabi,6,,45.0,Shakti Singh,Mumbai Indians,,,male,Rajasthan Royals,8.0,Mumbai Indians,bat,,S Ravi,2020/21,UV Gandhe,Indian Premier League,,BA Stokes,1216541
Sharjah Cricket Stadium,RK Illingworth,,2020-10-26,,VA Kulkarni,Punjab Kings,Sharjah,6,,46.0,V Narayan Kutty,Kolkata Knight Riders,,,male,Punjab Kings,8.0,Punjab Kings,field,,K Srinivasan,2020/21,KN Ananthapadmanabhan,Indian Premier League,,CH Gayle,1216520
Dubai International Cricket Stadium,Nitin Menon,88.0,2020-10-27,,AY Dandekar,Sunrisers Hyderabad,Dubai,6,,47.0,J Srinath,Sunrisers Hyderabad,,,male,Delhi Capitals,,Delhi Capitals,field,,PR Reiffel,2020/21,AK Chaudhary,Indian Premier League,,WP Saha,1216524
Sheikh Zayed Stadium,CB Gaffaney,,2020-10-28,,PG Pathak,Mumbai Indians,Abu Dhabi,6,,48.0,M Nayyar,Royal Challengers Bengaluru,,,male,Mumbai Indians,5.0,Mumbai Indians,field,,S Ravi,2020/21,UV Gandhe,Indian Premier League,,SA Yadav,1216499
Dubai International Cricket Stadium,RK Illingworth,,2020-10-29,,K Srinivasan,Chennai Super Kings,Dubai,6,,49.0,Prakash Bhatt,Kolkata Knight Riders,,,male,Chennai Super Kings,6.0,Chennai Super Kings,field,,KN Ananthapadmanabhan,2020/21,C Shamshuddin,Indian Premier League,,RD Gaikwad,1216536
Sheikh Zayed Stadium,S Ravi,,2020-10-30,,UV Gandhe,Rajasthan Royals,Abu Dhabi,6,,50.0,M Nayyar,Punjab Kings,,,male,Rajasthan Royals,7.0,Rajasthan Royals,field,,PG Pathak,2020/21,CB Gaffaney,Indian Premier League,,BA Stokes,1216537
Sharjah Cricket Stadium,K Srinivasan,,2020-10-31,,VA Kulkarni,Sunrisers Hyderabad,Sharjah,6,,52.0,V Narayan Kutty,Royal Challengers Bengaluru,,,male,Sunrisers Hyderabad,5.0,Sunrisers Hyderabad,field,,C Shamshuddin,2020/21,KN Ananthapadmanabhan,Indian Premier League,,Sandeep Sharma,1216502
Dubai International Cricket Stadium,PR Reiffel,,2020-10-31,,AY Dandekar,Mumbai Indians,Dubai,6,,51.0,J Srinath,Delhi Capitals,,,male,Mumbai Indians,9.0,Mumbai Indians,field,,AK Chaudhary,2020/21,YC Barde,Indian Premier League,,Ishan Kishan,1216535
Dubai International Cricket Stadium,PR Reiffel,60.0,2020-11-01,,YC Barde,Kolkata Knight Riders,Dubai,6,,54.0,Shakti Singh,Kolkata Knight Riders,,,male,Rajasthan Royals,,Rajasthan Royals,field,,AK Chaudhary,2020/21,Nitin Menon,Indian Premier League,,PJ Cummins,1216530
Sheikh Zayed Stadium,VK Sharma,,2020-11-01,,UV Gandhe,Chennai Super Kings,Abu Dhabi,6,,53.0,M Nayyar,Punjab Kings,,,male,Chennai Super Kings,9.0,Chennai Super Kings,field,,CB Gaffaney,2020/21,PG Pathak,Indian Premier League,,RD Gaikwad,1216506
Sheikh Zayed Stadium,S Ravi,,2020-11-02,,PG Pathak,Delhi Capitals,Abu Dhabi,6,,55.0,M Nayyar,Royal Challengers Bengaluru,,,male,Delhi Capitals,6.0,Delhi Capitals,field,,VK Sharma,2020/21,CB Gaffaney,Indian Premier League,,A Nortje,1216505
Sharjah Cricket Stadium,RK Illingworth,,2020-11-03,,VA Kulkarni,Sunrisers Hyderabad,Sharjah,6,,56.0,Prakash Bhatt,Mumbai Indians,,,male,Sunrisers Hyderabad,10.0,Sunrisers Hyderabad,field,,KN Ananthapadmanabhan,2020/21,C Shamshuddin,Indian Premier League,,S Nadeem,1216495
Dubai International Cricket Stadium,Nitin Menon,57.0,2020-11-05,,AK Chaudhary,Mumbai Indians,Dubai,6,,,J Srinath,Mumbai Indians,,,male,Delhi Capitals,,Delhi Capitals,field,,KN Ananthapadmanabhan,2020/21,CB Gaffaney,Indian Premier League,,JJ Bumrah,1237177
Sheikh Zayed Stadium,S Ravi,,2020-11-06,,C Shamshuddin,Sunrisers Hyderabad,Abu Dhabi,6,,,M Nayyar,Royal Challengers Bengaluru,,,male,Sunrisers Hyderabad,6.0,Sunrisers Hyderabad,field,,VK Sharma,2020/21,PR Reiffel,Indian Premier League,,KS Williamson,1237178
Sheikh Zayed Stadium,S Ravi,17.0,2020-11-08,,VK Sharma,Delhi Capitals,Abu Dhabi,6,,,M Nayyar,Delhi Capitals,,,male,Sunrisers Hyderabad,,Delhi Capitals,bat,,C Shamshuddin,2020/21,PR Reiffel,Indian Premier League,,MP Stoinis,1237180
Dubai International Cricket Stadium,Nitin Menon,,2020-11-10,,KN Ananthapadmanabhan,Mumbai Indians,Dubai,6,,,J Srinath,Delhi Capitals,,,male,Mumbai Indians,5.0,Delhi Capitals,bat,,AK Chaudhary,2020/21,CB Gaffaney,Indian Premier League,,TA Boult,1237181
"MA Chidambaram Stadium, Chepauk, Chennai",Nitin Menon,,2021-04-09,,UV Gandhe,Royal Challengers Bengaluru,Chennai,6,,1.0,V Narayan Kutty,Mumbai Indians,,,male,Royal Challengers Bengaluru,2.0,Royal Challengers Bengaluru,field,,C Shamshuddin,2021,KN Ananthapadmanabhan,Indian Premier League,,HV Patel,1254058
"Wankhede Stadium, Mumbai",VK Sharma,,2021-04-10,,AY Dandekar,Delhi Capitals,Mumbai,6,,2.0,M Nayyar,Chennai Super Kings,,,male,Delhi Capitals,7.0,Delhi Capitals,field,,S Ravi,2021,AK Chaudhary,Indian Premier League,,S Dhawan,1254059
"MA Chidambaram Stadium, Chepauk, Chennai",Nitin Menon,10.0,2021-04-11,,HAS Khalid,Kolkata Knight Riders,Chennai,6,,3.0,V Narayan Kutty,Kolkata Knight Riders,,,male,Sunrisers Hyderabad,,Sunrisers Hyderabad,field,,CB Gaffaney,2021,KN Ananthapadmanabhan,Indian Premier League,,N Rana,1254060
"Wankhede Stadium, Mumbai",S Ravi,4.0,2021-04-12,,YC Barde,Punjab Kings,Mumbai,6,,4.0,M Nayyar,Punjab Kings,,,male,Rajasthan Royals,,Rajasthan Royals,field,,VK Sharma,2021,AK Chaudhary,Indian Premier League,,SV Samson,1254061
"MA Chidambaram Stadium, Chepauk, Chennai",CB Gaffaney,10.0,2021-04-13,,HAS Khalid,Mumbai Indians,Chennai,6,,5.0,S Chaturvedi,Mumbai Indians,,,male,Kolkata Knight Riders,,Kolkata Knight Riders,field,,KN Ananthapadmanabhan,2021,C Shamshuddin,Indian Premier League,,RD Chahar,1254062
"MA Chidambaram Stadium, Chepauk, Chennai",UV Gandhe,6.0,2021-04-14,,Tapan Sharma,Royal Challengers Bengaluru,Chennai,6,,6.0,V Narayan Kutty,Royal Challengers Bengaluru,,,male,Sunrisers Hyderabad,,Sunrisers Hyderabad,field,,C Shamshuddin,2021,Nitin Menon,Indian Premier League,,GJ Maxwell,1254063
"Wankhede Stadium, Mumbai",VK Sharma,,2021-04-15,,J Madanagopal,Rajasthan Royals,Mumbai,6,,7.0,Shakti Singh,Delhi Capitals,,,male,Rajasthan Royals,3.0,Rajasthan Royals,field,,AK Chaudhary,2021,S Ravi,Indian Premier League,,JD Unadkat,1254064
"Wankhede Stadium, Mumbai",AY Dandekar,,2021-04-16,,Navdeep Singh,Chennai Super Kings,Mumbai,6,,8.0,Prakash Bhatt,Punjab Kings,,,male,Chennai Super Kings,6.0,Chennai Super Kings,field,,VK Sharma,2021,AK Chaudhary,Indian Premier League,,DL Chahar,1254065
"MA Chidambaram Stadium, Chepauk, Chennai",K Srinivasan,13.0,2021-04-17,,Tapan Sharma,Mumbai Indians,Chennai,6,,9.0,S Chaturvedi,Mumbai Indians,,,male,Sunrisers Hyderabad,,Mumbai Indians,bat,,KN Ananthapadmanabhan,2021,CB Gaffaney,Indian Premier League,,KA Pollard,1254066
"Wankhede Stadium, Mumbai",PR Reiffel,,2021-04-18,,J Madanagopal,Delhi Capitals,Mumbai,6,,11.0,M Nayyar,Punjab Kings,,,male,Delhi Capitals,6.0,Delhi Capitals,field,,S Ravi,2021,AK Chaudhary,Indian Premier League,,S Dhawan,1254068
"MA Chidambaram Stadium, Chepauk, Chennai",Nitin Menon,38.0,2021-04-18,,K Srinivasan,Royal Challengers Bengaluru,Chennai,6,,10.0,V Narayan Kutty,Royal Challengers Bengaluru,,,male,Kolkata Knight Riders,,Royal Challengers Bengaluru,bat,,CB Gaffaney,2021,C Shamshuddin,Indian Premier League,,AB de Villiers,1254067
"Wankhede Stadium, Mumbai",VK Sharma,45.0,2021-04-19,,Navdeep Singh,Chennai Super Kings,Mumbai,6,,12.0,Prakash Bhatt,Chennai Super Kings,,,male,Rajasthan Royals,,Rajasthan Royals,field,,YC Barde,2021,PR Reiffel,Indian Premier League,,MM Ali,1254069
"MA Chidambaram Stadium, Chepauk, Chennai",CB Gaffaney,,2021-04-20,,Tapan Sharma,Delhi Capitals,Chennai,6,,13.0,V Narayan Kutty,Mumbai Indians,,,male,Delhi Capitals,6.0,Mumbai Indians,bat,,UV Gandhe,2021,C Shamshuddin,Indian Premier League,,A Mishra,1254070
"MA Chidambaram Stadium, Chepauk, Chennai",Nitin Menon,,2021-04-21,,HAS Khalid,Sunrisers Hyderabad,Chennai,6,,14.0,S Chaturvedi,Punjab Kings,,,male,Sunrisers Hyderabad,9.0,Punjab Kings,bat,,KN Ananthapadmanabhan,2021,K Srinivasan,Indian Premier League,,JM Bairstow,1254071
"Wankhede Stadium, Mumbai",PR Reiffel,18.0,2021-04-21,,YC Barde,Chennai Super Kings,Mumbai,6,,15.0,Shakti Singh,Chennai Super Kings,,,male,Kolkata Knight Riders,,Kolkata Knight Riders,field,,AK Chaudhary,2021,AY Dandekar,Indian Premier League,,F du Plessis,1254072
"Wankhede Stadium, Mumbai",S Ravi,,2021-04-22,,AY Dandekar,Royal Challengers Bengaluru,Mumbai,6,,16.0,Shakti Singh,Rajasthan Royals,,,male,Royal Challengers Bengaluru,10.0,Royal Challengers Bengaluru,field,,VK Sharma,2021,J Madanagopal,Indian Premier League,,D Padikkal,1254073
"MA Chidambaram Stadium, Chepauk, Chennai",Nitin Menon,,2021-04-23,,UV Gandhe,Punjab Kings,Chennai,6,,17.0,V Narayan Kutty,Mumbai Indians,,,male,Punjab Kings,9.0,Punjab Kings,field,,HAS Khalid,2021,C Shamshuddin,Indian Premier League,,KL Rahul,1254074
"Wankhede Stadium, Mumbai",S Ravi,,2021-04-24,,YC Barde,Rajasthan Royals,Mumbai,6,,18.0,M Nayyar,Kolkata Knight Riders,,,male,Rajasthan Royals,6.0,Rajasthan Royals,field,,PR Reiffel,2021,Navdeep Singh,Indian Premier League,,CH Morris,1254075
"MA Chidambaram Stadium, Chepauk, Chennai",KN Ananthapadmanabhan,,2021-04-25,,K Srinivasan,,Chennai,6,tie,20.0,S Chaturvedi,Delhi Capitals,Delhi Capitals,,male,Sunrisers Hyderabad,,Delhi Capitals,bat,,Tapan Sharma,2021,CB Gaffaney,Indian Premier League,,PP Shaw,1254077
"Wankhede Stadium, Mumbai",VK Sharma,69.0,2021-04-25,,J Madanagopal,Chennai Super Kings,Mumbai,6,,19.0,Shakti Singh,Chennai Super Kings,,,male,Royal Challengers Bengaluru,,Chennai Super Kings,bat,,Navdeep Singh,2021,AK Chaudhary,Indian Premier League,,RA Jadeja,1254076
"Narendra Modi Stadium, Ahmedabad",YC Barde,,2021-04-26,,AY Dandekar,Kolkata Knight Riders,Ahmedabad,6,,21.0,Prakash Bhatt,Punjab Kings,,,male,Kolkata Knight Riders,5.0,Kolkata Knight Riders,field,,S Ravi,2021,PR Reiffel,Indian Premier League,,EJG Morgan,1254078
"Narendra Modi Stadium, Ahmedabad",VK Sharma,1.0,2021-04-27,,J Madanagopal,Royal Challengers Bengaluru,Ahmedabad,6,,22.0,M Nayyar,Royal Challengers Bengaluru,,,male,Delhi Capitals,,Delhi Capitals,field,,AK Chaudhary,2021,S Ravi,Indian Premier League,,AB de Villiers,1254079
"Arun Jaitley Stadium, Delhi",CK Nandan,,2021-04-28,,UV Gandhe,Chennai Super Kings,Delhi,6,,23.0,J Srinath,Sunrisers Hyderabad,,,male,Chennai Super Kings,7.0,Sunrisers Hyderabad,bat,,KN Ananthapadmanabhan,2021,C Shamshuddin,Indian Premier League,,RD Gaikwad,1254080
"Arun Jaitley Stadium, Delhi",KN Ananthapadmanabhan,,2021-04-29,,Tapan Sharma,Mumbai Indians,Delhi,6,,24.0,V Narayan Kutty,Rajasthan Royals,,,male,Mumbai Indians,7.0,Mumbai Indians,field,,C Shamshuddin,2021,CB Gaffaney,Indian Premier League,,Q de Kock,1254081
"Narendra Modi Stadium, Ahmedabad",YC Barde,,2021-04-29,,Navdeep Singh,Delhi Capitals,Ahmedabad,6,,25.0,Prakash Bhatt,Kolkata Knight Riders,,,male,Delhi Capitals,7.0,Delhi Capitals,field,,AY Dandekar,2021,AK Chaudhary,Indian Premier League,,PP Shaw,1254082
"Narendra Modi Stadium, Ahmedabad",VK Sharma,34.0,2021-04-30,,YC Barde,Punjab Kings,Ahmedabad,6,,26.0,Shakti Singh,Punjab Kings,,,male,Royal Challengers Bengaluru,,Royal Challengers Bengaluru,field,,J Madanagopal,2021,S Ravi,Indian Premier League,,Harpreet Brar,1254083
"Arun Jaitley Stadium, Delhi",CK Nandan,,2021-05-01,,K Srinivasan,Mumbai Indians,Delhi,6,,27.0,J Srinath,Chennai Super Kings,,,male,Mumbai Indians,4.0,Mumbai Indians,field,,CB Gaffaney,2021,KN Ananthapadmanabhan,Indian Premier League,,KA Pollard,1254084
"Arun Jaitley Stadium, Delhi",CB Gaffaney,55.0,2021-05-02,,HAS Khalid,Rajasthan Royals,Delhi,6,,28.0,S Chaturvedi,Rajasthan Royals,,,male,Sunrisers Hyderabad,,Sunrisers Hyderabad,field,,UV Gandhe,2021,C Shamshuddin,Indian Premier League,,JC Buttler,1254085
"Narendra Modi Stadium, Ahmedabad",AY Dandekar,,2021-05-02,,Navdeep Singh,Delhi Capitals,Ahmedabad,6,,29.0,Shakti Singh,Punjab Kings,,,male,Delhi Capitals,7.0,Delhi Capitals,field,,J Madanagopal,2021,AK Chaudhary,Indian Premier League,,MA Agarwal,1254086
Dubai International Cricket Stadium,RK Illingworth,20.0,2021-09-19,,AY Dandekar,Chennai Super Kings,Dubai,6,,30.0,J Srinath,Chennai Super Kings,,,male,Mumbai Indians,,Chennai Super Kings,bat,,AK Chaudhary,2021,Nitin Menon,Indian Premier League,,RD Gaikwad,1254104
"Zayed Cricket Stadium, Abu Dhabi",S Ravi,,2021-09-20,,UV Gandhe,Kolkata Knight Riders,Abu Dhabi,6,,31.0,V Narayan Kutty,Royal Challengers Bengaluru,,,male,Kolkata Knight Riders,9.0,Royal Challengers Bengaluru,bat,,VK Sharma,2021,CB Gaffaney,Indian Premier League,,CV Varun,1254087
Dubai International Cricket Stadium,MA Gough,2.0,2021-09-21,,YC Barde,Rajasthan Royals,Dubai,6,,32.0,Prakash Bhatt,Rajasthan Royals,,,male,Punjab Kings,,Punjab Kings,field,,KN Ananthapadmanabhan,2021,AK Chaudhary,Indian Premier League,,Kartik Tyagi,1254111
Dubai International Cricket Stadium,RK Illingworth,,2021-09-22,,K Srinivasan,Delhi Capitals,Dubai,6,,33.0,M Nayyar,Sunrisers Hyderabad,,,male,Delhi Capitals,8.0,Sunrisers Hyderabad,bat,,J Madanagopal,2021,KN Ananthapadmanabhan,Indian Premier League,,A Nortje,1254105
"Zayed Cricket Stadium, Abu Dhabi",VK Sharma,,2021-09-23,,Tapan Sharma,Kolkata Knight Riders,Abu Dhabi,6,,34.0,V Narayan Kutty,Mumbai Indians,,,male,Kolkata Knight Riders,7.0,Kolkata Knight Riders,field,,CB Gaffaney,2021,S Ravi,Indian Premier League,,SP Narine,1254096
Sharjah Cricket Stadium,Nitin Menon,,2021-09-24,,Navdeep Singh,Chennai Super Kings,Sharjah,6,,35.0,J Srinath,Royal Challengers Bengaluru,,,male,Chennai Super Kings,6.0,Chennai Super Kings,field,,MA Gough,2021,AK Chaudhary,Indian Premier League,,DJ Bravo,1254113
Sharjah Cricket Stadium,YC Barde,5.0,2021-09-25,,J Madanagopal,Punjab Kings,Sharjah,6,,37.0,Prakash Bhatt,Punjab Kings,,,male,Sunrisers Hyderabad,,Sunrisers Hyderabad,field,,KN Ananthapadmanabhan,2021,RK Illingworth,Indian Premier League,,JO Holder,1254107
"Zayed Cricket Stadium, Abu Dhabi",UV Gandhe,33.0,2021-09-25,,Tapan Sharma,Delhi Capitals,Abu Dhabi,6,,36.0,V Narayan Kutty,Delhi Capitals,,,male,Rajasthan Royals,,Rajasthan Royals,field,,S Ravi,2021,CB Gaffaney,Indian Premier League,,SS Iyer,1254097
Dubai International Cricket Stadium,MA Gough,54.0,2021-09-26,,HAS Khalid,Royal Challengers Bengaluru,Dubai,6,,39.0,M Nayyar,Royal Challengers Bengaluru,,,male,Mumbai Indians,,Mumbai Indians,field,,Nitin Menon,2021,AK Chaudhary,Indian Premier League,,GJ Maxwell,1254108
"Zayed Cricket Stadium, Abu Dhabi",Tapan Sharma,,2021-09-26,,UV Gandhe,Chennai Super Kings,Abu Dhabi,6,,38.0,V Narayan Kutty,Kolkata Knight Riders,,,male,Chennai Super Kings,2.0,Kolkata Knight Riders,bat,,VK Sharma,2021,CB Gaffaney,Indian Premier League,,RA Jadeja,1254098
Dubai International Cricket Stadium,Navdeep Singh,,2021-09-27,,AY Dandekar,Sunrisers Hyderabad,Dubai,6,,40.0,J Srinath,Rajasthan Royals,,,male,Sunrisers Hyderabad,7.0,Rajasthan Royals,bat,,RK Illingworth,2021,KN Ananthapadmanabhan,Indian Premier League,,JJ Roy,1254100
Sharjah Cricket Stadium,HAS Khalid,,2021-09-28,,YC Barde,Kolkata Knight Riders,Sharjah,6,,41.0,Prakash Bhatt,Delhi Capitals,,,male,Kolkata Knight Riders,3.0,Kolkata Knight Riders,field,,AK Chaudhary,2021,Nitin Menon,Indian Premier League,,SP Narine,1254092
"Zayed Cricket Stadium, Abu Dhabi",VK Sharma,,2021-09-28,,Tapan Sharma,Mumbai Indians,Abu Dhabi,6,,42.0,V Narayan Kutty,Punjab Kings,,,male,Mumbai Indians,6.0,Mumbai Indians,field,,UV Gandhe,2021,S Ravi,Indian Premier League,,KA Pollard,1254099
Dubai International Cricket Stadium,KN Ananthapadmanabhan,,2021-09-29,,K Srinivasan,Royal Challengers Bengaluru,Dubai,6,,43.0,M Nayyar,Rajasthan Royals,,,male,Royal Challengers Bengaluru,7.0,Royal Challengers Bengaluru,field,,RK Illingworth,2021,AY Dandekar,Indian Premier League,,YS Chahal,1254103
Sharjah Cricket Stadium,YC Barde,,2021-09-30,,HAS Khalid,Chennai Super Kings,Sharjah,6,,44.0,Prakash Bhatt,Sunrisers Hyderabad,,,male,Chennai Super Kings,6.0,Chennai Super Kings,field,,MA Gough,2021,Nitin Menon,Indian Premier League,,JR Hazlewood,1254091
Dubai International Cricket Stadium,RK Illingworth,,2021-10-01,,J Madanagopal,Punjab Kings,Dubai,6,,45.0,M Nayyar,Kolkata Knight Riders,,,male,Punjab Kings,5.0,Punjab Kings,field,,AY Dandekar,2021,KN Ananthapadmanabhan,Indian Premier League,,KL Rahul,1254102
"Zayed Cricket Stadium, Abu Dhabi",VK Sharma,,2021-10-02,,UV Gandhe,Rajasthan Royals,Abu Dhabi,6,,47.0,V Narayan Kutty,Chennai Super Kings,,,male,Rajasthan Royals,7.0,Rajasthan Royals,field,,Tapan Sharma,2021,CB Gaffaney,Indian Premier League,,RD Gaikwad,1254089
Sharjah Cricket Stadium,MA Gough,,2021-10-02,,Navdeep Singh,Delhi Capitals,Sharjah,6,,46.0,J Srinath,Mumbai Indians,,,male,Delhi Capitals,4.0,Delhi Capitals,field,,Nitin Menon,2021,AK Chaudhary,Indian Premier League,,AR Patel,1254112
Sharjah Cricket Stadium,RK Illingworth,6.0,2021-10-03,,YC Barde,Royal Challengers Bengaluru,Sharjah,6,,48.0,Prakash Bhatt,Royal Challengers Bengaluru,,,male,Punjab Kings,,Royal Challengers Bengaluru,bat,,K Srinivasan,2021,KN Ananthapadmanabhan,Indian Premier League,,GJ Maxwell,1254090
Dubai International Cricket Stadium,MA Gough,,2021-10-03,,HAS Khalid,Kolkata Knight Riders,Dubai,6,,49.0,M Nayyar,Sunrisers Hyderabad,,,male,Kolkata Knight Riders,6.0,Sunrisers Hyderabad,bat,,Navdeep Singh,2021,J Madanagopal,Indian Premier League,,Shubman Gill,1254109
Dubai International Cricket Stadium,Nitin Menon,,2021-10-04,,AY Dandekar,Delhi Capitals,Dubai,6,,50.0,J Srinath,Chennai Super Kings,,,male,Delhi Capitals,3.0,Delhi Capitals,field,,HAS Khalid,2021,AK Chaudhary,Indian Premier League,,AR Patel,1254110
Sharjah Cricket Stadium,MA Gough,,2021-10-05,,K Srinivasan,Mumbai Indians,Sharjah,6,,51.0,Prakash Bhatt,Rajasthan Royals,,,male,Mumbai Indians,8.0,Mumbai Indians,field,,J Madanagopal,2021,AK Chaudhary,Indian Premier League,,NM Coulter-Nile,1254093
"Zayed Cricket Stadium, Abu Dhabi",UV Gandhe,4.0,2021-10-06,,Tapan Sharma,Sunrisers Hyderabad,Abu Dhabi,6,,52.0,V Narayan Kutty,Sunrisers Hyderabad,,,male,Royal Challengers Bengaluru,,Royal Challengers Bengaluru,field,,CB Gaffaney,2021,S Ravi,Indian Premier League,,KS Williamson,1254095
Dubai International Cricket Stadium,RK Illingworth,,2021-10-07,,J Madanagopal,Punjab Kings,Dubai,6,,53.0,J Srinath,Chennai Super Kings,,,male,Punjab Kings,6.0,Punjab Kings,field,,AY Dandekar,2021,K Srinivasan,Indian Premier League,,KL Rahul,1254094
Sharjah Cricket Stadium,HAS Khalid,86.0,2021-10-07,,Navdeep Singh,Kolkata Knight Riders,Sharjah,6,,54.0,M Nayyar,Kolkata Knight Riders,,,male,Rajasthan Royals,,Rajasthan Royals,field,,YC Barde,2021,MA Gough,Indian Premier League,,Shivam Mavi,1254106
Dubai International Cricket Stadium,Nitin Menon,,2021-10-08,,Navdeep Singh,Royal Challengers Bengaluru,Dubai,6,,56.0,Prakash Bhatt,Delhi Capitals,,,male,Royal Challengers Bengaluru,7.0,Royal Challengers Bengaluru,field,,K Srinivasan,2021,KN Ananthapadmanabhan,Indian Premier League,,KS Bharat,1254101
"Zayed Cricket Stadium, Abu Dhabi",VK Sharma,42.0,2021-10-08,,UV Gandhe,Mumbai Indians,Abu Dhabi,6,,55.0,V Narayan Kutty,Mumbai Indians,,,male,Sunrisers Hyderabad,,Mumbai Indians,bat,,,2021,Tapan Sharma,Indian Premier League,,Ishan Kishan,1254088
Dubai International Cricket Stadium,RK Illingworth,,2021-10-10,,KN Ananthapadmanabhan,Chennai Super Kings,Dubai,6,,,J Srinath,Delhi Capitals,,,male,Chennai Super Kings,4.0,Chennai Super Kings,field,,MA Gough,2021,Nitin Menon,Indian Premier League,,RD Gaikwad,1254114
Sharjah Cricket Stadium,VK Sharma,,2021-10-11,,S Ravi,Kolkata Knight Riders,Sharjah,6,,,M Nayyar,Royal Challengers Bengaluru,,,male,Kolkata Knight Riders,4.0,Royal Challengers Bengaluru,bat,,AK Chaudhary,2021,CB Gaffaney,Indian Premier League,,SP Narine,1254115
Sharjah Cricket Stadium,MA Gough,,2021-10-13,,AK Chaudhary,Kolkata Knight Riders,Sharjah,6,,,M Nayyar,Delhi Capitals,,,male,Kolkata Knight Riders,3.0,Kolkata Knight Riders,field,,CB Gaffaney,2021,KN Ananthapadmanabhan,Indian Premier League,,VR Iyer,1254116
Dubai International Cricket Stadium,RK Illingworth,27.0,2021-10-15,,VK Sharma,Chennai Super Kings,Dubai,6,,,J Srinath,Chennai Super Kings,,,male,Kolkata Knight Riders,,Kolkata Knight Riders,field,,S Ravi,2021,Nitin Menon,Indian Premier League,,F du Plessis,1254117
"Wankhede Stadium, Mumbai",Nitin Menon,,2022-03-26,,Chirra Ravikanthreddy,Kolkata Knight Riders,Mumbai,6,,1.0,M Nayyar,Chennai Super Kings,,,male,Kolkata Knight Riders,6.0,Kolkata Knight Riders,field,,VK Sharma,2022,AK Chaudhary,Indian Premier League,,UT Yadav,1304047
"Brabourne Stadium, Mumbai",HAS Khalid,,2022-03-27,,N Pandit,Delhi Capitals,Mumbai,6,,2.0,Prakash Bhatt,Mumbai Indians,,,male,Delhi Capitals,4.0,Delhi Capitals,field,,J Madanagopal,2022,RJ Tucker,Indian Premier League,,Kuldeep Yadav,1304048
"Dr DY Patil Sports Academy, Mumbai",YC Barde,,2022-03-27,,R Pandit,Punjab Kings,Mumbai,6,,3.0,M Nayyar,Royal Challengers Bengaluru,,,male,Punjab Kings,5.0,Punjab Kings,field,,AK Chaudhary,2022,Nitin Menon,Indian Premier League,,OF Smith,1304049
"Wankhede Stadium, Mumbai",VK Sharma,,2022-03-28,,GR Sadashiv Iyer,Gujarat Titans,Mumbai,6,,4.0,DS Manohar,Lucknow Super Giants,,,male,Gujarat Titans,5.0,Gujarat Titans,field,,RJ Tucker,2022,PG Pathak,Indian Premier League,,Mohammed Shami,1304050
"Maharashtra Cricket Association Stadium, Pune",UV Gandhe,61.0,2022-03-29,,MV Saidharshan Kumar,Rajasthan Royals,Pune,6,,5.0,Shakti Singh,Rajasthan Royals,,,male,Sunrisers Hyderabad,,Sunrisers Hyderabad,field,,KN Ananthapadmanabhan,2022,BNJ Oxenford,Indian Premier League,,SV Samson,1304051
"Dr DY Patil Sports Academy, Mumbai",Navdeep Singh,,2022-03-30,,Chirra Ravikanthreddy,Royal Challengers Bengaluru,Mumbai,6,,6.0,M Nayyar,Kolkata Knight Riders,,,male,Royal Challengers Bengaluru,3.0,Royal Challengers Bengaluru,field,,Nitin Menon,2022,J Madanagopal,Indian Premier League,,PWH de Silva,1304052
"Brabourne Stadium, Mumbai",VK Sharma,,2022-03-31,,NA Patwardhan,Lucknow Super Giants,Mumbai,6,,7.0,J Srinath,Chennai Super Kings,,,male,Lucknow Super Giants,6.0,Lucknow Super Giants,field,,YC Barde,2022,RJ Tucker,Indian Premier League,,E Lewis,1304053
"Wankhede Stadium, Mumbai",HAS Khalid,,2022-04-01,,A Totre,Kolkata Knight Riders,Mumbai,6,,8.0,Prakash Bhatt,Punjab Kings,,,male,Kolkata Knight Riders,6.0,Kolkata Knight Riders,field,,J Madanagopal,2022,AK Chaudhary,Indian Premier League,,UT Yadav,1304054
"Dr DY Patil Sports Academy, Mumbai",PG Pathak,23.0,2022-04-02,,N Pandit,Rajasthan Royals,Mumbai,6,,9.0,DS Manohar,Rajasthan Royals,,,male,Mumbai Indians,,Mumbai Indians,field,,VK Sharma,2022,Nitin Menon,Indian Premier League,,JC Buttler,1304055
"Maharashtra Cricket Association Stadium, Pune",UV Gandhe,14.0,2022-04-02,,Vinod Seshan,Gujarat Titans,Pune,6,,10.0,Shakti Singh,Gujarat Titans,,,male,Delhi Capitals,,Delhi Capitals,field,,BNJ Oxenford,2022,KN Ananthapadmanabhan,Indian Premier League,,LH Ferguson,1304056
"Brabourne Stadium, Mumbai",YC Barde,54.0,2022-04-03,,R Pandit,Punjab Kings,Mumbai,6,,11.0,J Srinath,Punjab Kings,,,male,Chennai Super Kings,,Chennai Super Kings,field,,AK Chaudhary,2022,RJ Tucker,Indian Premier League,,LS Livingstone,1304057
"Dr DY Patil Sports Academy, Mumbai",Navdeep Singh,12.0,2022-04-04,,GR Sadashiv Iyer,Lucknow Super Giants,Mumbai,6,,12.0,M Nayyar,Lucknow Super Giants,,,male,Sunrisers Hyderabad,,Sunrisers Hyderabad,field,,VK Sharma,2022,J Madanagopal,Indian Premier League,,Avesh Khan,1304058
"Wankhede Stadium, Mumbai",HAS Khalid,,2022-04-05,,NA Patwardhan,Royal Challengers Bengaluru,Mumbai,6,,13.0,Prakash Bhatt,Rajasthan Royals,,,male,Royal Challengers Bengaluru,4.0,Royal Challengers Bengaluru,field,,Nitin Menon,2022,AK Chaudhary,Indian Premier League,,KD Karthik,1304059
"Maharashtra Cricket Association Stadium, Pune",KN Ananthapadmanabhan,,2022-04-06,,MV Saidharshan Kumar,Kolkata Knight Riders,Pune,6,,14.0,V Narayan Kutty,Mumbai Indians,,,male,Kolkata Knight Riders,5.0,Kolkata Knight Riders,field,,UV Gandhe,2022,BNJ Oxenford,Indian Premier League,,PJ Cummins,1304060
"Dr DY Patil Sports Academy, Mumbai",Tapan Sharma,,2022-04-07,,A Totre,Lucknow Super Giants,Mumbai,6,,15.0,Shakti Singh,Delhi Capitals,,,male,Lucknow Super Giants,6.0,Lucknow Super Giants,field,,J Madanagopal,2022,RJ Tucker,Indian Premier League,,Q de Kock,1304061
"Brabourne Stadium, Mumbai",VK Sharma,,2022-04-08,,Chirra Ravikanthreddy,Gujarat Titans,Mumbai,6,,16.0,J Srinath,Punjab Kings,,,male,Gujarat Titans,6.0,Gujarat Titans,field,,PG Pathak,2022,AK Chaudhary,Indian Premier League,,Shubman Gill,1304062
"Dr DY Patil Sports Academy, Mumbai",Nitin Menon,,2022-04-09,,N Pandit,Sunrisers Hyderabad,Mumbai,6,,17.0,J Srinath,Chennai Super Kings,,,male,Sunrisers Hyderabad,8.0,Sunrisers Hyderabad,field,,YC Barde,2022,Navdeep Singh,Indian Premier League,,Abhishek Sharma,1304063
"Maharashtra Cricket Association Stadium, Pune",KN Ananthapadmanabhan,,2022-04-09,,Vinod Seshan,Royal Challengers Bengaluru,Pune,6,,18.0,V Narayan Kutty,Mumbai Indians,,,male,Royal Challengers Bengaluru,7.0,Royal Challengers Bengaluru,field,,UV Gandhe,2022,BNJ Oxenford,Indian Premier League,,Anuj Rawat,1304064
"Brabourne Stadium, Mumbai",J Madanagopal,44.0,2022-04-10,,R Pandit,Delhi Capitals,Mumbai,6,,19.0,Prakash Bhatt,Delhi Capitals,,,male,Kolkata Knight Riders,,Kolkata Knight Riders,field,,HAS Khalid,2022,CB Gaffaney,Indian Premier League,,Kuldeep Yadav,1304065
"Wankhede Stadium, Mumbai",Tapan Sharma,3.0,2022-04-10,,GR Sadashiv Iyer,Rajasthan Royals,Mumbai,6,,20.0,J Srinath,Rajasthan Royals,,,male,Lucknow Super Giants,,Lucknow Super Giants,field,,PG Pathak,2022,AK Chaudhary,Indian Premier League,,YS Chahal,1304066
"Dr DY Patil Sports Academy, Mumbai",RJ Tucker,,2022-04-11,,NA Patwardhan,Sunrisers Hyderabad,Mumbai,6,,21.0,DS Manohar,Gujarat Titans,,,male,Sunrisers Hyderabad,8.0,Sunrisers Hyderabad,field,,VK Sharma,2022,Chirra Ravikanthreddy,Indian Premier League,,KS Williamson,1304067
"Dr DY Patil Sports Academy, Mumbai",N Pandit,23.0,2022-04-12,,A Totre,Chennai Super Kings,Mumbai,6,,22.0,J Srinath,Chennai Super Kings,,,male,Royal Challengers Bengaluru,,Royal Challengers Bengaluru,field,,YC Barde,2022,Nitin Menon,Indian Premier League,,S Dube,1304068
"Maharashtra Cricket Association Stadium, Pune",UV Gandhe,12.0,2022-04-13,,MV Saidharshan Kumar,Punjab Kings,Pune,6,,23.0,V Narayan Kutty,Punjab Kings,,,male,Mumbai Indians,,Mumbai Indians,field,,KN Ananthapadmanabhan,2022,BNJ Oxenford,Indian Premier League,,MA Agarwal,1304069
"Dr DY Patil Sports Academy, Mumbai",R Pandit,37.0,2022-04-14,,Tapan Sharma,Gujarat Titans,Mumbai,6,,24.0,M Nayyar,Gujarat Titans,,,male,Rajasthan Royals,,Rajasthan Royals,field,,J Madanagopal,2022,CB Gaffaney,Indian Premier League,,HH Pandya,1304070
"Brabourne Stadium, Mumbai",VK Sharma,,2022-04-15,,PG Pathak,Sunrisers Hyderabad,Mumbai,6,,25.0,Prakash Bhatt,Kolkata Knight Riders,,,male,Sunrisers Hyderabad,7.0,Sunrisers Hyderabad,field,,HAS Khalid,2022,GR Sadashiv Iyer,Indian Premier League,,RA Tripathi,1304071
"Brabourne Stadium, Mumbai",NA Patwardhan,18.0,2022-04-16,,YC Barde,Lucknow Super Giants,Mumbai,6,,26.0,Shakti Singh,Lucknow Super Giants,,,male,Mumbai Indians,,Mumbai Indians,field,,Navdeep Singh,2022,AK Chaudhary,Indian Premier League,,KL Rahul,1304072
"Wankhede Stadium, Mumbai",J Madanagopal,16.0,2022-04-16,,N Pandit,Royal Challengers Bengaluru,Mumbai,6,,27.0,J Srinath,Royal Challengers Bengaluru,,,male,Delhi Capitals,,Delhi Capitals,field,,CB Gaffaney,2022,Chirra Ravikanthreddy,Indian Premier League,,KD Karthik,1304073
"Dr DY Patil Sports Academy, Mumbai",R Pandit,,2022-04-17,,A Totre,Sunrisers Hyderabad,Mumbai,6,,28.0,DS Manohar,Punjab Kings,,,male,Sunrisers Hyderabad,7.0,Sunrisers Hyderabad,field,,RJ Tucker,2022,PG Pathak,Indian Premier League,,Umran Malik,1304074
"Maharashtra Cricket Association Stadium, Pune",UV Gandhe,,2022-04-17,,Vinod Seshan,Gujarat Titans,Pune,6,,29.0,V Narayan Kutty,Chennai Super Kings,,,male,Gujarat Titans,3.0,Gujarat Titans,field,,BNJ Oxenford,2022,KN Ananthapadmanabhan,Indian Premier League,,DA Miller,1304075
"Brabourne Stadium, Mumbai",VK Sharma,7.0,2022-04-18,,NA Patwardhan,Rajasthan Royals,Mumbai,6,,30.0,M Nayyar,Rajasthan Royals,,,male,Kolkata Knight Riders,,Kolkata Knight Riders,field,,Nitin Menon,2022,GR Sadashiv Iyer,Indian Premier League,,YS Chahal,1304076
"Dr DY Patil Sports Academy, Mumbai",N Pandit,18.0,2022-04-19,,Chirra Ravikanthreddy,Royal Challengers Bengaluru,Mumbai,6,,31.0,Prakash Bhatt,Royal Challengers Bengaluru,,,male,Lucknow Super Giants,,Lucknow Super Giants,field,,J Madanagopal,2022,CB Gaffaney,Indian Premier League,,F du Plessis,1304077
"Brabourne Stadium, Mumbai",Tapan Sharma,,2022-04-20,,R Pandit,Delhi Capitals,Mumbai,6,,32.0,Shakti Singh,Punjab Kings,,,male,Delhi Capitals,9.0,Delhi Capitals,field,,AK Chaudhary,2022,RJ Tucker,Indian Premier League,,Kuldeep Yadav,1304078
"Dr DY Patil Sports Academy, Mumbai",UV Gandhe,,2022-04-21,,MV Saidharshan Kumar,Chennai Super Kings,Navi Mumbai,6,,33.0,V Narayan Kutty,Mumbai Indians,,,male,Chennai Super Kings,3.0,Chennai Super Kings,field,,KN Ananthapadmanabhan,2022,BNJ Oxenford,Indian Premier League,,Mukesh Choudhary,1304079
"Wankhede Stadium, Mumbai",Nitin Menon,15.0,2022-04-22,,GR Sadashiv Iyer,Rajasthan Royals,Mumbai,6,,34.0,DS Manohar,Rajasthan Royals,,,male,Delhi Capitals,,Delhi Capitals,field,,YC Barde,2022,NA Patwardhan,Indian Premier League,,JC Buttler,1304080
"Dr DY Patil Sports Academy, Mumbai",UV Gandhe,8.0,2022-04-23,,Vinod Seshan,Gujarat Titans,Navi Mumbai,6,,35.0,V Narayan Kutty,Gujarat Titans,,,male,Kolkata Knight Riders,,Gujarat Titans,bat,,BNJ Oxenford,2022,KN Ananthapadmanabhan,Indian Premier League,,Rashid Khan,1304081
"Brabourne Stadium, Mumbai",J Madanagopal,,2022-04-23,,HAS Khalid,Sunrisers Hyderabad,Mumbai,6,,36.0,M Nayyar,Royal Challengers Bengaluru,,,male,Sunrisers Hyderabad,9.0,Sunrisers Hyderabad,field,,CB Gaffaney,2022,Chirra Ravikanthreddy,Indian Premier League,,M Jansen,1304082
"Wankhede Stadium, Mumbai",HAS Khalid,36.0,2022-04-24,,N Pandit,Lucknow Super Giants,Mumbai,6,,37.0,Shakti Singh,Lucknow Super Giants,,,male,Mumbai Indians,,Mumbai Indians,field,,VK Sharma,2022,M Erasmus,Indian Premier League,,KL Rahul,1304083
"Wankhede Stadium, Mumbai",Tapan Sharma,11.0,2022-04-25,,R Pandit,Punjab Kings,Mumbai,6,,38.0,Prakash Bhatt,Punjab Kings,,,male,Chennai Super Kings,,Chennai Super Kings,field,,PG Pathak,2022,M Erasmus,Indian Premier League,,S Dhawan,1304084
"Maharashtra Cricket Association Stadium, Pune",KN Ananthapadmanabhan,29.0,2022-04-26,,MV Saidharshan Kumar,Rajasthan Royals,Pune,6,,39.0,V Narayan Kutty,Rajasthan Royals,,,male,Royal Challengers Bengaluru,,Royal Challengers Bengaluru,field,,UV Gandhe,2022,BNJ Oxenford,Indian Premier League,,R Parag,1304085
"Wankhede Stadium, Mumbai",Navdeep Singh,,2022-04-27,,GR Sadashiv Iyer,Gujarat Titans,Mumbai,6,,40.0,Shakti Singh,Sunrisers Hyderabad,,,male,Gujarat Titans,5.0,Gujarat Titans,field,,J Madanagopal,2022,CB Gaffaney,Indian Premier League,,Umran Malik,1304086
"Wankhede Stadium, Mumbai",PG Pathak,,2022-04-28,,A Totre,Delhi Capitals,Mumbai,6,,41.0,DS Manohar,Kolkata Knight Riders,,,male,Delhi Capitals,4.0,Delhi Capitals,field,,Nitin Menon,2022,AK Chaudhary,Indian Premier League,,Kuldeep Yadav,1304087
"Maharashtra Cricket Association Stadium, Pune",UV Gandhe,20.0,2022-04-29,,Vinod Seshan,Lucknow Super Giants,Pune,6,,42.0,V Narayan Kutty,Lucknow Super Giants,,,male,Punjab Kings,,Punjab Kings,field,,KN Ananthapadmanabhan,2022,MA Gough,Indian Premier League,,KH Pandya,1304088
"Brabourne Stadium, Mumbai",VK Sharma,,2022-04-30,,Chirra Ravikanthreddy,Gujarat Titans,Mumbai,6,,43.0,Shakti Singh,Royal Challengers Bengaluru,,,male,Gujarat Titans,6.0,Royal Challengers Bengaluru,bat,,Nitin Menon,2022,HAS Khalid,Indian Premier League,,R Tewatia,1304089
"Dr DY Patil Sports Academy, Mumbai",YC Barde,,2022-04-30,,Tapan Sharma,Mumbai Indians,Navi Mumbai,6,,44.0,M Nayyar,Rajasthan Royals,,,male,Mumbai Indians,5.0,Mumbai Indians,field,,Navdeep Singh,2022,BNJ Oxenford,Indian Premier League,,SA Yadav,1304090
"Wankhede Stadium, Mumbai",CB Gaffaney,6.0,2022-05-01,,A Totre,Lucknow Super Giants,Mumbai,6,,45.0,Prakash Bhatt,Lucknow Super Giants,,,male,Delhi Capitals,,Lucknow Super Giants,bat,,PG Pathak,2022,Chirra Ravikanthreddy,Indian Premier League,,Mohsin Khan (2),1304091
"Maharashtra Cricket Association Stadium, Pune",KN Ananthapadmanabhan,13.0,2022-05-01,,MV Saidharshan Kumar,Chennai Super Kings,Pune,6,,46.0,V Narayan Kutty,Chennai Super Kings,,,male,Sunrisers Hyderabad,,Sunrisers Hyderabad,field,,MA Gough,2022,AK Chaudhary,Indian Premier League,,RD Gaikwad,1304092
"Wankhede Stadium, Mumbai",N Pandit,,2022-05-02,,Tapan Sharma,Kolkata Knight Riders,Mumbai,6,,47.0,Shakti Singh,Rajasthan Royals,,,male,Kolkata Knight Riders,7.0,Kolkata Knight Riders,field,,CB Gaffaney,2022,J Madanagopal,Indian Premier League,,RK Singh,1304093
"Dr DY Patil Sports Academy, Mumbai",VK Sharma,,2022-05-03,,UV Gandhe,Punjab Kings,Navi Mumbai,6,,48.0,DS Manohar,Gujarat Titans,,,male,Punjab Kings,8.0,Gujarat Titans,bat,,HAS Khalid,2022,R Pandit,Indian Premier League,,K Rabada,1304094
"Maharashtra Cricket Association Stadium, Pune",MA Gough,13.0,2022-05-04,,Vinod Seshan,Royal Challengers Bengaluru,Pune,6,,49.0,V Narayan Kutty,Royal Challengers Bengaluru,,,male,Chennai Super Kings,,Chennai Super Kings,field,,AK Chaudhary,2022,KN Ananthapadmanabhan,Indian Premier League,,HV Patel,1304095
"Brabourne Stadium, Mumbai",NA Patwardhan,21.0,2022-05-05,,N Pandit,Delhi Capitals,Mumbai,6,,50.0,Shakti Singh,Delhi Capitals,,,male,Sunrisers Hyderabad,,Sunrisers Hyderabad,field,,Nitin Menon,2022,Navdeep Singh,Indian Premier League,,DA Warner,1304096
"Brabourne Stadium, Mumbai",GR Sadashiv Iyer,5.0,2022-05-06,,R Pandit,Mumbai Indians,Mumbai,6,,51.0,M Nayyar,Mumbai Indians,,,male,Gujarat Titans,,Gujarat Titans,field,,BNJ Oxenford,2022,J Madanagopal,Indian Premier League,,TH David,1304097
"Maharashtra Cricket Association Stadium, Pune",MA Gough,75.0,2022-05-07,,MV Saidharshan Kumar,Lucknow Super Giants,Pune,6,,53.0,V Narayan Kutty,Lucknow Super Giants,,,male,Kolkata Knight Riders,,Kolkata Knight Riders,field,,KN Ananthapadmanabhan,2022,AK Chaudhary,Indian Premier League,,Avesh Khan,1304099
"Wankhede Stadium, Mumbai",YC Barde,,2022-05-07,,UV Gandhe,Rajasthan Royals,Mumbai,6,,52.0,Prakash Bhatt,Punjab Kings,,,male,Rajasthan Royals,6.0,Punjab Kings,bat,,CB Gaffaney,2022,Chirra Ravikanthreddy,Indian Premier League,,YBK Jaiswal,1304098
"Wankhede Stadium, Mumbai",N Pandit,67.0,2022-05-08,,A Totre,Royal Challengers Bengaluru,Mumbai,6,,54.0,Shakti Singh,Royal Challengers Bengaluru,,,male,Sunrisers Hyderabad,,Royal Challengers Bengaluru,bat,,PG Pathak,2022,BNJ Oxenford,Indian Premier League,,PWH de Silva,1304100
"Dr DY Patil Sports Academy, Mumbai",R Pandit,91.0,2022-05-08,,Tapan Sharma,Chennai Super Kings,Navi Mumbai,6,,55.0,M Nayyar,Chennai Super Kings,,,male,Delhi Capitals,,Delhi Capitals,field,,HAS Khalid,2022,Nitin Menon,Indian Premier League,,DP Conway,1304101
"Dr DY Patil Sports Academy, Mumbai",GR Sadashiv Iyer,52.0,2022-05-09,,Chirra Ravikanthreddy,Kolkata Knight Riders,Navi Mumbai,6,,56.0,Prakash Bhatt,Kolkata Knight Riders,,,male,Mumbai Indians,,Mumbai Indians,field,,BNJ Oxenford,2022,CB Gaffaney,Indian Premier League,,JJ Bumrah,1304102
"Maharashtra Cricket Association Stadium, Pune",MA Gough,62.0,2022-05-10,,Vinod Seshan,Gujarat Titans,Pune,6,,57.0,V Narayan Kutty,Gujarat Titans,,,male,Lucknow Super Giants,,Gujarat Titans,bat,,AK Chaudhary,2022,KN Ananthapadmanabhan,Indian Premier League,,Shubman Gill,1304103
"Dr DY Patil Sports Academy, Mumbai",Nitin Menon,,2022-05-11,,Tapan Sharma,Delhi Capitals,Navi Mumbai,6,,58.0,M Nayyar,Rajasthan Royals,,,male,Delhi Capitals,8.0,Delhi Capitals,field,,VK Sharma,2022,NA Patwardhan,Indian Premier League,,MR Marsh,1304104
"Wankhede Stadium, Mumbai",CB Gaffaney,,2022-05-12,,A Totre,Mumbai Indians,Mumbai,6,,59.0,Shakti Singh,Chennai Super Kings,,,male,Mumbai Indians,5.0,Mumbai Indians,field,,Nitin Menon,2022,Chirra Ravikanthreddy,Indian Premier League,,DR Sams,1304105
"Brabourne Stadium, Mumbai",N Pandit,54.0,2022-05-13,,Vinod Seshan,Punjab Kings,Mumbai,6,,60.0,J Srinath,Punjab Kings,,,male,Royal Challengers Bengaluru,,Royal Challengers Bengaluru,field,,Navdeep Singh,2022,J Madanagopal,Indian Premier League,,JM Bairstow,1304106
"Maharashtra Cricket Association Stadium, Pune",KN Ananthapadmanabhan,54.0,2022-05-14,,MV Saidharshan Kumar,Kolkata Knight Riders,Pune,6,,61.0,V Narayan Kutty,Kolkata Knight Riders,,,male,Sunrisers Hyderabad,,Kolkata Knight Riders,bat,,MA Gough,2022,AK Chaudhary,Indian Premier League,,AD Russell,1304107
"Wankhede Stadium, Mumbai",VK Sharma,,2022-05-15,,NA Patwardhan,Gujarat Titans,Mumbai,6,,62.0,J Srinath,Chennai Super Kings,,,male,Gujarat Titans,7.0,Chennai Super Kings,bat,,CB Gaffaney,2022,R Pandit,Indian Premier League,,WP Saha,1304108
"Brabourne Stadium, Mumbai",Tapan Sharma,24.0,2022-05-15,,YC Barde,Rajasthan Royals,Mumbai,6,,63.0,Prakash Bhatt,Rajasthan Royals,,,male,Lucknow Super Giants,,Rajasthan Royals,bat,,BNJ Oxenford,2022,PG Pathak,Indian Premier League,,TA Boult,1304109
"Dr DY Patil Sports Academy, Mumbai",Nitin Menon,17.0,2022-05-16,,Navdeep Singh,Delhi Capitals,Navi Mumbai,6,,64.0,Prakash Bhatt,Delhi Capitals,,,male,Punjab Kings,,Punjab Kings,field,,MA Gough,2022,GR Sadashiv Iyer,Indian Premier League,,SN Thakur,1304110
"Wankhede Stadium, Mumbai",N Pandit,3.0,2022-05-17,,HAS Khalid,Sunrisers Hyderabad,Mumbai,6,,65.0,J Srinath,Sunrisers Hyderabad,,,male,Mumbai Indians,,Mumbai Indians,field,,Navdeep Singh,2022,CB Gaffaney,Indian Premier League,,RA Tripathi,1304111
"Dr DY Patil Sports Academy, Mumbai",YC Barde,2.0,2022-05-18,,NA Patwardhan,Lucknow Super Giants,Navi Mumbai,6,,66.0,M Nayyar,Lucknow Super Giants,,,male,Kolkata Knight Riders,,Lucknow Super Giants,bat,,BNJ Oxenford,2022,R Pandit,Indian Premier League,,Q de Kock,1304112
"Wankhede Stadium, Mumbai",GR Sadashiv Iyer,,2022-05-19,,Tapan Sharma,Royal Challengers Bengaluru,Mumbai,6,,67.0,J Srinath,Gujarat Titans,,,male,Royal Challengers Bengaluru,8.0,Gujarat Titans,bat,,Navdeep Singh,2022,KN Ananthapadmanabhan,Indian Premier League,,V Kohli,1304113
"Brabourne Stadium, Mumbai",NA Patwardhan,,2022-05-20,,PG Pathak,Rajasthan Royals,Mumbai,6,,68.0,M Nayyar,Chennai Super Kings,,,male,Rajasthan Royals,5.0,Chennai Super Kings,bat,,YC Barde,2022,CB Gaffaney,Indian Premier League,,R Ashwin,1304114
"Wankhede Stadium, Mumbai",Tapan Sharma,,2022-05-21,,GR Sadashiv Iyer,Mumbai Indians,Mumbai,6,,69.0,J Srinath,Delhi Capitals,,,male,Mumbai Indians,5.0,Mumbai Indians,field,,HAS Khalid,2022,Nitin Menon,Indian Premier League,,JJ Bumrah,1304115
"Wankhede Stadium, Mumbai",NA Patwardhan,,2022-05-22,,Navdeep Singh,Punjab Kings,Mumbai,6,,70.0,J Srinath,Sunrisers Hyderabad,,,male,Punjab Kings,5.0,Sunrisers Hyderabad,bat,,CB Gaffaney,2022,AK Chaudhary,Indian Premier League,,Harpreet Brar,1304116
"Eden Gardens, Kolkata",VK Sharma,,2022-05-24,,J Madanagopal,Gujarat Titans,Kolkata,6,,,M Nayyar,Rajasthan Royals,,,male,Gujarat Titans,7.0,Gujarat Titans,field,,MA Gough,2022,BNJ Oxenford,Indian Premier League,,DA Miller,1312197
"Eden Gardens, Kolkata",MA Gough,14.0,2022-05-25,,VK Sharma,Royal Challengers Bengaluru,Kolkata,6,,,M Nayyar,Royal Challengers Bengaluru,,,male,Lucknow Super Giants,,Lucknow Super Giants,field,,BNJ Oxenford,2022,J Madanagopal,Indian Premier League,,RM Patidar,1312198
"Narendra Modi Stadium, Ahmedabad",Nitin Menon,,2022-05-27,,KN Ananthapadmanabhan,Rajasthan Royals,Ahmedabad,6,,,J Srinath,Royal Challengers Bengaluru,,,male,Rajasthan Royals,7.0,Rajasthan Royals,field,,AK Chaudhary,2022,CB Gaffaney,Indian Premier League,,JC Buttler,1312199
"Narendra Modi Stadium, Ahmedabad",Nitin Menon,,2022-05-29,,AK Chaudhary,Gujarat Titans,Ahmedabad,6,,,J Srinath,Rajasthan Royals,,,male,Gujarat Titans,7.0,Rajasthan Royals,bat,,KN Ananthapadmanabhan,2022,CB Gaffaney,Indian Premier League,,HH Pandya,1312200
"Narendra Modi Stadium, Ahmedabad",HAS Khalid,,2023-03-31,,A Bengeri,Gujarat Titans,Ahmedabad,6,,1.0,J Srinath,Chennai Super Kings,,,male,Gujarat Titans,5.0,Gujarat Titans,field,,VK Sharma,2023,Nitin Menon,Indian Premier League,,Rashid Khan,1359475
"Punjab Cricket Association IS Bindra Stadium, Mohali, Chandigarh",YC Barde,7.0,2023-04-01,,PM Joshi,Punjab Kings,Chandigarh,6,,2.0,M Nayyar,Punjab Kings,,,male,Kolkata Knight Riders,,Kolkata Knight Riders,field,,J Madanagopal,2023,BNJ Oxenford,Indian Premier League,,Arshdeep Singh,1359476
"Bharat Ratna Shri Atal Bihari Vajpayee Ekana Cricket Stadium, Lucknow",NA Patwardhan,50.0,2023-04-01,,M Kuppuraj,Lucknow Super Giants,Lucknow,6,,3.0,DS Manohar,Lucknow Super Giants,,,male,Delhi Capitals,,Delhi Capitals,field,,GR Sadashiv Iyer,2023,AK Chaudhary,Indian Premier League,,MA Wood,1359477
"M Chinnaswamy Stadium, Bengaluru",Tapan Sharma,,2023-04-02,,A Bengeri,Royal Challengers Bengaluru,Bengaluru,6,,5.0,J Srinath,Mumbai Indians,,,male,Royal Challengers Bengaluru,8.0,Royal Challengers Bengaluru,field,,VK Sharma,2023,Nitin Menon,Indian Premier League,,F du Plessis,1359479
"Rajiv Gandhi International Stadium, Uppal, Hyderabad",R Pandit,72.0,2023-04-02,,Abhijit Bhattacharya,Rajasthan Royals,Hyderabad,6,,4.0,V Narayan Kutty,Rajasthan Royals,,,male,Sunrisers Hyderabad,,Sunrisers Hyderabad,field,,Navdeep Singh,2023,KN Ananthapadmanabhan,Indian Premier League,,JC Buttler,1359478
"MA Chidambaram Stadium, Chepauk, Chennai",BNJ Oxenford,12.0,2023-04-03,,PM Joshi,Chennai Super Kings,Chennai,6,,6.0,M Nayyar,Chennai Super Kings,,,male,Lucknow Super Giants,,Lucknow Super Giants,field,,UV Gandhe,2023,A Totre,Indian Premier League,,MM Ali,1359480
"Arun Jaitley Stadium, Delhi",GR Sadashiv Iyer,,2023-04-04,,M Kuppuraj,Gujarat Titans,Delhi,6,,7.0,DS Manohar,Delhi Capitals,,,male,Gujarat Titans,6.0,Gujarat Titans,field,,AK Chaudhary,2023,A Nand Kishore,Indian Premier League,,B Sai Sudharsan,1359481
"Barsapara Cricket Stadium, Guwahati",MV Saidharshan Kumar,5.0,2023-04-05,,Abhijit Bhattacharya,Punjab Kings,Guwahati,6,,8.0,V Narayan Kutty,Punjab Kings,,,male,Rajasthan Royals,,Rajasthan Royals,field,,R Pandit,2023,KN Ananthapadmanabhan,Indian Premier League,,NT Ellis,1359482
"Eden Gardens, Kolkata",VK Sharma,81.0,2023-04-06,,A Bengeri,Kolkata Knight Riders,Kolkata,6,,9.0,Shakti Singh,Kolkata Knight Riders,,,male,Royal Challengers Bengaluru,,Royal Challengers Bengaluru,field,,Nitin Menon,2023,Vinod Seshan,Indian Premier League,,SN Thakur,1359483
"Bharat Ratna Shri Atal Bihari Vajpayee Ekana Cricket Stadium, Lucknow",YC Barde,,2023-04-07,,PM Joshi,Lucknow Super Giants,Lucknow,6,,10.0,M Nayyar,Sunrisers Hyderabad,,,male,Lucknow Super Giants,5.0,Sunrisers Hyderabad,bat,,BNJ Oxenford,2023,J Madanagopal,Indian Premier League,,KH Pandya,1359484
"Barsapara Cricket Stadium, Guwahati",MV Saidharshan Kumar,57.0,2023-04-08,,Abhijit Bhattacharya,Rajasthan Royals,Guwahati,6,,11.0,V Narayan Kutty,Rajasthan Royals,,,male,Delhi Capitals,,Delhi Capitals,field,,KN Ananthapadmanabhan,2023,Navdeep Singh,Indian Premier League,,YBK Jaiswal,1359485
"Wankhede Stadium, Mumbai",NA Patwardhan,,2023-04-08,,M Kuppuraj,Chennai Super Kings,Mumbai,6,,12.0,DS Manohar,Mumbai Indians,,,male,Chennai Super Kings,7.0,Chennai Super Kings,field,,AK Chaudhary,2023,CB Gaffaney,Indian Premier League,,RA Jadeja,1359486
"Narendra Modi Stadium, Ahmedabad",Tapan Sharma,,2023-04-09,,A Bengeri,Kolkata Knight Riders,Ahmedabad,6,,13.0,J Srinath,Gujarat Titans,,,male,Kolkata Knight Riders,3.0,Gujarat Titans,bat,,HAS Khalid,2023,Nitin Menon,Indian Premier League,,RK Singh,1359487
"Rajiv Gandhi International Stadium, Uppal, Hyderabad",UV Gandhe,,2023-04-09,,PM Joshi,Sunrisers Hyderabad,Hyderabad,6,,14.0,M Nayyar,Punjab Kings,,,male,Sunrisers Hyderabad,8.0,Sunrisers Hyderabad,field,,J Madanagopal,2023,BNJ Oxenford,Indian Premier League,,S Dhawan,1359488
"M Chinnaswamy Stadium, Bengaluru",A Nand Kishore,,2023-04-10,,M Kuppuraj,Lucknow Super Giants,Bengaluru,6,,15.0,DS Manohar,Royal Challengers Bengaluru,,,male,Lucknow Super Giants,1.0,Lucknow Super Giants,field,,CB Gaffaney,2023,AK Chaudhary,Indian Premier League,,N Pooran,1359489
"Arun Jaitley Stadium, Delhi",R Pandit,,2023-04-11,,Abhijit Bhattacharya,Mumbai Indians,Delhi,6,,16.0,V Narayan Kutty,Delhi Capitals,,,male,Mumbai Indians,6.0,Mumbai Indians,field,,KN Ananthapadmanabhan,2023,MA Gough,Indian Premier League,,RG Sharma,1359490
"MA Chidambaram Stadium, Chepauk, Chennai",VK Sharma,3.0,2023-04-12,,A Bengeri,Rajasthan Royals,Chennai,6,,17.0,J Srinath,Rajasthan Royals,,,male,Chennai Super Kings,,Chennai Super Kings,field,,Nitin Menon,2023,Vinod Seshan,Indian Premier League,,R Ashwin,1359491
"Punjab Cricket Association IS Bindra Stadium, Mohali, Chandigarh",J Madanagopal,,2023-04-13,,PM Joshi,Gujarat Titans,Chandigarh,6,,18.0,R Seth,Punjab Kings,,,male,Gujarat Titans,6.0,Gujarat Titans,field,,BNJ Oxenford,2023,A Totre,Indian Premier League,,MM Sharma,1359492
"Eden Gardens, Kolkata",GR Sadashiv Iyer,23.0,2023-04-14,,M Kuppuraj,Sunrisers Hyderabad,Kolkata,6,,19.0,DS Manohar,Sunrisers Hyderabad,,,male,Kolkata Knight Riders,,Kolkata Knight Riders,field,,NA Patwardhan,2023,CB Gaffaney,Indian Premier League,,HC Brook,1359493
"M Chinnaswamy Stadium, Bengaluru",MV Saidharshan Kumar,23.0,2023-04-15,,Abhijit Bhattacharya,Royal Challengers Bengaluru,Bengaluru,6,,20.0,Amit Sharma,Royal Challengers Bengaluru,,,male,Delhi Capitals,,Delhi Capitals,field,,MA Gough,2023,KN Ananthapadmanabhan,Indian Premier League,,V Kohli,1359494
"Bharat Ratna Shri Atal Bihari Vajpayee Ekana Cricket Stadium, Lucknow",VK Sharma,,2023-04-15,,A Bengeri,Punjab Kings,Lucknow,6,,21.0,Shakti Singh,Lucknow Super Giants,,,male,Punjab Kings,2.0,Punjab Kings,field,,Tapan Sharma,2023,HAS Khalid,Indian Premier League,,Sikandar Raza,1359495
"Wankhede Stadium, Mumbai",UV Gandhe,,2023-04-16,,PM Joshi,Mumbai Indians,Mumbai,6,,22.0,R Seth,Kolkata Knight Riders,,,male,Mumbai Indians,5.0,Mumbai Indians,field,,J Madanagopal,2023,BNJ Oxenford,Indian Premier League,,VR Iyer,1359496
"Narendra Modi Stadium, Ahmedabad",CB Gaffaney,,2023-04-16,,M Kuppuraj,Rajasthan Royals,Ahmedabad,6,,23.0,Prakash Bhatt,Gujarat Titans,,,male,Rajasthan Royals,3.0,Rajasthan Royals,field,,A Nand Kishore,2023,AK Chaudhary,Indian Premier League,,SO Hetmyer,1359497
"M Chinnaswamy Stadium, Bengaluru",Navdeep Singh,8.0,2023-04-17,,Abhijit Bhattacharya,Chennai Super Kings,Bengaluru,6,,24.0,Amit Sharma,Chennai Super Kings,,,male,Royal Challengers Bengaluru,,Royal Challengers Bengaluru,field,,MA Gough,2023,KN Ananthapadmanabhan,Indian Premier League,,DP Conway,1359498
"Rajiv Gandhi International Stadium, Uppal, Hyderabad",Vinod Seshan,14.0,2023-04-18,,A Bengeri,Mumbai Indians,Hyderabad,6,,25.0,Shakti Singh,Mumbai Indians,,,male,Sunrisers Hyderabad,,Sunrisers Hyderabad,field,,VK Sharma,2023,Nitin Menon,Indian Premier League,,C Green,1359499
"Sawai Mansingh Stadium, Jaipur",YC Barde,10.0,2023-04-19,,PM Joshi,Lucknow Super Giants,Jaipur,6,,26.0,R Seth,Lucknow Super Giants,,,male,Rajasthan Royals,,Rajasthan Royals,field,,BNJ Oxenford,2023,J Madanagopal,Indian Premier League,,MP Stoinis,1359500
"Punjab Cricket Association IS Bindra Stadium, Mohali, Chandigarh",GR Sadashiv Iyer,24.0,2023-04-20,,M Kuppuraj,Royal Challengers Bengaluru,Chandigarh,6,,27.0,Prakash Bhatt,Royal Challengers Bengaluru,,,male,Punjab Kings,,Punjab Kings,field,,CB Gaffaney,2023,AK Chaudhary,Indian Premier League,,Mohammed Siraj,1359501
"Arun Jaitley Stadium, Delhi",R Pandit,,2023-04-20,,Abhijit Bhattacharya,Delhi Capitals,Delhi,6,,28.0,Amit Sharma,Kolkata Knight Riders,,,male,Delhi Capitals,4.0,Delhi Capitals,field,,KN Ananthapadmanabhan,2023,MA Gough,Indian Premier League,,I Sharma,1359502
"MA Chidambaram Stadium, Chepauk, Chennai",VK Sharma,,2023-04-21,,A Bengeri,Chennai Super Kings,Chennai,6,,29.0,Shakti Singh,Sunrisers Hyderabad,,,male,Chennai Super Kings,7.0,Chennai Super Kings,field,,Nitin Menon,2023,HAS Khalid,Indian Premier League,,RA Jadeja,1359503
"Bharat Ratna Shri Atal Bihari Vajpayee Ekana Cricket Stadium, Lucknow",RJ Tucker,7.0,2023-04-22,,PM Joshi,Gujarat Titans,Lucknow,6,,30.0,R Seth,Gujarat Titans,,,male,Lucknow Super Giants,,Gujarat Titans,bat,,J Madanagopal,2023,A Totre,Indian Premier League,,MM Sharma,1359504
"Wankhede Stadium, Mumbai",GR Sadashiv Iyer,13.0,2023-04-22,,M Kuppuraj,Punjab Kings,Mumbai,6,,31.0,Prakash Bhatt,Punjab Kings,,,male,Mumbai Indians,,Mumbai Indians,field,,AK Chaudhary,2023,CB Gaffaney,Indian Premier League,,SM Curran,1359505
"Eden Gardens, Kolkata",Tapan Sharma,49.0,2023-04-23,,A Bengeri,Chennai Super Kings,Kolkata,6,,33.0,Shakti Singh,Chennai Super Kings,,,male,Kolkata Knight Riders,,Kolkata Knight Riders,field,,VK Sharma,2023,Nitin Menon,Indian Premier League,,AM Rahane,1359507
"M Chinnaswamy Stadium, Bengaluru",MV Saidharshan Kumar,7.0,2023-04-23,,Abhijit Bhattacharya,Royal Challengers Bengaluru,Bengaluru,6,,32.0,Amit Sharma,Royal Challengers Bengaluru,,,male,Rajasthan Royals,,Rajasthan Royals,field,,Navdeep Singh,2023,MA Gough,Indian Premier League,,GJ Maxwell,1359506
"Rajiv Gandhi International Stadium, Uppal, Hyderabad",RJ Tucker,7.0,2023-04-24,,PM Joshi,Delhi Capitals,Hyderabad,6,,34.0,R Seth,Delhi Capitals,,,male,Sunrisers Hyderabad,,Delhi Capitals,bat,,UV Gandhe,2023,J Madanagopal,Indian Premier League,,AR Patel,1359508
"Narendra Modi Stadium, Ahmedabad",A Nand Kishore,55.0,2023-04-25,,M Krishnadas,Gujarat Titans,Ahmedabad,6,,35.0,SA Satbhai,Gujarat Titans,,,male,Mumbai Indians,,Mumbai Indians,field,,CB Gaffaney,2023,AK Chaudhary,Indian Premier League,,A Manohar,1359509
"M Chinnaswamy Stadium, Bengaluru",R Pandit,21.0,2023-04-26,,Abhijit Bhattacharya,Kolkata Knight Riders,Bengaluru,6,,36.0,Amit Sharma,Kolkata Knight Riders,,,male,Royal Challengers Bengaluru,,Royal Challengers Bengaluru,field,,MA Gough,2023,KN Ananthapadmanabhan,Indian Premier League,,CV Varun,1359510
"Sawai Mansingh Stadium, Jaipur",YC Barde,32.0,2023-04-27,,Mohamad Rafi,Rajasthan Royals,Jaipur,6,,37.0,M Nayyar,Rajasthan Royals,,,male,Chennai Super Kings,,Rajasthan Royals,bat,,RJ Tucker,2023,A Totre,Indian Premier League,,YBK Jaiswal,1359511
"Punjab Cricket Association IS Bindra Stadium, Mohali, Chandigarh",Vinod Seshan,56.0,2023-04-28,,VM Dhokre,Lucknow Super Giants,Chandigarh,6,,38.0,Shakti Singh,Lucknow Super Giants,,,male,Punjab Kings,,Punjab Kings,field,,HAS Khalid,2023,Nitin Menon,Indian Premier League,,MP Stoinis,1359512
"Eden Gardens, Kolkata",GR Sadashiv Iyer,,2023-04-29,,M Krishnadas,Gujarat Titans,Kolkata,6,,39.0,SA Satbhai,Kolkata Knight Riders,,,male,Gujarat Titans,7.0,Gujarat Titans,field,,CB Gaffaney,2023,NA Patwardhan,Indian Premier League,,J Little,1359513
"Arun Jaitley Stadium, Delhi",Navdeep Singh,9.0,2023-04-29,,P Joshi,Sunrisers Hyderabad,Delhi,6,,40.0,V Narayan Kutty,Sunrisers Hyderabad,,,male,Delhi Capitals,,Sunrisers Hyderabad,bat,,MV Saidharshan Kumar,2023,MA Gough,Indian Premier League,,MR Marsh,1359514
"MA Chidambaram Stadium, Chepauk, Chennai",UV Gandhe,,2023-04-30,,Mohamad Rafi,Punjab Kings,Chennai,6,,41.0,M Nayyar,Chennai Super Kings,,,male,Punjab Kings,4.0,Chennai Super Kings,bat,,YC Barde,2023,RJ Tucker,Indian Premier League,,DP Conway,1359515
"Wankhede Stadium, Mumbai",VK Sharma,,2023-04-30,,VM Dhokre,Mumbai Indians,Mumbai,6,,42.0,J Srinath,Rajasthan Royals,,,male,Mumbai Indians,6.0,Rajasthan Royals,bat,,Tapan Sharma,2023,Vinod Seshan,Indian Premier League,,YBK Jaiswal,1359516
"Bharat Ratna Shri Atal Bihari Vajpayee Ekana Cricket Stadium, Lucknow",GR Sadashiv Iyer,18.0,2023-05-01,,M Krishnadas,Royal Challengers Bengaluru,Lucknow,6,,43.0,Prakash Bhatt,Royal Challengers Bengaluru,,,male,Lucknow Super Giants,,Royal Challengers Bengaluru,bat,,A Nand Kishore,2023,AK Chaudhary,Indian Premier League,,F du Plessis,1359517
"Narendra Modi Stadium, Ahmedabad",R Pandit,5.0,2023-05-02,,P Joshi,Delhi Capitals,Ahmedabad,6,,44.0,V Narayan Kutty,Delhi Capitals,,,male,Gujarat Titans,,Delhi Capitals,bat,,KN Ananthapadmanabhan,2023,MA Gough,Indian Premier League,,Mohammed Shami,1359518
"Punjab Cricket Association IS Bindra Stadium, Mohali, Chandigarh",RJ Tucker,,2023-05-03,,Mohamad Rafi,Mumbai Indians,Chandigarh,6,,46.0,SS Raul,Punjab Kings,,,male,Mumbai Indians,6.0,Mumbai Indians,field,,A Totre,2023,J Madanagopal,Indian Premier League,,Ishan Kishan,1359520
"Bharat Ratna Shri Atal Bihari Vajpayee Ekana Cricket Stadium, Lucknow",NA Patwardhan,,2023-05-03,,M Krishnadas,,Lucknow,6,no result,45.0,Prakash Bhatt,Lucknow Super Giants,,,male,Chennai Super Kings,,Chennai Super Kings,field,,CB Gaffaney,2023,AK Chaudhary,Indian Premier League,,,1359519
"Rajiv Gandhi International Stadium, Uppal, Hyderabad",MA Gough,5.0,2023-05-04,,P Joshi,Kolkata Knight Riders,Hyderabad,6,,47.0,V Narayan Kutty,Kolkata Knight Riders,,,male,Sunrisers Hyderabad,,Kolkata Knight Riders,bat,,MV Saidharshan Kumar,2023,KN Ananthapadmanabhan,Indian Premier League,,CV Varun,1359521
"Sawai Mansingh Stadium, Jaipur",VK Sharma,,2023-05-05,,VM Dhokre,Gujarat Titans,Jaipur,6,,48.0,J Srinath,Rajasthan Royals,,,male,Gujarat Titans,9.0,Rajasthan Royals,bat,,Nitin Menon,2023,HAS Khalid,Indian Premier League,,Rashid Khan,1359522
"MA Chidambaram Stadium, Chepauk, Chennai",Navdeep Singh,,2023-05-06,,P Joshi,Chennai Super Kings,Chennai,6,,49.0,V Narayan Kutty,Mumbai Indians,,,male,Chennai Super Kings,6.0,Chennai Super Kings,field,,KN Ananthapadmanabhan,2023,BNJ Oxenford,Indian Premier League,,M Pathirana,1359523
"Arun Jaitley Stadium, Delhi",YC Barde,,2023-05-06,,Mohamad Rafi,Delhi Capitals,Delhi,6,,50.0,M Nayyar,Royal Challengers Bengaluru,,,male,Delhi Capitals,7.0,Royal Challengers Bengaluru,bat,,J Madanagopal,2023,RJ Tucker,Indian Premier League,,PD Salt,1359524
"Narendra Modi Stadium, Ahmedabad",A Nand Kishore,56.0,2023-05-07,,M Krishnadas,Gujarat Titans,Ahmedabad,6,,51.0,Prakash Bhatt,Gujarat Titans,,,male,Lucknow Super Giants,,Lucknow Super Giants,field,,CB Gaffaney,2023,AK Chaudhary,Indian Premier League,,Shubman Gill,1359525
"Sawai Mansingh Stadium, Jaipur",Vinod Seshan,,2023-05-07,,VM Dhokre,Sunrisers Hyderabad,Jaipur,6,,52.0,J Srinath,Rajasthan Royals,,,male,Sunrisers Hyderabad,4.0,Rajasthan Royals,bat,,VK Sharma,2023,Nitin Menon,Indian Premier League,,GD Phillips,1359526
"Eden Gardens, Kolkata",J Madanagopal,,2023-05-08,,Mohamad Rafi,Kolkata Knight Riders,Kolkata,6,,53.0,SS Raul,Punjab Kings,,,male,Kolkata Knight Riders,5.0,Punjab Kings,bat,,UV Gandhe,2023,A Totre,Indian Premier League,,AD Russell,1359527
"Wankhede Stadium, Mumbai",VK Sharma,,2023-05-09,,VM Dhokre,Mumbai Indians,Mumbai,6,,54.0,RS Sodhi,Royal Challengers Bengaluru,,,male,Mumbai Indians,6.0,Mumbai Indians,field,,Nitin Menon,2023,HAS Khalid,Indian Premier League,,SA Yadav,1359528
"MA Chidambaram Stadium, Chepauk, Chennai",NA Patwardhan,27.0,2023-05-10,,M Krishnadas,Chennai Super Kings,Chennai,6,,55.0,Sanjay Verma,Chennai Super Kings,,,male,Delhi Capitals,,Chennai Super Kings,bat,,AK Chaudhary,2023,CB Gaffaney,Indian Premier League,,RA Jadeja,1359529
"Eden Gardens, Kolkata",MV Saidharshan Kumar,,2023-05-11,,P Joshi,Rajasthan Royals,Kolkata,6,,56.0,P Dharmani,Kolkata Knight Riders,,,male,Rajasthan Royals,9.0,Rajasthan Royals,field,,R Pandit,2023,RJ Tucker,Indian Premier League,,YBK Jaiswal,1359530
"Wankhede Stadium, Mumbai",Tapan Sharma,27.0,2023-05-12,,VM Dhokre,Mumbai Indians,Mumbai,6,,57.0,RS Sodhi,Mumbai Indians,,,male,Gujarat Titans,,Gujarat Titans,field,,Vinod Seshan,2023,Nitin Menon,Indian Premier League,,SA Yadav,1359531
"Arun Jaitley Stadium, Delhi",NA Patwardhan,31.0,2023-05-13,,M Krishnadas,Punjab Kings,Delhi,6,,59.0,Sanjay Verma,Punjab Kings,,,male,Delhi Capitals,,Delhi Capitals,field,,GR Sadashiv Iyer,2023,CB Gaffaney,Indian Premier League,,P Simran Singh,1359533
"Rajiv Gandhi International Stadium, Uppal, Hyderabad",J Madanagopal,,2023-05-13,,Mohamad Rafi,Lucknow Super Giants,Hyderabad,6,,58.0,P Dharmani,Sunrisers Hyderabad,,,male,Lucknow Super Giants,7.0,Sunrisers Hyderabad,bat,,YC Barde,2023,A Totre,Indian Premier League,,PN Mankad,1359532
"Sawai Mansingh Stadium, Jaipur",Navdeep Singh,112.0,2023-05-14,,P Joshi,Royal Challengers Bengaluru,Jaipur,6,,60.0,V Narayan Kutty,Royal Challengers Bengaluru,,,male,Rajasthan Royals,,Royal Challengers Bengaluru,bat,,RJ Tucker,2023,KN Ananthapadmanabhan,Indian Premier League,,WD Parnell,1359534
"MA Chidambaram Stadium, Chepauk, Chennai",Vinod Seshan,,2023-05-14,,VM Dhokre,Kolkata Knight Riders,Chennai,6,,61.0,J Srinath,Chennai Super Kings,,,male,Kolkata Knight Riders,6.0,Chennai Super Kings,bat,,Nitin Menon,2023,Tapan Sharma,Indian Premier League,,RK Singh,1359535
"Narendra Modi Stadium, Ahmedabad",UV Gandhe,34.0,2023-05-15,,Mohamad Rafi,Gujarat Titans,Ahmedabad,6,,62.0,M Nayyar,Gujarat Titans,,,male,Sunrisers Hyderabad,,Sunrisers Hyderabad,field,,A Totre,2023,J Madanagopal,Indian Premier League,,Shubman Gill,1359536
"Bharat Ratna Shri Atal Bihari Vajpayee Ekana Cricket Stadium, Lucknow",A Nand Kishore,5.0,2023-05-16,,M Krishnadas,Lucknow Super Giants,Lucknow,6,,63.0,Sanjay Verma,Lucknow Super Giants,,,male,Mumbai Indians,,Mumbai Indians,field,,CB Gaffaney,2023,AK Chaudhary,Indian Premier League,,MP Stoinis,1359537
"Himachal Pradesh Cricket Association Stadium, Dharamsala",MV Saidharshan Kumar,15.0,2023-05-17,,P Joshi,Delhi Capitals,Dharamsala,6,,64.0,P Dharmani,Delhi Capitals,,,male,Punjab Kings,,Punjab Kings,field,,RJ Tucker,2023,KN Ananthapadmanabhan,Indian Premier League,,RR Rossouw,1359538
"Rajiv Gandhi International Stadium, Uppal, Hyderabad",VK Sharma,,2023-05-18,,VM Dhokre,Royal Challengers Bengaluru,Hyderabad,6,,65.0,J Srinath,Sunrisers Hyderabad,,,male,Royal Challengers Bengaluru,8.0,Royal Challengers Bengaluru,field,,HAS Khalid,2023,BNJ Oxenford,Indian Premier League,,V Kohli,1359539
"Himachal Pradesh Cricket Association Stadium, Dharamsala",RJ Tucker,,2023-05-19,,P Joshi,Rajasthan Royals,Dharamsala,6,,66.0,P Dharmani,Punjab Kings,,,male,Rajasthan Royals,4.0,Rajasthan Royals,field,,Navdeep Singh,2023,A Nand Kishore,Indian Premier League,,D Padikkal,1359540
"Arun Jaitley Stadium, Delhi",NA Patwardhan,77.0,2023-05-20,,M Krishnadas,Chennai Super Kings,Delhi,6,,67.0,Sanjay Verma,Chennai Super Kings,,,male,Delhi Capitals,,Chennai Super Kings,bat,,AK Chaudhary,2023,CB Gaffaney,Indian Premier League,,RD Gaikwad,1359541
"Eden Gardens, Kolkata",UV Gandhe,1.0,2023-05-20,,Mohamad Rafi,Lucknow Super Giants,Kolkata,6,,68.0,M Nayyar,Lucknow Super Giants,,,male,Kolkata Knight Riders,,Kolkata Knight Riders,field,,YC Barde,2023,J Madanagopal,Indian Premier League,,N Pooran,1359542
"Wankhede Stadium, Mumbai",RJ Tucker,,2023-05-21,,P Joshi,Mumbai Indians,Mumbai,6,,69.0,P Dharmani,Sunrisers Hyderabad,,,male,Mumbai Indians,8.0,Mumbai Indians,field,,R Pandit,2023,KN Ananthapadmanabhan,Indian Premier League,,C Green,1359543
"M Chinnaswamy Stadium, Bengaluru",VK Sharma,,2023-05-21,,VM Dhokre,Gujarat Titans,Bengaluru,6,,70.0,J Srinath,Royal Challengers Bengaluru,,,male,Gujarat Titans,6.0,Gujarat Titans,field,,Tapan Sharma,2023,Nitin Menon,Indian Premier League,,Shubman Gill,1359544
"MA Chidambaram Stadium, Chepauk, Chennai",CB Gaffaney,15.0,2023-05-23,,VK Sharma,Chennai Super Kings,Chennai,6,,,M Nayyar,Chennai Super Kings,,,male,Gujarat Titans,,Gujarat Titans,field,,BNJ Oxenford,2023,AK Chaudhary,Indian Premier League,,RD Gaikwad,1370350
"MA Chidambaram Stadium, Chepauk, Chennai",VK Sharma,81.0,2023-05-24,,AK Chaudhary,Mumbai Indians,Chennai,6,,,V Narayan Kutty,Mumbai Indians,,,male,Lucknow Super Giants,,Mumbai Indians,bat,,CB Gaffaney,2023,BNJ Oxenford,Indian Premier League,,Akash Madhwal,1370351
"Narendra Modi Stadium, Ahmedabad",RJ Tucker,62.0,2023-05-26,,KN Ananthapadmanabhan,Gujarat Titans,Ahmedabad,6,,,J Srinath,Gujarat Titans,,,male,Mumbai Indians,,Mumbai Indians,field,,J Madanagopal,2023,Nitin Menon,Indian Premier League,,Shubman Gill,1370352
"Narendra Modi Stadium, Ahmedabad",RJ Tucker,,2023-05-29,,J Madanagopal,Chennai Super Kings,Ahmedabad,6,,,J Srinath,Gujarat Titans,,,male,Chennai Super Kings,5.0,Chennai Super Kings,field,,KN Ananthapadmanabhan,2023,Nitin Menon,Indian Premier League,,DP Conway,1370353
